{"type":"FeatureCollection","features":[{"type":"Feature","properties":{"key":"ANAU#dom"},"geometry":{"type":"MultiPolygon","coordinates":[[[[160,3.5],[160,-4.8333],[166.75,-10.5],[166.875,-11.8],[170,-10],[170,3.5],[160,3.5]]]]}},{"type":"Feature","properties":{"key":"AYPM#dom"},"geometry":{"type":"MultiPolygon","coordinates":[[[[141,0],[160,0],[160,-4.8333],[159,-4.8333],[156.0367,-6.55],[156.04,-6.6633],[155.9233,-6.8467],[155.6933,-6.9267],[155.5933,-6.9267],[155,-7.3167],[155,-12],[148.5733,-12],[144,-12],[144.0722,-11.725],[144.0267,-11.5],[144.0253,-11.4931],[144.0519,-11.2528],[144.0606,-11.2369],[144.0725,-11.1853],[144.0642,-11.1103],[144.0425,-11.04],[144.0333,-10.9833],[144.0128,-10.8681],[143.9997,-10.7781],[143.9694,-10.6872],[143.9267,-10.5825],[143.9114,-10.5194],[143.9067,-10.4439],[143.9236,-10.3789],[143.9125,-10.2975],[143.9531,-10.1472],[143.9811,-10.0875],[144.0892,-9.9428],[144.2333,-9.4],[143.875,-9.1333],[142.805,-9.3233],[142.7317,-9.3383],[142.695,-9.34],[142.5917,-9.3567],[142.5583,-9.3767],[142.525,-9.3633],[142.495,-9.3683],[142.345,-9.2683],[142.2733,-9.2317],[142.235,-9.1933],[142.215,-9.19],[142.1717,-9.2],[142.1433,-9.1983],[142.1067,-9.2133],[142.0583,-9.2617],[141.0333,-9.6167],[141.0183,-6.8928],[140.8983,-6.8422],[140.8703,-6.6042],[140.9306,-6.4678],[141,-6.3167],[141,0]]]]}},{"type":"Feature","properties":{"key":"BGGL#dom"},"geometry":{"type":"MultiPolygon","coordinates":[[[[30,82],[0,82],[-0.0003,73.0009],[0,73],[-20,73],[-20,70],[-30,66.75],[-43,58.5],[-50,58.5],[-55.6667,63.5],[-57.75,65],[-64,70.5],[-76,76],[-75,78],[-60,82],[-60,90],[0,90],[30,90],[30,82]]]]}},{"type":"Feature","properties":{"key":"BIRD#dom"},"geometry":{"type":"MultiPolygon","coordinates":[[[[-30,66.75],[-31,66.9539],[-40,68.25],[-50,70.25],[-64,70.5],[-57.75,65],[-55.6667,63.5],[-39,63.5],[-30,61],[-10,61],[-10,60.6667],[-7,61],[-5.5,61],[0,61],[0,61.5286],[0,63.25],[0,65.75],[-10,66.75],[-11,66.75],[-15.1767,66.75],[-22.9716,66.75],[-26,66.75],[-30,66.75]]]]}},{"type":"Feature","properties":{"key":"BIRD-N#dom"},"geometry":{"type":"MultiPolygon","coordinates":[[[[30,82],[0,82],[-0.0003,73.0009],[0,73],[0,65.75],[-10,66.75],[-11,66.75],[-15.1767,66.75],[-30,66.75],[-31,66.9539],[-40,68.25],[-50,70.25],[-64,70.5],[-76,76],[-75,78],[-60,82],[-60,90],[0,90],[30,90],[30,82]]]]}},{"type":"Feature","properties":{"key":"BIRD-S#dom"},"geometry":{"type":"MultiPolygon","coordinates":[[[[-30,61],[-30,66.75],[-26,66.75],[-22.9716,66.75],[-15.1767,66.75],[-14,66],[-11.8822,63.8233],[-10,61],[-30,61]]]]}},{"type":"Feature","properties":{"key":"BIRD-W#dom"},"geometry":{"type":"MultiPolygon","coordinates":[[[[-30,61],[-30,66.75],[-31,66.9539],[-40,68.25],[-50,70.25],[-64,70.5],[-57.75,65],[-55.6667,63.5],[-39,63.5],[-30,61]]]]}},{"type":"Feature","properties":{"key":"CZEG#dom"},"geometry":{"type":"MultiPolygon","coordinates":[[[[-110,49],[-114.6667,49],[-115.4997,49],[-116.8172,49.0062],[-117.35,50.3097],[-116.29,50.5309],[-119,53.4],[-123.25,56],[-132.0833,57],[-135.0333,59.5667],[-139.1833,60.35],[-141,62],[-141,90],[-60,90],[-60,82],[-75,78],[-76,76],[-64,70.5],[-57.75,65],[-60,65],[-68,65],[-80,62.75],[-80,53.4667],[-85.2081,50.2333],[-85.6831,50.3733],[-89.3333,51.3333],[-93,52],[-95,52.3333],[-99.1167,52.7833],[-101,52.45],[-102,53],[-107.6572,55.2075],[-108.4167,54.7667],[-108.6917,54.7672],[-108.6278,54.6519],[-108.5922,54.5269],[-108.5811,54.3992],[-108.5964,54.2736],[-108.6431,54.1483],[-108.7158,54.0292],[-108.8133,53.9136],[-108.9369,53.8067],[-109.0797,53.7092],[-109.2417,53.6239],[-109.4217,53.5511],[-109.6181,53.4925],[-109.8239,53.4483],[-110.0014,53.4256],[-110,49]]]]}},{"type":"Feature","properties":{"key":"CZQM#dom"},"geometry":{"type":"MultiPolygon","coordinates":[[[[-55.75,43.5833],[-57.8681,43.0722],[-61.2017,42.3817],[-67,41.6167],[-67,44.9333],[-67.775,45.625],[-67.8069,45.7833],[-67.5833,45.825],[-67.2167,46.1431],[-67.2167,46.2],[-67.3,46.5361],[-67.2492,46.5725],[-67.2033,46.6119],[-67.1703,46.6453],[-67.1275,46.6983],[-67.0978,46.7444],[-67.0742,46.7922],[-67.0567,46.8414],[-67.0456,46.8914],[-67.0406,46.9417],[-67.0422,46.9922],[-67.0503,47.0425],[-67.0647,47.0919],[-67.0853,47.1406],[-67.1122,47.1875],[-67.145,47.2328],[-67.1836,47.2758],[-67.2278,47.3167],[-67.2769,47.3544],[-67.3306,47.3894],[-67.3889,47.4208],[-67.4508,47.4486],[-67.5164,47.4728],[-67.5847,47.4928],[-67.6556,47.5086],[-67.7281,47.5203],[-67.8019,47.5275],[-67.8764,47.5303],[-67.9508,47.5286],[-68.025,47.5228],[-68.0978,47.5122],[-68.1692,47.4975],[-68.2383,47.4783],[-68.3044,47.4553],[-68.3675,47.4283],[-68.4267,47.3978],[-68.4819,47.3639],[-68.5322,47.3267],[-68.5667,47.2875],[-69,47.3903],[-69,48],[-69.3292,48.1611],[-69.5,48.8889],[-68.6667,49.1875],[-68.6667,51],[-64.305,52.1764],[-61.9183,52.82],[-59.7569,51.5044],[-58.9786,50.5217],[-57.7036,48.7225],[-56.4736,45.6119],[-56.0517,44.4467],[-55.75,43.5833]]],[[[-55,53.8],[-54,53],[-50,51],[-50,44.5],[-54.8606,43.8333],[-55.75,43.5833],[-56.0517,44.4467],[-56.4736,45.6119],[-57.7036,48.7225],[-58.9786,50.5217],[-59.7569,51.5044],[-61.9183,52.82],[-64.305,52.1764],[-68.6667,51],[-68.6667,53.5333],[-66.7333,55.3333],[-65.25,56.5833],[-64,57.55],[-63,58.5],[-63,61],[-63,64],[-60,65],[-57.75,65],[-55.6667,63.5],[-55,63.5],[-55,53.8]]]]}},{"type":"Feature","properties":{"key":"CZQO#dom"},"geometry":{"type":"MultiPolygon","coordinates":[[[[-30,45],[-40,45],[-40,44.5],[-50,44.5],[-50,51],[-54,53],[-55,53.8],[-59,57],[-60.3511,58.4711],[-63,61],[-63,64],[-60,65],[-57.75,65],[-55.6667,63.5],[-39,63.5],[-30,61],[-30,45]]]]}},{"type":"Feature","properties":{"key":"CZQO-GOTA#dom"},"geometry":{"type":"MultiPolygon","coordinates":[[[[-55,53.8],[-59,57],[-60.3511,58.4711],[-63,61],[-63,64],[-60,65],[-57.75,65],[-55.6667,63.5],[-55,63.5],[-55,53.8]]]]}},{"type":"Feature","properties":{"key":"CZQX#dom"},"geometry":{"type":"MultiPolygon","coordinates":[[[[-55,53.8],[-54,53],[-50,51],[-50,44.5],[-54.8606,43.8333],[-55.75,43.5833],[-56.0517,44.4467],[-56.4736,45.6119],[-62,48.5],[-61,49.3],[-61,49.5333],[-62.0833,50.8333],[-64,51.4167],[-64.305,52.1764],[-68.6667,51],[-68.6667,53.5333],[-66.7333,55.3333],[-65.25,56.5833],[-64,57.55],[-63,58.5],[-63,61],[-63,64],[-60,65],[-57.75,65],[-55.6667,63.5],[-55,63.5],[-55,53.8]]],[[[-55.75,43.5833],[-57.8681,43.0722],[-61.2017,42.3817],[-67,41.6167],[-67,44.9333],[-67.775,45.625],[-67.8069,45.7833],[-67.5833,45.825],[-67.2167,46.1431],[-67.2167,46.2],[-67.3,46.5361],[-67.2492,46.5725],[-67.2033,46.6119],[-67.1703,46.6453],[-67.1275,46.6983],[-67.0978,46.7444],[-67.0742,46.7922],[-67.0567,46.8414],[-67.0456,46.8914],[-67.0406,46.9417],[-67.0422,46.9922],[-67.0503,47.0425],[-67.0647,47.0919],[-67.0853,47.1406],[-67.1122,47.1875],[-67.145,47.2328],[-67.1836,47.2758],[-67.2278,47.3167],[-67.2769,47.3544],[-67.3306,47.3894],[-67.3889,47.4208],[-67.4508,47.4486],[-67.5164,47.4728],[-67.5847,47.4928],[-67.6556,47.5086],[-67.7281,47.5203],[-67.8019,47.5275],[-67.8764,47.5303],[-67.9508,47.5286],[-68.025,47.5228],[-68.0978,47.5122],[-68.1692,47.4975],[-68.2383,47.4783],[-68.3044,47.4553],[-68.3675,47.4283],[-68.4267,47.3978],[-68.4819,47.3639],[-68.5322,47.3267],[-68.5667,47.2875],[-69,47.3903],[-69,48],[-69.3292,48.1611],[-69.5,48.8889],[-68.6667,49.1875],[-68.6667,51],[-64.305,52.1764],[-64,51.4167],[-62.0833,50.8333],[-61,49.5333],[-61,49.3],[-62,48.5],[-56.4736,45.6119],[-56.0517,44.4467],[-55.75,43.5833]]]]}},{"type":"Feature","properties":{"key":"CZUL#dom"},"geometry":{"type":"MultiPolygon","coordinates":[[[[-77.7856,44.7],[-78.1861,45.1506],[-78.0642,45.4581],[-77.9611,45.7181],[-77.8528,45.8583],[-77.4292,46.1125],[-77.25,46.1333],[-77.25,46.4367],[-78.1781,46.9833],[-79.7811,47.3983],[-80.8014,47.6481],[-82.4617,48.0942],[-85.3367,48.7919],[-84.1833,49.9167],[-85.2081,50.2333],[-80,53.4667],[-80,62.75],[-68,65],[-60,65],[-63,64],[-63,61],[-60.3511,58.4711],[-64,57.55],[-64,55.3556],[-65.0833,55.0833],[-65.3333,54.4167],[-64.9167,53.7],[-64.305,52.1764],[-64,51.4167],[-62.0833,50.8333],[-60,50.8333],[-59.5,51.3333],[-59.5,51.6333],[-58.1428,52.1964],[-57,51.735],[-57,51.2833],[-58,51],[-61,49.5333],[-61,49.3],[-62,48.5],[-64.6222,47.8483],[-65.9407,48],[-65.9572,48.0903],[-65.9897,48.1561],[-66.0431,48.2147],[-66.1172,48.2664],[-66.2189,48.3097],[-66.3575,48.3386],[-66.5033,48.3408],[-66.6419,48.3133],[-66.7594,48.2678],[-66.8411,48.2119],[-66.8856,48.1617],[-66.9233,48.0964],[-66.9406,48.0133],[-66.9228,47.9275],[-66.8963,47.8834],[-67.95,47.7333],[-68.025,47.5228],[-68.0978,47.5122],[-68.1692,47.4975],[-68.2383,47.4783],[-68.3044,47.4553],[-68.3675,47.4283],[-68.4267,47.3978],[-68.4819,47.3639],[-68.5322,47.3267],[-68.5667,47.2875],[-69,47.3903],[-69.2167,47.45],[-70,46.75],[-70.0583,46.4167],[-70.2083,46.3083],[-70.25,45.9083],[-70.5028,45.6861],[-71,45.3167],[-71.3361,45.2833],[-71.4833,45.0167],[-74.25,45],[-74.5667,45.1833],[-74.7844,45.1431],[-74.9667,45.0692],[-74.8833,44.9667],[-75.75,44.8167],[-75.7,44.6667],[-75.5,44.7167],[-75.7667,44.5125],[-75.8167,44.4458],[-75.95,44.3472],[-76,44.35],[-76.0667,44.3222],[-76.1333,44.2917],[-76.1833,44.2333],[-76.2333,44.2042],[-76.2833,44.2042],[-76.3333,44.1667],[-76.4167,44.1042],[-76.7917,43.6333],[-77.1767,43.6322],[-77.6542,44.4697],[-77.7856,44.7]]]]}},{"type":"Feature","properties":{"key":"CZVR#dom"},"geometry":{"type":"MultiPolygon","coordinates":[[[[-115.4997,49],[-123.3333,49],[-123.0083,48.8333],[-123.0083,48.7667],[-123.2667,48.7],[-123.1667,48.4583],[-123.1167,48.425],[-123.2583,48.2833],[-123.55,48.2333],[-124.75,48.5],[-125,48.5],[-128,48.3333],[-127.925,48.1667],[-130.5,47.5],[-131.1667,47.5833],[-137,53.3675],[-136,54],[-135.45,54.1083],[-134,54.1083],[-132.8333,54.5833],[-131.8,54.4917],[-132.0833,57],[-123.25,56],[-119,53.4],[-116.0847,50.3264],[-115.8719,50.3678],[-115.6536,50.3625],[-115.4531,50.3108],[-115.2886,50.2186],[-115.1842,50.0972],[-115.1472,49.9625],[-115.1375,49.5],[-115.4997,49]]]]}},{"type":"Feature","properties":{"key":"CZWG#dom"},"geometry":{"type":"MultiPolygon","coordinates":[[[[-87,47.0833],[-88.775,47.9083],[-90.1,48.1083],[-93.5,49],[-95.1667,49],[-103.1667,49],[-110,49],[-110.0014,53.4256],[-109.8239,53.4483],[-109.6181,53.4925],[-109.4217,53.5511],[-109.2417,53.6239],[-109.0797,53.7092],[-108.9369,53.8067],[-108.8133,53.9136],[-108.7158,54.0292],[-108.6431,54.1483],[-108.5964,54.2736],[-108.5811,54.3992],[-108.5922,54.5269],[-108.6278,54.6519],[-108.6917,54.7672],[-108.4167,54.7667],[-107.6572,55.2075],[-80,64.4083],[-80,53.4667],[-84.1833,49.9167],[-85.3367,48.7919],[-87,47.0833]]]]}},{"type":"Feature","properties":{"key":"CZYZ#dom"},"geometry":{"type":"MultiPolygon","coordinates":[[[[-76.1833,44.2333],[-76.2333,44.2042],[-76.2833,44.2042],[-76.3333,44.1667],[-76.4167,44.1042],[-76.7917,43.6333],[-77.1767,43.6322],[-78.6778,43.6333],[-78.75,43.6],[-78.75,43.4333],[-79.0244,43.1978],[-79.0583,42.95],[-79.8444,42.8361],[-80.8958,42.7792],[-81.2208,42.7417],[-81.9708,42.8292],[-82.4667,42.8708],[-82.4167,43],[-82.125,43.6167],[-82.1694,43.8553],[-82.5,45.3333],[-83.5,45.7833],[-84.1333,45.7833],[-84.3158,45.8675],[-84.8833,46.1167],[-85,46.3833],[-85,46.5333],[-85.6333,46.75],[-87,47.0833],[-85.3367,48.7919],[-84.1833,49.9167],[-80,53.4667],[-79,49],[-78.9999,48.5871],[-79.0502,48.5758],[-79.1432,48.558],[-79.2252,48.5367],[-79.2733,48.519],[-79.3508,48.4763],[-79.4033,48.4412],[-79.4678,48.3882],[-79.5013,48.3427],[-79.5255,48.3002],[-79.5562,48.191],[-79.5553,48.134],[-79.5425,48.0878],[-79.5213,48.025],[-79.4733,47.9585],[-79.4175,47.9042],[-79.3405,47.8547],[-79.2685,47.8187],[-79.1562,47.7837],[-79.0232,47.7558],[-78.9045,47.7537],[-78.801,47.7582],[-78.7057,47.784],[-78.6355,47.804],[-78.5653,47.84],[-77.5333,47.1],[-77.25,46.9472],[-77.25,46.1333],[-76.9278,45.9611],[-76.2667,45.8375],[-76.1833,44.2333]]]]}},{"type":"Feature","properties":{"key":"CZZV#dom"},"geometry":{"type":"MultiPolygon","coordinates":[[[[-64.6222,47.8483],[-65.0103,47.4003],[-67.0853,47.1406],[-67.1122,47.1875],[-67.145,47.2328],[-67.1836,47.2758],[-67.2278,47.3167],[-67.2769,47.3544],[-67.3306,47.3894],[-67.3889,47.4208],[-67.4508,47.4486],[-67.5164,47.4728],[-67.5847,47.4928],[-67.6556,47.5086],[-67.7281,47.5203],[-67.8019,47.5275],[-67.8764,47.5303],[-67.9508,47.5286],[-68.025,47.5228],[-68.0978,47.5122],[-68.1692,47.4975],[-68.2383,47.4783],[-68.3044,47.4553],[-68.3675,47.4283],[-68.4267,47.3978],[-68.4819,47.3639],[-68.5322,47.3267],[-68.5667,47.2875],[-69,47.3903],[-69,48],[-69.3292,48.1611],[-69.5,48.8889],[-68.6667,49.1875],[-68.6667,51],[-64.305,52.1764],[-61.9183,52.82],[-59.7569,51.5044],[-58.9786,50.5217],[-61,49.5333],[-61,49.3],[-62,48.5],[-64.6222,47.8483]]]]}},{"type":"Feature","properties":{"key":"EGGX#dom"},"geometry":{"type":"MultiPolygon","coordinates":[[[[-30,61],[-10,61],[-10,57],[-15,57],[-15,49],[-8,48.4936],[-8,45],[-30,45],[-30,61]]]]}},{"type":"Feature","properties":{"key":"GOOC#dom"},"geometry":{"type":"MultiPolygon","coordinates":[[[[-37.5,16.9992],[-21.3664,12.9661],[-16.9166,9],[-7.3331,0.0008],[-2.9994,-1.8489],[-3,-9.5333],[-10,-12],[-9.9997,-6.365],[-16,-6.3667],[-35,7.6667],[-37.5,13.5],[-37.5,16.9992]]]]}},{"type":"Feature","properties":{"key":"GVSC#dom"},"geometry":{"type":"MultiPolygon","coordinates":[[[[-25,24],[-19.9999,19.999],[-19.9999,14.9994],[-21.3664,12.9661],[-37.5,16.9992],[-25,24]]]]}},{"type":"Feature","properties":{"key":"KZAB#dom"},"geometry":{"type":"MultiPolygon","coordinates":[[[[-111.8417,35.7667],[-110.2333,35.7],[-108.2167,36.0333],[-107.4667,36.2],[-106.0833,36.7167],[-105,36.7167],[-102.55,37.5],[-101.75,36.5],[-100,35.8292],[-100,35.3333],[-100.3167,34.8667],[-100.75,34.4667],[-102,34.6],[-102.325,34.55],[-102.8,34.3167],[-103.3667,33.775],[-103.6917,33.4028],[-103.8,33.3833],[-103.8,33],[-103.9333,32.4667],[-103.8,32.0333],[-103.3333,31.65],[-102.15,31.2833],[-102.5583,29.7667],[-102.7583,29.7417],[-102.825,29.4],[-102.8833,29.3583],[-102.8833,29.2083],[-102.9833,29.1833],[-103.1833,28.9167],[-103.45,29.0667],[-103.55,29.15],[-103.6833,29.1833],[-103.7833,29.2667],[-104,29.3167],[-104.15,29.4],[-104.2167,29.4833],[-104.35,29.5333],[-104.5167,29.65],[-104.7,30],[-104.6833,30.15],[-104.8333,30.3667],[-104.9833,30.6833],[-105.3167,30.8333],[-105.55,31],[-106,31.3833],[-106.2,31.4667],[-106.3833,31.7333],[-106.5,31.75],[-106.5333,31.7833],[-107.388,31.7832],[-108.2167,31.7833],[-108.2167,31.35],[-108.2167,31.3333],[-108.5,31.3333],[-111.1,31.3333],[-113.5083,32.1],[-113.6847,32.7375],[-114,32.6833],[-114,34.0333],[-114,34.1833],[-114,34.6667],[-113.6167,34.9167],[-112.6667,35.3833],[-112,35.4333],[-111.8417,35.7667]]]]}},{"type":"Feature","properties":{"key":"KZAK#ocn"},"geometry":{"type":"MultiPolygon","coordinates":[[[[151,21],[165,29],[165,43],[162.9167,45.7],[180,49.6789],[180,3.5],[160,3.5],[160,0],[141,0],[141,3.5],[133,3.5],[130,7],[130,21],[151,21]],[[143.7324,17.5694],[143.3758,17.4601],[143.0304,17.321],[142.6987,17.1532],[142.3834,16.9579],[142.0868,16.7366],[141.8111,16.491],[141.5585,16.223],[141.3309,15.9346],[141.13,15.6281],[140.9574,15.3056],[140.8143,14.9698],[140.7018,14.6231],[140.6209,14.2683],[140.5721,13.9079],[140.5558,13.5447],[140.5721,13.1816],[140.6209,12.8212],[140.7018,12.4663],[140.803,12.1196],[140.9574,11.7846],[141.13,11.4614],[141.3309,11.1547],[141.5585,10.8664],[141.8111,10.5984],[142.0868,10.3529],[142.3834,10.1316],[142.6922,9.9363],[143.0304,9.7684],[143.3758,9.6293],[143.7324,9.52],[144.0974,9.4414],[144.4681,9.3939],[144.8417,9.3781],[145.2152,9.3941],[145.5859,9.4414],[145.9509,9.52],[146.3105,9.6293],[146.653,9.7684],[146.9846,9.9363],[147.2999,10.1316],[147.5966,10.3529],[147.8722,10.5984],[148.1248,10.8664],[148.3524,11.1548],[148.5533,11.4614],[148.726,11.7838],[148.8691,12.1196],[148.9815,12.4663],[149.0624,12.8212],[149.1112,13.1816],[149.1275,13.5447],[149.0624,14.2683],[148.9815,14.6231],[148.8691,14.9698],[148.726,15.3056],[148.5533,15.6281],[148.3524,15.9346],[148.1248,16.223],[147.8722,16.491],[147.5966,16.7366],[147.2999,16.9579],[146.9846,17.1532],[146.653,17.321],[146.3075,17.4601],[145.9509,17.5694],[145.5859,17.6481],[145.2152,17.6955],[144.8417,17.7114],[144.4681,17.6956],[144.0974,17.6481],[143.7324,17.5694]]],[[[-151.75,56.75],[-137,53.3675],[-131.1667,47.5833],[-130.5,47.5],[-127.925,48.1667],[-126.5,45],[-126.9,40.9833],[-127,40.8329],[-127,39.99],[-127,37.5027],[-126.9308,36.4624],[-125.8332,35.4999],[-124.2015,35.993],[-123.25,34.5],[-125,34.1667],[-124.8692,33.8953],[-124.6728,33.4869],[-123.5467,31.1317],[-122.525,30],[-120.8333,30.75],[-120,30],[-120,3.5],[-145,3.5],[-155,-5],[-180,-5],[-180,3.5],[-180,49.6789],[-176.5667,50.1333],[-167.8167,51.4],[-163.6792,52.5997],[-160,53.5],[-153,56],[-151.75,56.75]],[[-164,24],[-164,20],[-160,17],[-156,17],[-153.85,19.1667],[-152.3333,18.75],[-150,20],[-151.0783,21.7333],[-151.565,22.5017],[-155.5892,26.0325],[-161.3333,26.2],[-164,24]]]]}},{"type":"Feature","properties":{"key":"KZAU#dom"},"geometry":{"type":"MultiPolygon","coordinates":[[[[-91.725,42.725],[-91.0833,43.3667],[-90.8292,43.6181],[-90.2917,44.1542],[-89.5875,44.1542],[-89.0761,44.225],[-88.7542,44.1594],[-88.4667,44.1],[-87.5417,43.9667],[-87.1694,43.6917],[-84.9636,43.5867],[-85,43.5],[-85,42],[-84.7667,41.8583],[-84.7167,41.2833],[-84.7,40.9583],[-84.7,40.9083],[-84.6833,40.775],[-84.6833,40.6667],[-85.525,40.3542],[-86.1,40],[-88.25,40],[-89.75,40],[-91.65,40.7833],[-91.7417,40.7639],[-93.4917,40.525],[-93.6,41.1667],[-93.5083,41.4333],[-93.4667,41.6667],[-93.05,42.6667],[-93,42.7833],[-91.725,42.725]]]]}},{"type":"Feature","properties":{"key":"KZBW#dom"},"geometry":{"type":"MultiPolygon","coordinates":[[[[-76.7917,43.6333],[-76.4167,44.1042],[-76.3333,44.1667],[-76.2833,44.2042],[-76.2333,44.2042],[-76.1833,44.2333],[-76.1333,44.2917],[-76.0667,44.3222],[-76,44.35],[-75.95,44.3472],[-75.8167,44.4458],[-75.7667,44.5125],[-75.5,44.7167],[-75.7,44.6667],[-75.75,44.8167],[-74.8833,44.9667],[-74.9667,45.0692],[-74.7844,45.1431],[-74.5667,45.1833],[-74.25,45],[-71.4833,45.0167],[-71.3361,45.2833],[-71,45.3167],[-70.5028,45.6861],[-70.25,45.9083],[-70.2083,46.3083],[-70.0583,46.4167],[-70,46.75],[-69.2167,47.45],[-69,47.3903],[-68.5667,47.2875],[-68.5322,47.3267],[-68.4819,47.3639],[-68.4267,47.3978],[-68.3675,47.4283],[-68.3044,47.4553],[-68.2383,47.4783],[-68.1692,47.4975],[-68.0978,47.5122],[-68.025,47.5228],[-67.9508,47.5286],[-67.8764,47.5303],[-67.8019,47.5275],[-67.7281,47.5203],[-67.6556,47.5086],[-67.5847,47.4928],[-67.5164,47.4728],[-67.4508,47.4486],[-67.3889,47.4208],[-67.3306,47.3894],[-67.2769,47.3544],[-67.2278,47.3167],[-67.1836,47.2758],[-67.145,47.2328],[-67.1122,47.1875],[-67.0853,47.1406],[-67.0647,47.0919],[-67.0503,47.0425],[-67.0422,46.9922],[-67.0406,46.9417],[-67.0456,46.8914],[-67.0567,46.8414],[-67.0742,46.7922],[-67.0978,46.7444],[-67.1275,46.6983],[-67.1703,46.6453],[-67.2033,46.6119],[-67.2492,46.5725],[-67.3,46.5361],[-67.2167,46.2],[-67.2167,46.1431],[-67.5833,45.825],[-67.8069,45.7833],[-67.775,45.625],[-67,44.9333],[-67,41.6167],[-69,41],[-69.3417,40.925],[-70.8794,40.5767],[-72.4994,40.0722],[-72.7814,40.1986],[-73.0083,39.9944],[-73.15,39.7333],[-73.1667,39.6833],[-73.7292,39.9333],[-73.6986,40.2389],[-73.6361,40.3319],[-73.5,40.5083],[-73.4417,40.5889],[-73.2917,40.8014],[-73.3614,40.8475],[-73.3778,40.8583],[-73.5514,41.1458],[-73.8783,41],[-73.8958,41.2583],[-74.025,41.3333],[-74.0583,41.3333],[-74.1833,41.4],[-74.3444,41.4833],[-74.4333,41.5278],[-74.6583,41.625],[-74.7667,41.7333],[-74.8083,41.7583],[-74.9083,41.8014],[-75.0583,41.8694],[-75.1478,41.9072],[-75.3417,41.9889],[-75.6167,42.1042],[-76.0167,42.2833],[-76.2333,42.3667],[-76.8028,42.6083],[-76.7139,42.7389],[-76.7083,42.775],[-76.675,42.8792],[-76.7639,43.0667],[-76.7917,43.6333]]]]}},{"type":"Feature","properties":{"key":"KZDC#dom"},"geometry":{"type":"MultiPolygon","coordinates":[[[[-80.4,39.1667],[-79.8944,39.1736],[-79.5431,39.3708],[-77.9333,39.85],[-77.8403,39.8556],[-77.6172,39.7722],[-77.3567,39.7817],[-77.3569,39.7464],[-77.3569,39.7222],[-77.3572,39.6981],[-77.2403,39.5811],[-77.2269,39.5689],[-77.2067,39.5481],[-77.1836,39.5208],[-77.1233,39.4653],[-77.1056,39.4464],[-76.9428,39.4067],[-76.8556,39.385],[-76.8153,39.3856],[-76.7214,39.3869],[-76.3472,39.3917],[-76.0403,39.5936],[-75.9639,39.6439],[-75.8947,39.6892],[-75.7733,39.7708],[-75.67,39.835],[-75.65,39.85],[-75.4694,39.9708],[-75.3417,40.0667],[-75.0278,40.0931],[-74.8894,40.1017],[-74.8706,40.1028],[-74.7833,40.1097],[-74.7639,40.0858],[-74.715,40.0211],[-74.6847,39.9833],[-74,40.1542],[-73.6986,40.2389],[-73.7292,39.9333],[-73.1667,39.6833],[-73.6583,39.0347],[-73.8611,38.7375],[-74,38.5369],[-74.6664,37.0817],[-74.5997,36.7878],[-74.9369,35.4969],[-75.19,35.3081],[-75.6839,34.6003],[-76.4811,33.4192],[-76.7794,32.9678],[-78.75,34.4444],[-79.3333,34.425],[-79.9167,34.85],[-80.1472,34.8556],[-80,35.1083],[-79.8042,35.3833],[-79.7444,36.0889],[-79.95,36.1542],[-80.6333,37.3319],[-80.7458,37.3042],[-80.8417,37.4667],[-80.7167,38.0417],[-80.5667,38.7667],[-80.4,39.1667]]]]}},{"type":"Feature","properties":{"key":"KZDV#dom"},"geometry":{"type":"MultiPolygon","coordinates":[[[[-103.1667,44.9583],[-101.4833,44.7],[-101.4083,43.7083],[-100.1,43.2889],[-99.0167,42],[-99.0583,39.9833],[-98.8,39.4667],[-102.55,37.5],[-105,36.7167],[-106.0833,36.7167],[-107.4667,36.2],[-108.2167,36.0333],[-110.2333,35.7],[-111.8417,35.7667],[-111.5042,36.4208],[-111.6083,36.7333],[-111.8792,37.4125],[-110.8833,37.8333],[-110.1569,38.1292],[-109.9833,38.2],[-109.9833,38.9333],[-109.9833,39.2167],[-110.3,39.5833],[-109.1667,40],[-109.1,40.85],[-108.275,41.3667],[-108,41.6083],[-107.05,42.4167],[-107.2833,43.8833],[-106.2667,44.3167],[-106,45.2375],[-104.25,45.1167],[-103.1667,44.9583]]]]}},{"type":"Feature","properties":{"key":"KZFW#dom"},"geometry":{"type":"MultiPolygon","coordinates":[[[[-100,35.8292],[-98.5,35.8167],[-98.0167,35.8833],[-97.8833,35.925],[-97.5833,35.4917],[-97.0833,35.4583],[-96.4042,35.65],[-96.05,35.8708],[-95.6125,36.0167],[-95,35.6542],[-95,35.3833],[-95,35.0667],[-94.7833,34.6917],[-94.5333,34.5333],[-93.5417,34.0333],[-93.1583,33.95],[-91.9,33.0042],[-91.6889,32.2833],[-92.2583,32.2833],[-93.3208,31.5583],[-94.2,31.5722],[-95.9833,31.4667],[-96.6833,31.2042],[-97.2,31.2],[-97.5125,31.2125],[-97.7125,31.375],[-97.7944,31.3903],[-99.4667,31.3833],[-100.55,30.9833],[-102.15,31.2833],[-103.3333,31.65],[-103.8,32.0333],[-103.9333,32.4667],[-103.8,33],[-103.8,33.3833],[-103.6917,33.4028],[-103.3667,33.775],[-102.8,34.3167],[-102.325,34.55],[-102,34.6],[-100.75,34.4667],[-100.3167,34.8667],[-100,35.3333],[-100,35.8292]]]]}},{"type":"Feature","properties":{"key":"KZHU#dom"},"geometry":{"type":"MultiPolygon","coordinates":[[[[-102.5583,29.7667],[-102.15,31.2833],[-100.55,30.9833],[-99.4667,31.3833],[-97.7944,31.3903],[-97.7125,31.375],[-97.5125,31.2125],[-97.2,31.2],[-96.6833,31.2042],[-95.9833,31.4667],[-94.2,31.5722],[-93.3208,31.5583],[-92.2583,32.2833],[-91.6889,32.2833],[-91.3083,31.9125],[-90.3458,31.65],[-89.85,31.6306],[-88.9,31.5472],[-88.325,31.5167],[-87.8167,31.5208],[-87.4,31.2806],[-87.6583,30.9583],[-87.6833,30.8458],[-87.7167,30.6917],[-87.8083,30.6833],[-87.9167,30.6333],[-87.9167,30.5167],[-88.025,30.2208],[-88,28.1417],[-87.6833,27.5],[-86,27],[-85.4083,26.6017],[-85.0883,26.2],[-84.9932,25.0335],[-84.9932,24],[-86,24],[-88,24.5],[-93,24.5],[-95.9167,26],[-96,26],[-97,26],[-97.4,25.8417],[-97.75,26.0333],[-98.05,26.05],[-98.2167,26.0667],[-98.65,26.2333],[-99.0667,26.4],[-99.1833,26.6667],[-99.3167,26.8833],[-99.45,27.0667],[-99.5167,27.3083],[-99.525,27.4917],[-99.7,27.65],[-99.8333,27.775],[-99.95,27.9833],[-100.1917,28.1833],[-100.4833,28.65],[-100.6333,28.9],[-100.75,29.1667],[-101,29.3667],[-101.25,29.5333],[-101.2917,29.5833],[-101.5167,29.7583],[-101.8,29.7833],[-102.05,29.7917],[-102.3167,29.875],[-102.4,29.7667],[-102.5583,29.7667]]]]}},{"type":"Feature","properties":{"key":"KZID#dom"},"geometry":{"type":"MultiPolygon","coordinates":[[[[-88.25,40],[-86.1,40],[-85.525,40.3542],[-84.6833,40.6667],[-84.6833,40.775],[-84.7,40.9083],[-83.7458,40.7833],[-83.65,40.7375],[-83.5,40.5583],[-83.3333,40.5083],[-81.7833,40.6],[-81.6333,40.2167],[-81.55,39.75],[-80.5,39.1667],[-80.4,39.1667],[-80.5667,38.7667],[-80.7167,38.0417],[-80.8417,37.4667],[-80.7458,37.3042],[-85.4,36.1833],[-85.5833,36.9],[-85.7458,37.0139],[-86.15,37.3],[-87.3972,37.275],[-88.3167,37.725],[-88.2333,38.15],[-88.0944,38.4853],[-88.1481,39.8683],[-88.1833,39.9042],[-88.25,40]]]]}},{"type":"Feature","properties":{"key":"KZJX#dom"},"geometry":{"type":"MultiPolygon","coordinates":[[[[-80.1156,29.025],[-80.7333,28.9],[-80.9861,28.7278],[-81.5,28.3458],[-81.7342,28.8642],[-81.8622,28.185],[-82.2046,28.0322],[-82.3833,27.95],[-82.9417,27.95],[-83.2083,28.1583],[-83.5167,28.4],[-83.5167,28.4],[-84.0153,28.55],[-84.5,28.1667],[-84.6158,28.0628],[-84.9444,28.0431],[-85.25,27.5],[-86,27],[-87.6833,27.5],[-88,28.1417],[-88.025,30.2208],[-87.9167,30.5167],[-87.9167,30.6333],[-87.8083,30.6833],[-87.7167,30.6917],[-87.6833,30.8458],[-87.6583,30.9583],[-87.4,31.2806],[-86.95,31.4917],[-85.5833,31.7625],[-85.3083,31.5333],[-84.1628,31.6755],[-84.1,31.6833],[-83.1125,31.6833],[-82.3333,32.1667],[-81.9333,32.5625],[-81.9002,32.6779],[-81.6075,33.6981],[-81.3333,34.3944],[-80.4689,34.7475],[-80.1472,34.8556],[-79.9167,34.85],[-79.3333,34.425],[-78.75,34.4444],[-76.7794,32.9678],[-77,32.2622],[-77,30],[-77.2167,30],[-77.9244,30.0722],[-78.6692,30.1442],[-79.2867,30.2003],[-79.9002,29.8213],[-80.1156,29.025]]]]}},{"type":"Feature","properties":{"key":"KZJX-A#dom"},"geometry":{"type":"MultiPolygon","coordinates":[[[[-79.9002,29.8213],[-79.9008,29.8222],[-79.6928,30.5814],[-81.34,30.5644],[-81.5583,30.8292],[-81.55,31.0722],[-81.5875,31.2833],[-81.5,31.4833],[-81.5,32.0333],[-81.4167,32.3833],[-81.9,32.6778],[-81.9002,32.6779],[-81.6075,33.6981],[-81.3333,34.3944],[-80.4689,34.7475],[-80.1472,34.8556],[-79.9167,34.85],[-79.3333,34.425],[-78.75,34.4444],[-76.7794,32.9678],[-77,32.2622],[-77,30],[-77.2167,30],[-77.9244,30.0722],[-78.6692,30.1442],[-79.2867,30.2003],[-79.9002,29.8213]]]]}},{"type":"Feature","properties":{"key":"KZJX-C#dom"},"geometry":{"type":"MultiPolygon","coordinates":[[[[-81.9002,32.6779],[-81.9,32.6778],[-81.4167,32.3833],[-81.5,32.0333],[-81.5,31.4833],[-81.5875,31.2833],[-81.55,31.0722],[-81.5583,30.8292],[-81.34,30.5644],[-79.6928,30.5814],[-79.9008,29.8222],[-79.9002,29.8213],[-80.1156,29.025],[-80.7333,28.9],[-80.9861,28.7278],[-81.5,28.3458],[-81.7342,28.8642],[-81.8622,28.185],[-82.2046,28.0322],[-82.3833,27.95],[-82.9417,27.95],[-83.2083,28.1583],[-83.5167,28.4],[-83.5167,28.4],[-83.5167,28.9333],[-82.9,29.1833],[-82.8667,29.55],[-82.9,29.6667],[-83.2208,30.4042],[-83.5728,30.3706],[-83.825,30.7111],[-84.1625,31.675],[-84.1628,31.6755],[-84.1,31.6833],[-83.1125,31.6833],[-82.3333,32.1667],[-81.9333,32.5625],[-81.9002,32.6779]]]]}},{"type":"Feature","properties":{"key":"KZJX-P#dom"},"geometry":{"type":"MultiPolygon","coordinates":[[[[-84.1628,31.6755],[-84.1625,31.675],[-83.825,30.7111],[-83.5728,30.3706],[-83.2208,30.4042],[-82.9,29.6667],[-82.8667,29.55],[-82.9,29.1833],[-83.5167,28.9333],[-83.5167,28.4],[-83.5167,28.4],[-83.5167,28.4],[-84.0153,28.55],[-84.5,28.1667],[-84.6158,28.0628],[-84.9444,28.0431],[-85.25,27.5],[-86,27],[-87.6833,27.5],[-88,28.1417],[-88.025,30.2208],[-87.9167,30.5167],[-87.9167,30.6333],[-87.8083,30.6833],[-87.7167,30.6917],[-87.6833,30.8458],[-87.6583,30.9583],[-87.4,31.2806],[-86.95,31.4917],[-85.5833,31.7625],[-85.3083,31.5333],[-84.1628,31.6755]]]]}},{"type":"Feature","properties":{"key":"KZKC#dom"},"geometry":{"type":"MultiPolygon","coordinates":[[[[-98.8,39.4667],[-93.9081,40.442],[-93.4917,40.525],[-91.7417,40.7639],[-91.65,40.7833],[-89.75,40],[-88.25,40],[-88.1833,39.9042],[-88.1481,39.8683],[-88.0944,38.4853],[-88.2333,38.15],[-88.3167,37.725],[-88.8333,37.5333],[-90.5667,37.15],[-93.25,36.725],[-94.4083,36.4917],[-94.6833,36.4333],[-95.1958,36.2875],[-95.4,36.2042],[-95.6125,36.0167],[-96.05,35.8708],[-96.4042,35.65],[-97.0833,35.4583],[-97.5833,35.4917],[-97.8833,35.925],[-98.0167,35.8833],[-98.5,35.8167],[-100,35.8292],[-101.75,36.5],[-102.55,37.5],[-98.8,39.4667]]]]}},{"type":"Feature","properties":{"key":"KZKC-E#dom"},"geometry":{"type":"MultiPolygon","coordinates":[[[[-93.4917,40.525],[-91.7417,40.7639],[-91.65,40.7833],[-89.75,40],[-88.25,40],[-88.1833,39.9042],[-88.1481,39.8683],[-88.0944,38.4853],[-88.2333,38.15],[-88.3167,37.725],[-88.8333,37.5333],[-90.5667,37.15],[-93.25,36.725],[-94.4083,36.4917],[-94.9558,37.2739],[-94.5304,38.0579],[-94.7333,38.845],[-93.8916,39.3111],[-93.9081,40.442],[-93.4917,40.525]]]]}},{"type":"Feature","properties":{"key":"KZKC-W#dom"},"geometry":{"type":"MultiPolygon","coordinates":[[[[-102.55,37.5],[-98.8,39.4667],[-93.9081,40.442],[-93.8916,39.3111],[-94.7333,38.845],[-94.5304,38.0579],[-94.9558,37.2739],[-94.4083,36.4917],[-94.6833,36.4333],[-95.1958,36.2875],[-95.4,36.2042],[-95.6125,36.0167],[-96.05,35.8708],[-96.4042,35.65],[-97.0833,35.4583],[-97.5833,35.4917],[-97.8833,35.925],[-98.0167,35.8833],[-98.5,35.8167],[-100,35.8292],[-101.75,36.5],[-102.55,37.5]]]]}},{"type":"Feature","properties":{"key":"KZLA#dom"},"geometry":{"type":"MultiPolygon","coordinates":[[[[-123.25,34.5],[-120.85,35.5333],[-120.1167,35.75],[-119.5,35.6333],[-119.1667,36.1333],[-118.5833,36.1333],[-118.5833,37.2],[-117.3333,37.2],[-117.0083,37.3667],[-117.0758,37.4417],[-117.0947,37.55],[-117.0947,37.8833],[-116.9175,37.8833],[-116.8333,37.8833],[-116.4342,37.8833],[-116.1842,37.8833],[-114.7017,37.9997],[-114.5008,38.0167],[-114.2008,38.0167],[-114,37.9683],[-113.7833,37.7167],[-113,37.5],[-111.8792,37.4125],[-111.6083,36.7333],[-111.5042,36.4208],[-111.8417,35.7667],[-112,35.4333],[-112.6667,35.3833],[-113.6167,34.9167],[-114,34.6667],[-114,34.1833],[-114,34.0333],[-114,32.6833],[-113.6847,32.7375],[-113.5083,32.1],[-114.8111,32.4917],[-114.7186,32.7186],[-117.1236,32.5342],[-120.8333,30.75],[-122.525,30],[-123.5467,31.1317],[-124.6728,33.4869],[-124.8692,33.8953],[-125,34.1667],[-123.25,34.5]]]]}},{"type":"Feature","properties":{"key":"KZLC#dom"},"geometry":{"type":"MultiPolygon","coordinates":[[[[-114.6667,49],[-114.5,49],[-114,49],[-113.5,49],[-113,49],[-112.5,49],[-112,49],[-111.5,49],[-111,49],[-110.5,49],[-110,49],[-109.5,49],[-109,49],[-108.5,49],[-108,49],[-107.5,49],[-107,49],[-106.5,49],[-106,49],[-105.5,49],[-105,49],[-104.5,49],[-104,49],[-103.5,49],[-103.1667,49],[-103.1667,46.6],[-103.1667,44.9583],[-104.25,45.1167],[-106,45.2375],[-106.2667,44.3167],[-107.2833,43.8833],[-107.05,42.4167],[-108,41.6083],[-108.275,41.3667],[-109.1,40.85],[-109.1667,40],[-110.3,39.5833],[-109.9833,39.2167],[-109.9833,38.9333],[-109.9833,38.2],[-110.1569,38.1292],[-110.8833,37.8333],[-111.8792,37.4125],[-113,37.5],[-113.7833,37.7167],[-114,37.9683],[-114.2008,38.0167],[-114.5008,38.0167],[-114.7017,37.9997],[-116.1842,37.8833],[-116.4342,37.8833],[-116.8333,37.8833],[-116.9175,37.8833],[-117.0947,37.8833],[-117.2667,38.0833],[-117.3667,39.9333],[-119.5,41],[-119,42.6667],[-119.2833,43.6333],[-118.45,44.85],[-117.75,45.3333],[-115,45.3333],[-115,48.4167],[-114.6667,49]]]]}},{"type":"Feature","properties":{"key":"KZMA#dom"},"geometry":{"type":"MultiPolygon","coordinates":[[[[-86,27],[-85.25,27.5],[-85.1695,27.6436],[-84.9444,28.0431],[-84.6161,28.0625],[-84.5,28.1667],[-84.0153,28.55],[-83.5167,28.4],[-83.2083,28.1583],[-82.9417,27.95],[-82.8628,27.95],[-82.6575,27.95],[-82.3833,27.95],[-82.2069,28.03],[-81.9119,28.1625],[-81.8622,28.185],[-81.8611,28.1903],[-81.7861,28.5897],[-81.7342,28.8642],[-81.5947,28.5561],[-81.5,28.3458],[-80.9861,28.7278],[-80.8481,28.8219],[-80.7928,28.8578],[-80.7333,28.9],[-80.5403,28.9375],[-80.2017,29.0078],[-80.1156,29.025],[-79.9008,29.8222],[-79.2867,30.2003],[-78.6692,30.1442],[-78.5703,30.1347],[-77.9244,30.0722],[-77.8567,30.0656],[-77.5,30.0294],[-77.2167,30],[-77.0333,30],[-77,30],[-76.9181,29.7667],[-76.9072,29.7333],[-76.8761,29.6418],[-76.8488,29.5616],[-76.5736,28.7467],[-76.5437,28.6685],[-76.3822,28.1883],[-76.2644,27.8333],[-75.7089,27.835],[-75.1828,27.8347],[-74.8333,27.8333],[-74.6153,27.4631],[-74.3136,26.9458],[-74.2464,26.8317],[-74.0333,26.4667],[-73.7522,25.9739],[-73.6839,25.8556],[-73.5047,25.5408],[-73.2,25],[-72.5564,25],[-72.3869,25],[-72.0683,25],[-71.8869,25],[-71.0686,25],[-70.9036,25],[-70.1458,25],[-69.9603,25],[-69.1822,25],[-69.0036,25],[-68.4925,25],[-68.2678,24.0072],[-68.2347,23.8594],[-68.0275,22.95],[-67.8021,21.9293],[-67.784,21.8451],[-67.6506,21.2392],[-67.75,21.1333],[-68.2897,20.5661],[-68.35,20.5],[-69.15,19.65],[-70.25,20.2833],[-70.5,20.4167],[-70.9561,20.4183],[-71.6667,20.4167],[-73,20.4167],[-73.3333,20],[-73.7569,20.4708],[-73.917,20.6512],[-74.0689,20.8188],[-74.1384,20.8961],[-74.3913,21.173],[-74.4843,21.2743],[-75,21.8333],[-75.1421,21.9753],[-75.1667,22],[-75.1951,22.021],[-75.5892,22.3136],[-76,22.6067],[-77.4258,23.6092],[-77.75,23.8333],[-78,24],[-78.1667,24],[-78.5833,24],[-78.6619,24],[-78.9833,24],[-79.1653,24],[-79.8331,24.0006],[-79.9828,24.0013],[-80.1883,24],[-80.9683,24],[-81.0578,24],[-81.1223,24],[-81.1414,24],[-81.3167,24],[-81.5,24],[-81.8717,24],[-82.4006,23.9986],[-82.5672,23.9986],[-82.9806,24],[-83.1472,24],[-83.5,24],[-84.3403,24],[-84.5042,24],[-84.6694,24],[-84.9997,24],[-84.9997,25.0336],[-85.0917,26.2],[-85.4139,26.6028],[-86,27]]]]}},{"type":"Feature","properties":{"key":"KZMA-N#dom"},"geometry":{"type":"MultiPolygon","coordinates":[[[[-78.0583,27.4667],[-78.3198,27],[-78.6,26.5],[-78.635,26.1169],[-78.5083,26],[-77.8139,25.6333],[-77.7597,25.0701],[-77.7417,24.8833],[-77.7858,24.7917],[-77.8559,24.646],[-78.1264,24.0836],[-78,24],[-79.9664,24],[-81.3167,24],[-84.9932,24],[-84.9932,25.0335],[-85.0883,26.2],[-85.4083,26.6017],[-86,27],[-85.25,27.5],[-84.9444,28.0431],[-84.6158,28.0628],[-84.5,28.1667],[-84.0153,28.55],[-83.5167,28.4],[-83.2083,28.1583],[-82.9417,27.95],[-82.3833,27.95],[-82.2046,28.0322],[-81.8622,28.185],[-81.7861,28.5897],[-81.7342,28.8642],[-81.5947,28.5561],[-81.5,28.3458],[-80.9861,28.7278],[-80.7333,28.9],[-80.1156,29.025],[-79.9002,29.8213],[-79.2867,30.2003],[-78.6692,30.1442],[-77.9244,30.0722],[-77.2167,30],[-77,30],[-76.9175,29.7667],[-76.376,28.1863],[-77,27.4667],[-78.0583,27.4667]]]]}},{"type":"Feature","properties":{"key":"KZMA-OCN#dom"},"geometry":{"type":"MultiPolygon","coordinates":[[[[-74.8333,27.8333],[-74.6153,27.4631],[-74.0333,26.4667],[-73.6839,25.8556],[-73.2,25],[-72.5521,25],[-68.4925,25],[-67.6506,21.2392],[-67.75,21.1333],[-68.3376,20.511],[-69.15,19.65],[-70.5,20.4167],[-71.6514,20.4167],[-71.6667,20.4167],[-72.0119,20.4167],[-73,20.4167],[-73.3333,20],[-73.7569,20.4708],[-73.917,20.6512],[-74.1384,20.8961],[-74.3913,21.173],[-74.4843,21.2743],[-75,21.8333],[-75.1667,22],[-75.5892,22.3136],[-76,22.6067],[-77.4258,23.6092],[-77.75,23.8333],[-78,24],[-78.1264,24.0836],[-77.8559,24.646],[-77.7858,24.7917],[-77.7417,24.8833],[-77.7597,25.0701],[-77.8139,25.6333],[-78.5083,26],[-78.635,26.1169],[-78.6,26.5],[-78.3198,27],[-78.0583,27.4667],[-77,27.4667],[-76.376,28.1863],[-76.2644,27.8333],[-74.8333,27.8333]]]]}},{"type":"Feature","properties":{"key":"KZME#dom"},"geometry":{"type":"MultiPolygon","coordinates":[[[[-95.6125,36.0167],[-95.4,36.2042],[-95.1958,36.2875],[-94.6833,36.4333],[-94.4083,36.4917],[-93.25,36.725],[-90.5667,37.15],[-88.8333,37.5333],[-88.3167,37.725],[-87.3972,37.275],[-86.15,37.3],[-85.7458,37.0139],[-85.5833,36.9],[-85.4,36.1833],[-85.2833,35.65],[-86,35.5167],[-87,35.3333],[-87,34.3667],[-87.25,34.1],[-87.55,34.0167],[-87.6333,33.3167],[-87.9861,33.0431],[-87.85,32.6972],[-88.3472,32.3306],[-88.325,31.5167],[-88.9,31.5472],[-89.85,31.6306],[-90.3458,31.65],[-91.3083,31.9125],[-91.6889,32.2833],[-91.9,33.0042],[-93.1583,33.95],[-93.5417,34.0333],[-94.5333,34.5333],[-94.7833,34.6917],[-95,35.0667],[-95,35.3833],[-95,35.6542],[-95.6125,36.0167]]]]}},{"type":"Feature","properties":{"key":"KZMP#dom"},"geometry":{"type":"MultiPolygon","coordinates":[[[[-103.1667,49],[-96,49],[-95.1667,49],[-93.5,49],[-90.1,48.1083],[-88.775,47.9083],[-87,47.0833],[-85.6333,46.75],[-85,46.5333],[-84.5333,46.3833],[-84.3583,46.25],[-83.5833,45.8167],[-83.5,45.7833],[-82.5,45.3333],[-82.1694,43.8553],[-84.9636,43.5867],[-87.1694,43.6917],[-87.5417,43.9667],[-88.4667,44.1],[-88.7542,44.1594],[-89.0761,44.225],[-89.5875,44.1542],[-90.2917,44.1542],[-90.8292,43.6181],[-91.0833,43.3667],[-91.725,42.725],[-93,42.7833],[-93.05,42.6667],[-93.4667,41.6667],[-93.5083,41.4333],[-93.6,41.1667],[-93.4917,40.525],[-93.9081,40.442],[-98.8,39.4667],[-99.0583,39.9833],[-99.0167,42],[-100.1,43.2889],[-101.4083,43.7083],[-101.4833,44.7],[-103.1667,44.9583],[-103.1667,46.6],[-103.1667,49]]]]}},{"type":"Feature","properties":{"key":"KZNY#dom"},"geometry":{"type":"MultiPolygon","coordinates":[[[[-75.0278,40.0931],[-75.3417,40.0667],[-75.4694,39.9708],[-75.65,39.85],[-75.67,39.835],[-75.7733,39.7708],[-75.8947,39.6892],[-75.9639,39.6439],[-76.0403,39.5936],[-76.3472,39.3917],[-76.7214,39.3869],[-76.8153,39.3856],[-76.8556,39.385],[-76.9428,39.4067],[-77.1056,39.4464],[-77.1233,39.4653],[-77.1836,39.5208],[-77.2067,39.5481],[-77.2269,39.5689],[-77.2403,39.5811],[-77.3572,39.6981],[-77.3569,39.7222],[-77.3569,39.7464],[-77.3567,39.7817],[-77.6172,39.7722],[-77.8403,39.8556],[-77.8583,40.1569],[-77.8625,40.2],[-77.8642,40.2467],[-77.9058,40.3956],[-77.9414,40.5217],[-77.9669,40.6114],[-77.985,40.6739],[-78.0972,40.8167],[-78.1278,40.8583],[-77.95,41.1194],[-77.8083,41.3083],[-77.725,41.4167],[-77.6417,41.5417],[-77.6333,41.5556],[-77.5667,41.6375],[-77.4556,41.8208],[-77.4167,41.875],[-77.2583,42.1389],[-77.2361,42.175],[-77.1619,42.2497],[-77.1131,42.2989],[-76.85,42.3125],[-76.4167,42.3333],[-76.2333,42.3667],[-76.0167,42.2833],[-75.6167,42.1042],[-75.3417,41.9889],[-75.1478,41.9072],[-75.0583,41.8694],[-74.9083,41.8014],[-74.8083,41.7583],[-74.7667,41.7333],[-74.6583,41.625],[-74.4333,41.5278],[-74.3444,41.4833],[-74.1833,41.4],[-74.0583,41.3333],[-74.025,41.3333],[-73.8958,41.2583],[-73.8783,41],[-73.5514,41.1458],[-73.3778,40.8583],[-73.3614,40.8475],[-73.2917,40.8014],[-73.4417,40.5889],[-73.5,40.5083],[-73.2542,40.4097],[-72.9889,40.2917],[-72.7814,40.1986],[-72.4994,40.0722],[-70.8794,40.5767],[-69.3417,40.925],[-69,41],[-67,41.6167],[-67,41.25],[-67,41],[-67,40.1167],[-67,39],[-68.8833,38.5833],[-69.3994,38.4644],[-69.5775,38.2431],[-69.8636,37.9722],[-70.1764,37.7264],[-70.5156,37.4953],[-70.8739,37.2889],[-71.2511,37.1083],[-71.6475,36.9536],[-72.0561,36.8267],[-72.1261,36.8061],[-72,36.3333],[-72,35],[-73.6897,33.7569],[-74.2672,33.3575],[-77,31.5833],[-77,32],[-77,32.2622],[-76.7794,32.9678],[-76.4811,33.4192],[-75.6839,34.6003],[-75.19,35.3081],[-74.9369,35.4969],[-74.5997,36.7878],[-74.6664,37.0817],[-74,38.5369],[-73.8611,38.7375],[-73.6583,39.0347],[-73.9033,39.2903],[-73.9989,39.3861],[-74.0492,39.4217],[-74.1944,39.5792],[-74.4986,39.5931],[-74.4556,39.6558],[-74.5,39.6556],[-74.8,39.6528],[-75.0583,39.6222],[-74.94,39.7517],[-74.8925,39.8056],[-74.8528,39.85],[-74.8042,39.9],[-74.7433,39.9428],[-74.6972,39.9747],[-74.6847,39.9833],[-74.715,40.0211],[-74.7639,40.0858],[-74.7833,40.1097],[-74.8706,40.1028],[-74.8894,40.1017],[-75.0278,40.0931]]]]}},{"type":"Feature","properties":{"key":"KZNY#ocn"},"geometry":{"type":"MultiPolygon","coordinates":[[[[-67,41.6167],[-61.2017,42.3817],[-57.8681,43.0722],[-55.75,43.5833],[-54.8606,43.8333],[-50,44.5],[-40,44.5],[-40,22.3],[-45,18],[-61.5,18],[-61.9,20],[-63.4,21.4367],[-64,22],[-65.1347,22.0969],[-66.745,22],[-67.6506,21.2392],[-68.4925,25],[-73.2,25],[-73.6839,25.8556],[-74.0333,26.4667],[-74.6153,27.4631],[-74.8333,27.8333],[-76.2644,27.8333],[-76.376,28.1863],[-76.9175,29.7667],[-77,30],[-77,31.5833],[-77,32],[-77,32.2622],[-76.7794,32.9678],[-76.4811,33.4192],[-75.6839,34.6003],[-75.19,35.3081],[-74.9369,35.4969],[-74.5997,36.7878],[-74.6664,37.0817],[-74,38.5369],[-73.8611,38.7375],[-73.6583,39.0347],[-73.1667,39.6833],[-73.15,39.7333],[-73.0083,39.9944],[-72.7814,40.1986],[-72.4994,40.0722],[-70.8794,40.5767],[-69.3417,40.925],[-69,41],[-67,41.6167]]]]}},{"type":"Feature","properties":{"key":"KZNY-BDA#dom"},"geometry":{"type":"MultiPolygon","coordinates":[[[[-64.9947,35.3111],[-64.4097,35.3119],[-63.7672,35.22],[-63.1547,35.03],[-62.6181,34.7628],[-62.1475,34.4186],[-61.7617,34.015],[-61.4675,33.5564],[-61.2778,33.0717],[-61.1919,32.5469],[-61.2122,32.0386],[-61.3361,31.5403],[-61.5703,31.0408],[-61.8711,30.6189],[-62.2631,30.2336],[-62.7483,29.895],[-63.2542,29.6503],[-63.7897,29.4858],[-64.3789,29.3967],[-64.9747,29.3933],[-65.5578,29.4781],[-66.115,29.6483],[-66.6328,29.9],[-67.1336,30.2556],[-67.5194,30.6456],[-67.8325,31.0919],[-68.0325,31.5389],[-68.1575,32.0378],[-68.1786,32.5492],[-68.0847,33.0997],[-67.8986,33.5656],[-67.6183,34.0042],[-67.2381,34.4078],[-66.7608,34.7581],[-66.2358,35.0228],[-65.6458,35.2117],[-64.9947,35.3111]]]]}},{"type":"Feature","properties":{"key":"KZNY-W#dom"},"geometry":{"type":"MultiPolygon","coordinates":[[[[-75.4694,39.9708],[-75.65,39.85],[-75.67,39.835],[-75.7733,39.7708],[-75.8947,39.6892],[-75.9639,39.6439],[-76.0403,39.5936],[-76.3472,39.3917],[-76.7214,39.3869],[-76.8153,39.3856],[-76.8556,39.385],[-76.9428,39.4067],[-77.1056,39.4464],[-77.1233,39.4653],[-77.1836,39.5208],[-77.2067,39.5481],[-77.2269,39.5689],[-77.2403,39.5811],[-77.3572,39.6981],[-77.3569,39.7222],[-77.3569,39.7464],[-77.3567,39.7817],[-77.6172,39.7722],[-77.8403,39.8556],[-77.8583,40.1569],[-77.8625,40.2],[-77.8642,40.2467],[-77.9058,40.3956],[-77.9414,40.5217],[-77.9669,40.6114],[-77.985,40.6739],[-78.0972,40.8167],[-78.1278,40.8583],[-77.95,41.1194],[-77.8083,41.3083],[-77.725,41.4167],[-77.6417,41.5417],[-77.6333,41.5556],[-77.5667,41.6375],[-77.4556,41.8208],[-77.4167,41.875],[-77.2583,42.1389],[-77.2361,42.175],[-77.1619,42.2497],[-77.1131,42.2989],[-76.85,42.3125],[-76.4167,42.3333],[-76.2333,42.3667],[-76.0167,42.2833],[-75.6167,42.1042],[-75.3417,41.9889],[-75.1478,41.9072],[-75.0583,41.8694],[-74.9083,41.8014],[-74.8083,41.7583],[-74.7667,41.7333],[-74.6583,41.625],[-74.4333,41.5278],[-74.3444,41.4833],[-74.1833,41.4],[-74.3181,41.3],[-74.4958,41.19],[-74.5167,41.175],[-74.6667,41.025],[-74.8803,40.9294],[-74.8775,40.8897],[-74.8614,40.65],[-74.8583,40.6083],[-74.905,40.5742],[-74.9736,40.5139],[-75.0047,40.4908],[-75.0667,40.4833],[-75.3933,40.4597],[-75.4714,40.4247],[-75.4383,40.4178],[-75.5222,40.3736],[-75.5167,40.3561],[-75.4833,40.2542],[-75.4208,40.1917],[-75.6017,40.0744],[-75.5583,40.0417],[-75.4694,39.9708]]]]}},{"type":"Feature","properties":{"key":"KZOA#dom"},"geometry":{"type":"MultiPolygon","coordinates":[[[[-125.3333,40.2167],[-123.8333,40.2167],[-123.5333,40.3875],[-123.5333,41.3333],[-123,41.3333],[-122.4167,41.3333],[-121.25,41],[-119.5,41],[-117.3667,39.9333],[-117.2667,38.0833],[-117.0947,37.8833],[-117.0947,37.55],[-117.0758,37.4417],[-117.0083,37.3667],[-117.3333,37.2],[-118.5833,37.2],[-118.5833,36.1333],[-119.1667,36.1333],[-119.5,35.6333],[-120.1167,35.75],[-120.85,35.5333],[-123.25,34.5],[-124.2015,35.993],[-125.8332,35.4999],[-126.9308,36.4624],[-127,37.5027],[-127,39.99],[-127,40.8329],[-126.9,40.9833],[-125.3333,40.2167]]]]}},{"type":"Feature","properties":{"key":"KZOB#dom"},"geometry":{"type":"MultiPolygon","coordinates":[[[[-82.4667,42.8708],[-81.9708,42.8292],[-81.2208,42.7417],[-80.8958,42.7792],[-79.8444,42.8361],[-79.0583,42.95],[-79.0244,43.1978],[-78.75,43.4333],[-78.75,43.6],[-78.6778,43.6333],[-77.1767,43.6322],[-76.7917,43.6333],[-76.7639,43.0667],[-76.675,42.8792],[-76.7083,42.775],[-76.7139,42.7389],[-76.8028,42.6083],[-76.2333,42.3667],[-76.4167,42.3333],[-76.85,42.3125],[-77.1131,42.2989],[-77.1619,42.2497],[-77.2361,42.175],[-77.2583,42.1389],[-77.4167,41.875],[-77.4556,41.8208],[-77.5667,41.6375],[-77.6333,41.5556],[-77.6417,41.5417],[-77.725,41.4167],[-77.8083,41.3083],[-77.95,41.1194],[-78.1278,40.8583],[-78.0972,40.8167],[-77.985,40.6739],[-77.9669,40.6114],[-77.9414,40.5217],[-77.9058,40.3956],[-77.8642,40.2467],[-77.8625,40.2],[-77.8583,40.1569],[-77.8403,39.8556],[-77.9333,39.85],[-79.5431,39.3708],[-79.8944,39.1736],[-80.4,39.1667],[-80.5,39.1667],[-81.55,39.75],[-81.6333,40.2167],[-81.7833,40.6],[-83.3333,40.5083],[-83.5,40.5583],[-83.65,40.7375],[-83.7458,40.7833],[-84.7,40.9083],[-84.7,40.9583],[-84.7167,41.2833],[-84.7667,41.8583],[-85,42],[-85,43.5],[-84.9636,43.5867],[-82.1694,43.8553],[-82.125,43.6167],[-82.4167,43],[-82.4667,42.8708]]]]}},{"type":"Feature","properties":{"key":"KZSE#dom"},"geometry":{"type":"MultiPolygon","coordinates":[[[[-128,48.3333],[-125,48.5],[-124.75,48.5],[-123.55,48.2333],[-123.2583,48.2833],[-123.1167,48.425],[-123.1667,48.4583],[-123.2667,48.7],[-123.0083,48.7667],[-123.0083,48.8333],[-123.3333,49],[-115.4997,49],[-114.6667,49],[-115,48.4167],[-115,45.3333],[-117.75,45.3333],[-118.45,44.85],[-119.2833,43.6333],[-119,42.6667],[-119.5,41],[-121.25,41],[-122.4167,41.3333],[-123,41.3333],[-123.5333,41.3333],[-123.5333,40.3875],[-123.8333,40.2167],[-125.3333,40.2167],[-126.9,40.9833],[-126.5,45],[-128,48.3333]]]]}},{"type":"Feature","properties":{"key":"KZTL#dom"},"geometry":{"type":"MultiPolygon","coordinates":[[[[-80.7458,37.3042],[-80.6333,37.3319],[-79.95,36.1542],[-79.7444,36.0889],[-79.8042,35.3833],[-80,35.1083],[-80.1472,34.8556],[-80.4689,34.7475],[-81.3333,34.3944],[-81.6075,33.6981],[-81.9333,32.5625],[-82.3333,32.1667],[-83.1125,31.6833],[-84.1,31.6833],[-85.3083,31.5333],[-85.5833,31.7625],[-86.95,31.4917],[-87.4,31.2806],[-87.8167,31.5208],[-88.325,31.5167],[-88.3472,32.3306],[-87.85,32.6972],[-87.9861,33.0431],[-87.6333,33.3167],[-87.55,34.0167],[-87.25,34.1],[-87,34.3667],[-87,35.3333],[-86,35.5167],[-85.2833,35.65],[-85.4,36.1833],[-80.7458,37.3042]]]]}},{"type":"Feature","properties":{"key":"LPPO#dom"},"geometry":{"type":"MultiPolygon","coordinates":[[[[-40,45],[-13,45],[-13,43],[-15,42],[-15,36.5],[-17.7681,34.2511],[-17.9753,34.0476],[-18.1369,33.8248],[-18.2541,33.5833],[-18.3243,33.3292],[-18.3458,33.0686],[-18.3213,32.8081],[-18.2485,32.5539],[-18.1294,32.3125],[-17.9662,32.0896],[-17.7637,31.8909],[-17.5265,31.7212],[-17.4167,31.65],[-20,30],[-20.3919,29.9994],[-25,30],[-25,24],[-37.5,16.9992],[-40,22.3],[-40,45]]]]}},{"type":"Feature","properties":{"key":"LPPO-TMA#dom"},"geometry":{"type":"MultiPolygon","coordinates":[[[[-15,37.0342],[-15.5451,37.1943],[-16.3247,37.2482],[-17.1044,37.1943],[-17.8645,37.0342],[-18.5862,36.7724],[-19.2517,36.4164],[-19.8445,35.9763],[-20.3502,35.464],[-19.9397,36.2185],[-19.8759,36.8656],[-19.9397,37.5183],[-20.1298,38.1604],[-20.4416,38.7757],[-20.8678,39.3484],[-21.3982,39.8631],[-22.02,40.3058],[-22.7181,40.664],[-27.3214,42.8015],[-29.5722,43.322],[-30.3809,43.4807],[-31.2104,43.5342],[-32.0399,43.4807],[-32.8487,43.322],[-33.6165,43.0627],[-34.3243,42.7104],[-34.9548,42.2753],[-35.4925,41.7697],[-35.9246,41.2074],[-36.2408,40.6035],[-36.4335,39.9738],[-36.4982,39.3342],[-36.4335,38.7003],[-36.2408,38.0874],[-35.9246,37.5098],[-35.4925,36.9807],[-34.9548,36.5119],[-34.3243,36.1138],[-33.6165,35.7949],[-27.4635,33.2476],[-26.7063,33.0093],[-25.9088,32.8643],[-25.0908,32.8156],[-24.2728,32.8643],[-23.4753,33.0093],[-22.7181,33.2476],[-22.02,33.5741],[-21.3982,33.9815],[-21.054,34.2796],[-21.2353,33.6383],[-21.2962,32.9858],[-21.2353,32.3381],[-21.054,31.7108],[-20.7566,31.1187],[-20.3502,30.5755],[-19.8492,30.0981],[-17.4167,31.65],[-17.5265,31.7212],[-17.7637,31.8909],[-17.9662,32.0896],[-18.1294,32.3125],[-18.2485,32.5539],[-18.3213,32.8081],[-18.3458,33.0686],[-18.3243,33.3292],[-18.2541,33.5833],[-18.1369,33.8248],[-17.9753,34.0476],[-17.7681,34.2511],[-15,36.5],[-15,37.0342]]]]}},{"type":"Feature","properties":{"key":"MDCS#dom"},"geometry":{"type":"MultiPolygon","coordinates":[[[[-71.6667,16],[-71.6667,17],[-71.7583,18.0333],[-71.7833,18.1833],[-71.7333,18.3167],[-71.7361,18.3583],[-71.9333,18.4667],[-71.9,18.5167],[-71.9986,18.6333],[-71.9833,18.6667],[-71.825,18.6417],[-71.8167,18.7],[-71.75,18.75],[-71.75,18.8667],[-71.8167,18.95],[-71.8667,18.9667],[-71.8383,19],[-71.65,19.15],[-71.6333,19.2],[-71.8083,19.3167],[-71.7,19.3917],[-71.7667,19.7],[-71.6667,20.4167],[-70.5,20.4167],[-69.15,19.65],[-68,19],[-68,16],[-71.6667,16]]]]}},{"type":"Feature","properties":{"key":"MHCC#dom"},"geometry":{"type":"MultiPolygon","coordinates":[[[[-95,13],[-92.2333,14.55],[-92.1833,14.6667],[-92.2,14.85],[-92.1337,15.0184],[-92.0835,15.0842],[-92.2335,15.2508],[-91.7501,16.0841],[-90.4667,16.0833],[-90.4667,16.2333],[-90.4167,16.3841],[-90.6667,16.4667],[-90.7001,16.6508],[-91.1001,16.9174],[-91.3168,17.1507],[-91.4168,17.1841],[-91.4667,17.25],[-91.0167,17.25],[-90.9784,17.8113],[-89.15,17.8167],[-89.15,17.9507],[-89.0334,18.0007],[-88.8334,17.8507],[-88.4834,18.484],[-88.3167,18.484],[-88.0333,18.4173],[-88.0333,18.15],[-87.75,18.15],[-86.6333,19.3333],[-86,20.0006],[-85.2833,20.1833],[-85.35,20.7333],[-82,20],[-82.0833,19],[-82.25,15],[-82.7667,13.0667],[-82.8167,12.9],[-82.5667,9.55],[-82.6,9.5583],[-82.62,9.4833],[-82.85,9.625],[-82.8867,9.59],[-82.85,9.5],[-82.9417,9.4667],[-82.9333,9.1],[-82.7167,8.9417],[-82.925,8.7483],[-82.8208,8.6333],[-82.845,8.47],[-83.05,8.3333],[-82.925,8.245],[-82.9,8.0333],[-82.9167,7.55],[-82.9167,1.4167],[-92,1.4167],[-104.5,10],[-100,11.5],[-95,13]]]]}},{"type":"Feature","properties":{"key":"MKJK#dom"},"geometry":{"type":"MultiPolygon","coordinates":[[[[-82,20],[-78.3333,20],[-77.5,19.5],[-75,18.5],[-73,17],[-74,16],[-74,15],[-82.25,15],[-82.0833,19],[-82,20]]]]}},{"type":"Feature","properties":{"key":"MMEX#dom"},"geometry":{"type":"MultiPolygon","coordinates":[[[[-102.8333,23.6667],[-101.9663,23.6031],[-100.7925,23.5094],[-100.2294,23.4583],[-100.0136,23.4381],[-98.5575,23.2942],[-96.2177,23.0267],[-96,23],[-95,22.4103],[-95,19.4908],[-95.315,18.4842],[-95.3386,18.4086],[-96.7116,13.8783],[-99.4944,13.0369],[-105.2822,15.3356],[-106,16.1833],[-107.7625,18.2239],[-105.5641,21.6258],[-105.1216,22.2856],[-104.8513,22.6906],[-103.4355,24.1525],[-102.8333,23.6667]]]]}},{"type":"Feature","properties":{"key":"MMFR#dom"},"geometry":{"type":"MultiPolygon","coordinates":[[[[-120.8333,30.75],[-117.1236,32.5342],[-114.7186,32.7186],[-114.8111,32.4917],[-113.5083,32.1],[-111.1,31.3333],[-108.5,31.3333],[-108.2167,31.3333],[-108.2167,31.7833],[-107.388,31.7832],[-106.5333,31.7833],[-106.5,31.75],[-106.3833,31.7333],[-106.2,31.4667],[-106,31.3833],[-105.55,31],[-105.3167,30.8333],[-104.9833,30.6833],[-104.8333,30.3667],[-104.6833,30.15],[-104.7,30],[-104.5167,29.65],[-104.35,29.5333],[-104.2167,29.4833],[-104.15,29.4],[-104,29.3167],[-103.7833,29.2667],[-103.6833,29.1833],[-103.55,29.15],[-103.45,29.0667],[-103.1833,28.9167],[-102.9833,29.1833],[-102.8833,29.2083],[-102.8833,29.3583],[-102.825,29.4],[-102.7583,29.7417],[-102.5583,29.7667],[-102.4,29.7667],[-102.3167,29.875],[-102.05,29.7917],[-101.8,29.7833],[-101.5167,29.7583],[-101.2917,29.5833],[-101.25,29.5333],[-101,29.3667],[-100.75,29.1667],[-100.6333,28.9],[-100.4833,28.65],[-100.1917,28.1833],[-99.95,27.9833],[-99.8333,27.775],[-99.7,27.65],[-99.525,27.4917],[-99.5167,27.3083],[-99.45,27.0667],[-99.3167,26.8833],[-99.1833,26.6667],[-99.0667,26.4],[-98.65,26.2333],[-98.2167,26.0667],[-98.05,26.05],[-97.75,26.0333],[-97.4,25.8417],[-97,26],[-95.9167,26],[-93,24.5],[-93,24.5],[-88,24.5],[-86,24],[-86,22],[-85.35,20.7333],[-85.2833,20.1833],[-86,20],[-86.6333,19.3333],[-87.75,18.15],[-88.0333,18.15],[-88.0333,18.4173],[-88.3167,18.4833],[-88.4833,18.4833],[-88.8333,17.85],[-89.0333,18],[-89.15,17.95],[-89.15,17.8167],[-90.9783,17.8106],[-91.0167,17.25],[-91.4667,17.25],[-91.4168,17.1841],[-91.3168,17.1507],[-91.1001,16.9174],[-90.7001,16.6508],[-90.6667,16.4667],[-90.4167,16.3841],[-90.4667,16.2333],[-90.4667,16.0833],[-91.75,16.0833],[-92.2335,15.2508],[-92.0835,15.0842],[-92.1337,15.0184],[-92.2,14.85],[-92.1833,14.6667],[-92.2333,14.55],[-95,13],[-100,11.5],[-105,15],[-105.2822,15.3356],[-105.2822,15.3356],[-106,16.1833],[-107.7625,18.2239],[-107.7625,18.2239],[-108.4986,19.0392],[-110.6297,21.4083],[-113.0039,23.8931],[-117.49,27.925],[-120,30],[-120.8333,30.75]]]]}},{"type":"Feature","properties":{"key":"MMID#dom"},"geometry":{"type":"MultiPolygon","coordinates":[[[[-90.9783,17.8106],[-91.0167,17.25],[-91.4667,17.25],[-91.4168,17.1841],[-91.3168,17.1507],[-91.1001,16.9174],[-90.7001,16.6508],[-90.6667,16.4667],[-90.4167,16.3841],[-90.4667,16.2333],[-90.4667,16.0833],[-91.75,16.0833],[-92.2335,15.2508],[-92.0835,15.0842],[-92.1337,15.0184],[-92.2,14.85],[-92.1833,14.6667],[-92.2333,14.55],[-95,13],[-100,11.5],[-105,15],[-105.2822,15.3356],[-99.4944,13.0369],[-96.7116,13.8783],[-95.3386,18.4086],[-95.315,18.4842],[-95,19.4908],[-95,22.4103],[-95,23],[-93,24.5],[-88,24.5],[-86,24],[-86,22],[-85.35,20.7333],[-85.2833,20.1833],[-86,20],[-86.6333,19.3333],[-87.75,18.15],[-88.0333,18.15],[-88.0333,18.4173],[-88.3167,18.4833],[-88.4833,18.4833],[-88.8333,17.85],[-89.0333,18],[-89.15,17.95],[-89.15,17.8167],[-90.9783,17.8106]]]]}},{"type":"Feature","properties":{"key":"MMTY#dom"},"geometry":{"type":"MultiPolygon","coordinates":[[[[-108.2167,31.3333],[-108.2167,31.7833],[-107.388,31.7832],[-106.5333,31.7833],[-106.5,31.75],[-106.3833,31.7333],[-106.2,31.4667],[-106,31.3833],[-105.55,31],[-105.3167,30.8333],[-104.9833,30.6833],[-104.8333,30.3667],[-104.6833,30.15],[-104.7,30],[-104.5167,29.65],[-104.35,29.5333],[-104.2167,29.4833],[-104.15,29.4],[-104,29.3167],[-103.7833,29.2667],[-103.6833,29.1833],[-103.55,29.15],[-103.45,29.0667],[-103.1833,28.9167],[-102.9833,29.1833],[-102.8833,29.2083],[-102.8833,29.3583],[-102.825,29.4],[-102.7583,29.7417],[-102.5583,29.7667],[-102.4,29.7667],[-102.3167,29.875],[-102.05,29.7917],[-101.8,29.7833],[-101.5167,29.7583],[-101.2917,29.5833],[-101.25,29.5333],[-101,29.3667],[-100.75,29.1667],[-100.6333,28.9],[-100.4833,28.65],[-100.1917,28.1833],[-99.95,27.9833],[-99.8333,27.775],[-99.7,27.65],[-99.525,27.4917],[-99.5167,27.3083],[-99.45,27.0667],[-99.3167,26.8833],[-99.1833,26.6667],[-99.0667,26.4],[-98.65,26.2333],[-98.2167,26.0667],[-98.05,26.05],[-97.75,26.0333],[-97.4,25.8417],[-97,26],[-95.9167,26],[-93,24.5],[-95,23],[-95,22.4103],[-96,23],[-96.2177,23.0267],[-98.5575,23.2942],[-100.0136,23.4381],[-100.2294,23.4583],[-100.7925,23.5094],[-101.9663,23.6031],[-102.8333,23.6667],[-103.4355,24.1525],[-103.5122,24.2142],[-105.4694,25.7494],[-107.2464,27.0878],[-108.5,28],[-108.5,28.5778],[-108.5,31.3333],[-108.2167,31.3333]]]]}},{"type":"Feature","properties":{"key":"MMZT#dom"},"geometry":{"type":"MultiPolygon","coordinates":[[[[-120.8333,30.75],[-117.1236,32.5342],[-114.7186,32.7186],[-114.8111,32.4917],[-113.5083,32.1],[-111.1,31.3333],[-108.5,31.3333],[-108.5,28.5778],[-108.5,28],[-107.2464,27.0878],[-105.4694,25.7494],[-103.5122,24.2142],[-103.4355,24.1525],[-104.8513,22.6906],[-105.1216,22.2856],[-105.5641,21.6258],[-107.7625,18.2239],[-108.4986,19.0392],[-110.6297,21.4083],[-113.0039,23.8931],[-117.49,27.925],[-120,30],[-120.8333,30.75]]]]}},{"type":"Feature","properties":{"key":"MPZL#dom"},"geometry":{"type":"MultiPolygon","coordinates":[[[[-82.25,15],[-77.4167,15],[-77.4172,8.583],[-77.4422,8.5163],[-77.4333,8.475],[-77.3917,8.4667],[-77.3333,8.375],[-77.3417,8.325],[-77.3005,8.2247],[-77.2583,8.2083],[-77.2333,8.1417],[-77.2338,8.0413],[-77.1755,7.9746],[-77.1755,7.9246],[-77.3172,7.9163],[-77.3505,7.8663],[-77.3083,7.75],[-77.4172,7.7163],[-77.5755,7.5163],[-77.7255,7.733],[-77.7672,7.633],[-77.7167,7.5083],[-77.8005,7.4663],[-77.8833,7.25],[-78.3005,6.733],[-78.7833,6.4667],[-79.0505,6.2663],[-80,4.5],[-82.9167,4.5333],[-82.9167,7.5],[-82.9167,7.55],[-82.9,8.0333],[-82.925,8.245],[-83.05,8.3333],[-82.845,8.47],[-82.8208,8.6333],[-82.925,8.7483],[-82.7167,8.9417],[-82.9333,9.1],[-82.9417,9.4667],[-82.85,9.5],[-82.8867,9.59],[-82.85,9.625],[-82.62,9.4833],[-82.6,9.5583],[-82.5667,9.55],[-82.8167,12.9],[-82.7667,13.0667],[-82.25,15]]]]}},{"type":"Feature","properties":{"key":"MTEG#dom"},"geometry":{"type":"MultiPolygon","coordinates":[[[[-75,18.5],[-73.3333,20],[-73,20.4167],[-71.6667,20.4167],[-71.7667,19.7],[-71.7,19.3917],[-71.8083,19.3167],[-71.6333,19.2],[-71.65,19.15],[-71.8383,19],[-71.8667,18.9667],[-71.8167,18.95],[-71.75,18.8667],[-71.75,18.75],[-71.8167,18.7],[-71.825,18.6417],[-71.9833,18.6667],[-71.9986,18.6333],[-71.9,18.5167],[-71.9333,18.4667],[-71.7361,18.3583],[-71.7333,18.3167],[-71.7833,18.1833],[-71.7583,18.0333],[-71.6667,17],[-73,17],[-75,18.5]]]]}},{"type":"Feature","properties":{"key":"MUFH#dom"},"geometry":{"type":"MultiPolygon","coordinates":[[[[-86,24],[-83.1667,24],[-78,24],[-77.75,23.8333],[-77.4258,23.6092],[-76,22.6067],[-75.5892,22.3136],[-75.1667,22],[-75,21.8333],[-74.4843,21.2743],[-74.3913,21.173],[-74.1384,20.8961],[-73.917,20.6512],[-73.3333,20],[-75,18.5],[-77.5,19.5],[-78.3333,20],[-82,20],[-85.35,20.7333],[-86,22],[-86,24]]]]}},{"type":"Feature","properties":{"key":"NAT#dom"},"geometry":{"type":"MultiPolygon","coordinates":[[[[-30,45],[-40,45],[-40,44.5],[-50,44.5],[-50,51],[-54,53],[-55,53.8],[-59,57],[-60.3511,58.4711],[-63,61],[-63,64],[-60,65],[-57.75,65],[-55.6667,63.5],[-39,63.5],[-30,61],[-10,61],[-10,57],[-15,57],[-15,49],[-8,48.4936],[-8,45],[-30,45]]]]}},{"type":"Feature","properties":{"key":"NFFF#dom"},"geometry":{"type":"MultiPolygon","coordinates":[[[[180,-5],[180,3.5],[170,3.5],[170,-10],[166.875,-11.8],[164.7611,-13.0003],[163,-14],[161.25,-14],[162.6625,-16.9714],[163,-17.6667],[163,-24],[163,-30],[168,-28],[171.4167,-25],[180,-25],[180,-20.3276],[177.4437,-20.2563],[177.4436,-20.2564],[176.9811,-20.2178],[176.5333,-20.1035],[176.1144,-19.9169],[175.7374,-19.6639],[175.414,-19.3527],[175.154,-18.9929],[174.965,-18.5957],[174.8523,-18.1734],[174.8187,-17.7389],[174.8648,-17.3055],[174.9886,-16.8862],[175.1858,-16.4937],[175.4502,-16.1396],[175.7736,-15.8344],[176.1462,-15.5872],[176.5569,-15.4052],[176.9937,-15.2939],[177.4436,-15.2564],[177.4439,-15.2564],[177.9289,-15.2547],[180,-15.2763],[180,-5]]],[[[-180,-5],[-180,-15.2763],[-178.2683,-15.2947],[-178.2683,-19.1667],[-179.8,-20.2675],[-179.8869,-20.3308],[-180,-20.3276],[-180,-25],[-175.1064,-13.9189],[-171.1667,-5],[-180,-5]]]]}},{"type":"Feature","properties":{"key":"NTTT#dom"},"geometry":{"type":"MultiPolygon","coordinates":[[[[-145,3.5],[-155,-5],[-157,-5],[-157,-30],[-120,-30],[-120,3.5],[-145,3.5]]]]}},{"type":"Feature","properties":{"key":"PAZA#dom"},"geometry":{"type":"MultiPolygon","coordinates":[[[[-168.9731,90],[-141,90],[-141,62],[-139.1833,60.35],[-135.0333,59.5667],[-132.0833,57],[-131.8,54.4917],[-132.8333,54.5833],[-134,54.1083],[-135.45,54.1083],[-136,54],[-137,53.3675],[-151.75,56.7617],[-153,56],[-160,53.5],[-163.6792,52.5997],[-167.8167,51.4],[-176.5667,50.1333],[-180,49.6789],[-180,60],[-177.7517,61.3667],[-175,62.5833],[-168.9731,65],[-168.9731,90]]],[[[169,54],[170,54.6783],[170.2,54.8167],[180,60],[180,49.6789],[162.9167,45.7],[159,50.0833],[169,54]]]]}},{"type":"Feature","properties":{"key":"PAZA-A#ocn"},"geometry":{"type":"MultiPolygon","coordinates":[[[[-141,73],[-168.9731,73],[-168.9731,90],[-141,90],[-141,73]]]]}},{"type":"Feature","properties":{"key":"PAZA-D#dom"},"geometry":{"type":"MultiPolygon","coordinates":[[[[-168.9731,73],[-141,73],[-141,62],[-139.1833,60.35],[-135.0333,59.5667],[-132.0833,57],[-131.8,54.4917],[-132.8333,54.5833],[-134,54.1083],[-135.45,54.1083],[-136,54],[-137,53.3675],[-151.75,56.7617],[-153,56],[-160,53.5],[-163.6792,52.5997],[-167.3372,53.4653],[-167.7442,54.2172],[-167,55],[-165,56.9667],[-166.9247,58.2469],[-167.7131,58.7394],[-167.9139,59.3311],[-167.9139,59.3311],[-168.3636,60.5875],[-170.7525,62.67],[-175,62.5833],[-168.9731,65],[-168.9731,73]]]]}},{"type":"Feature","properties":{"key":"PAZA-P#ocn"},"geometry":{"type":"MultiPolygon","coordinates":[[[[-163.6792,52.5997],[-160,53.5],[-153,56],[-151.75,56.7617],[-166.9247,58.2469],[-167.7131,58.7394],[-167.9139,59.3311],[-167.9139,59.3311],[-168.3636,60.5875],[-170.7525,62.67],[-175,62.5833],[-177.7517,61.3667],[-180,60],[-180,49.6789],[-176.5667,50.1333],[-167.8167,51.4],[-163.6792,52.5997]]],[[[169,54],[170,54.6783],[170.2,54.8167],[180,60],[180,49.6789],[162.9167,45.7],[159,50.0833],[169,54]]]]}},{"type":"Feature","properties":{"key":"PGZU#dom"},"geometry":{"type":"MultiPolygon","coordinates":[[[[149.1275,13.5447],[149.0624,14.2683],[148.9815,14.6231],[148.8691,14.9698],[148.726,15.3056],[148.5533,15.6281],[148.3524,15.9346],[148.1248,16.223],[147.8722,16.491],[147.5966,16.7366],[147.2999,16.9579],[146.9846,17.1532],[146.653,17.321],[146.3075,17.4601],[145.9509,17.5694],[145.5859,17.6481],[145.2152,17.6955],[144.8417,17.7114],[144.4681,17.6956],[144.0974,17.6481],[143.7324,17.5694],[143.3758,17.4601],[143.0304,17.321],[142.6987,17.1532],[142.3834,16.9579],[142.0868,16.7366],[141.8111,16.491],[141.5585,16.223],[141.3309,15.9346],[141.13,15.6281],[140.9574,15.3056],[140.8143,14.9698],[140.7018,14.6231],[140.6209,14.2683],[140.5721,13.9079],[140.5558,13.5447],[140.5721,13.1816],[140.6209,12.8212],[140.7018,12.4663],[140.803,12.1196],[140.9574,11.7846],[141.13,11.4614],[141.3309,11.1547],[141.5585,10.8664],[141.8111,10.5984],[142.0868,10.3529],[142.3834,10.1316],[142.6922,9.9363],[143.0304,9.7684],[143.3758,9.6293],[143.7324,9.52],[144.0974,9.4414],[144.4681,9.3939],[144.8417,9.3781],[145.2152,9.3941],[145.5859,9.4414],[145.9509,9.52],[146.3105,9.6293],[146.653,9.7684],[146.9846,9.9363],[147.2999,10.1316],[147.5966,10.3529],[147.8722,10.5984],[148.1248,10.8664],[148.3524,11.1548],[148.5533,11.4614],[148.726,11.7838],[148.8691,12.1196],[148.9815,12.4663],[149.0624,12.8212],[149.1112,13.1816],[149.1275,13.5447]]]]}},{"type":"Feature","properties":{"key":"PHZH#dom"},"geometry":{"type":"MultiPolygon","coordinates":[[[[-150,20],[-152.3333,18.75],[-153.85,19.1667],[-156,17],[-160,17],[-164,20],[-164,24],[-161.3333,26.2],[-155.5892,26.0325],[-154.5633,25.1617],[-153.8483,24.5433],[-153.1367,23.9167],[-152.295,23.165],[-151.565,22.5017],[-151.0783,21.7333],[-150.5367,20.8683],[-150,20]]]]}},{"type":"Feature","properties":{"key":"RCAA#dom"},"geometry":{"type":"MultiPolygon","coordinates":[[[[117.5,21],[117.5,23],[120,25],[121.4489,26.4856],[122.09,27.1328],[124,29],[124,23.3],[121.3,21],[117.5,21]]]]}},{"type":"Feature","properties":{"key":"RJBG#dom"},"geometry":{"type":"MultiPolygon","coordinates":[[[[133.2533,36.7472],[132.73,35.7175],[132.72,35.705],[132.7778,35.4194],[132.3244,35.3783],[131.7981,35.3286],[129.7715,35.1146],[129.1667,34.6667],[128.1672,33.3674],[128.9856,33.1333],[128.835,33.1042],[128.5906,32.8169],[128.5744,32.7957],[128.5525,32.7563],[128.5392,32.7142],[128.5346,32.6708],[128.5392,32.6275],[128.5525,32.5854],[128.5744,32.5459],[128.6041,32.5103],[128.6406,32.4795],[128.683,32.4545],[128.7299,32.4361],[128.7799,32.4248],[128.8244,32.42],[128.9978,32.4203],[128.9978,32.0956],[128.9978,31.5156],[128.9978,31.0142],[128.9978,30.0036],[128.4336,29.6203],[125.7594,27.7308],[127.7894,26.4881],[129.7236,26.4586],[130.5144,27.8706],[131.6564,29.4608],[131.6478,29.5311],[131.3497,30.0036],[131.4978,30.0036],[132.1464,30.6644],[132.3239,30.7997],[133.2472,31.4703],[133.9975,32.0036],[134.9983,32.8467],[134.9972,33.5844],[134.9489,33.9508],[134.9014,34.3072],[135.1025,34.5072],[135.3481,34.5453],[135.3697,34.5486],[135.6889,34.5947],[136.0903,34.6539],[136.3164,34.7622],[136.8458,34.9808],[137.225,35.05],[137.7103,35.1675],[137.7231,35.2425],[137.7386,35.3347],[137.7581,35.4486],[137.7983,35.6856],[138.3106,36.1539],[138.3556,36.3194],[138.5075,36.8742],[138.6333,37.0639],[138.0764,37.1881],[137.8622,37.4225],[137.5325,37.81],[137.1542,38.4167],[136.0153,37.5731],[134.8317,36.6831],[134.2353,36.7097],[133.2533,36.7472]]]]}},{"type":"Feature","properties":{"key":"RJBG-E#dom"},"geometry":{"type":"MultiPolygon","coordinates":[[[[137.1542,38.4167],[136.0153,37.5731],[136.0153,37.5731],[134.8317,36.6831],[134.8317,36.6831],[134.2353,36.7097],[134.2353,36.7097],[133.2533,36.7472],[133.2533,36.7472],[132.8536,35.9606],[132.8536,35.9606],[132.7781,35.8121],[132.7781,35.8121],[132.73,35.7175],[132.73,35.7175],[132.72,35.705],[132.72,35.705],[132.7778,35.4194],[132.7778,35.4194],[132.8061,35.2789],[132.8061,35.2789],[132.8228,35.2558],[132.8228,35.2558],[133.175,34.7658],[133.175,34.7658],[133.2558,34.6519],[133.2558,34.6519],[133.4822,34.3322],[133.4822,34.3322],[133.5094,34.2],[133.5094,34.2],[133.8633,34.2444],[133.8633,34.2444],[133.9583,34.2836],[133.9583,34.2836],[135.1025,34.5072],[135.1025,34.5072],[135.3481,34.5453],[135.3481,34.5453],[135.3697,34.5486],[135.3697,34.5486],[136.0903,34.6539],[136.0903,34.6539],[136.3164,34.7622],[136.3164,34.7622],[136.8458,34.9808],[136.8458,34.9808],[137.225,35.05],[137.225,35.05],[137.7103,35.1675],[137.7103,35.1675],[137.7231,35.2425],[137.7231,35.2425],[137.7386,35.3347],[137.7386,35.3347],[137.7581,35.4486],[137.7581,35.4486],[137.7983,35.6856],[137.7983,35.6856],[138.3106,36.1539],[138.3106,36.1539],[138.3556,36.3194],[138.3556,36.3194],[138.5075,36.8742],[138.5075,36.8742],[138.6333,37.0639],[138.6333,37.0639],[138.0764,37.1881],[138.0764,37.1881],[137.8622,37.4225],[137.8622,37.4225],[137.5325,37.81],[137.5325,37.81],[137.1542,38.4167]]]]}},{"type":"Feature","properties":{"key":"RJBG-N#dom"},"geometry":{"type":"MultiPolygon","coordinates":[[[[133.2533,36.7472],[132.73,35.7175],[132.72,35.705],[132.7778,35.4194],[132.3244,35.3783],[131.7981,35.3286],[129.7715,35.1146],[129.1667,34.6667],[128.1672,33.3674],[128.9856,33.1333],[128.835,33.1042],[128.5906,32.8169],[128.5744,32.7957],[128.5525,32.7563],[128.5392,32.7142],[128.5346,32.6708],[128.5392,32.6275],[128.5525,32.5854],[128.5744,32.5459],[128.6041,32.5103],[128.6406,32.4795],[128.683,32.4545],[128.7299,32.4361],[128.7799,32.4248],[128.8244,32.42],[128.9978,32.4203],[128.9978,32.0956],[128.9978,31.5156],[128.9978,31.0142],[128.9978,30.0036],[131.3497,30.0036],[131.4978,30.0036],[132.1464,30.6644],[132.3239,30.7997],[133.2472,31.4703],[133.9975,32.0036],[134.9983,32.8467],[134.9972,33.5844],[134.9489,33.9508],[134.9014,34.3072],[135.1025,34.5072],[135.3481,34.5453],[135.3697,34.5486],[135.6889,34.5947],[136.0903,34.6539],[136.3164,34.7622],[136.8458,34.9808],[137.225,35.05],[137.7103,35.1675],[137.7231,35.2425],[137.7386,35.3347],[137.7581,35.4486],[137.7983,35.6856],[138.3106,36.1539],[138.3556,36.3194],[138.5075,36.8742],[138.6333,37.0639],[138.0764,37.1881],[137.8622,37.4225],[137.5325,37.81],[137.1542,38.4167],[136.0153,37.5731],[134.8317,36.6831],[134.2353,36.7097],[133.2533,36.7472]]]]}},{"type":"Feature","properties":{"key":"RJBG-N43#dom"},"geometry":{"type":"MultiPolygon","coordinates":[[[[137.1542,38.4167],[136.0153,37.5731],[136.0519,36.2344],[136.4189,35.6492],[136.4989,35.5197],[136.6553,35.5439],[137.4644,35.6514],[137.7983,35.6856],[138.3106,36.1539],[138.3556,36.3194],[138.5075,36.8742],[138.6333,37.0639],[138.0764,37.1881],[137.8622,37.4225],[137.5325,37.81],[137.1542,38.4167]]]]}},{"type":"Feature","properties":{"key":"RJBG-N44#dom"},"geometry":{"type":"MultiPolygon","coordinates":[[[[137.7983,35.6856],[137.4644,35.6514],[136.6553,35.5439],[136.4989,35.5197],[136.4264,35.3272],[136.0703,35.005],[135.8881,34.9636],[135.8158,34.9469],[135.3097,34.8531],[135.0025,34.795],[135.1025,34.5072],[135.3481,34.5453],[135.3697,34.5486],[135.6889,34.5947],[136.0903,34.6539],[136.3164,34.7622],[136.8458,34.9808],[137.225,35.05],[137.7103,35.1675],[137.7231,35.2425],[137.7386,35.3347],[137.7581,35.4486],[137.7983,35.6856]]]]}},{"type":"Feature","properties":{"key":"RJBG-N47#dom"},"geometry":{"type":"MultiPolygon","coordinates":[[[[136.4189,35.6492],[136.1478,35.6081],[135.7878,35.5911],[135.0986,35.5553],[135.0203,35.4981],[134.5631,35.1889],[134.0167,35.0806],[133.9192,34.9194],[134.2747,34.9903],[134.5358,34.7053],[135.0025,34.795],[135.3097,34.8531],[135.8158,34.9469],[135.8881,34.9636],[136.0703,35.005],[136.4264,35.3272],[136.4989,35.5197],[136.4189,35.6492]]]]}},{"type":"Feature","properties":{"key":"RJBG-N48#dom"},"geometry":{"type":"MultiPolygon","coordinates":[[[[136.0153,37.5731],[134.8317,36.6831],[134.2353,36.7097],[133.2533,36.7472],[132.73,35.7175],[132.72,35.705],[132.7778,35.4194],[132.8061,35.2789],[132.8228,35.2558],[133.175,34.7658],[133.2558,34.6519],[133.3456,34.8025],[133.4233,34.8186],[133.9192,34.9194],[134.2747,34.9903],[134.5631,35.1889],[135.0203,35.4981],[135.0986,35.5553],[135.7878,35.5911],[136.1478,35.6081],[136.4189,35.6492],[136.0519,36.2344],[136.0153,37.5731]]]]}},{"type":"Feature","properties":{"key":"RJBG-N49#dom"},"geometry":{"type":"MultiPolygon","coordinates":[[[[134.2747,34.9903],[133.9192,34.9194],[133.4233,34.8186],[133.3456,34.8025],[133.175,34.7658],[133.2558,34.6519],[133.4822,34.3322],[133.5094,34.2],[133.8633,34.2444],[133.9583,34.2836],[135.1025,34.5072],[135.0025,34.795],[134.5358,34.7053],[134.2747,34.9903]]]]}},{"type":"Feature","properties":{"key":"RJBG-N50#dom"},"geometry":{"type":"MultiPolygon","coordinates":[[[[135.1025,34.5072],[133.9583,34.2836],[133.8633,34.2444],[133.8925,34.1294],[133.7425,33.8306],[133.3114,33.5853],[132.2972,32.9972],[132.4922,32.7508],[133.2486,32.8917],[133.3108,32.9078],[133.4942,32.9547],[133.5617,32.8283],[133.9975,32.0036],[134.9983,32.8467],[134.9972,33.5844],[134.9489,33.9508],[134.9014,34.3072],[135.1025,34.5072]]]]}},{"type":"Feature","properties":{"key":"RJBG-N51#dom"},"geometry":{"type":"MultiPolygon","coordinates":[[[[132.7778,35.4194],[132.3244,35.3783],[131.7981,35.3286],[129.7715,35.1146],[129.6278,35.0082],[130.7286,33.8936],[131.1608,34.0739],[131.2897,33.6428],[132.2331,33.8539],[133.3392,34.1775],[133.4533,34.1928],[133.5094,34.2],[133.4822,34.3322],[133.2558,34.6519],[133.175,34.7658],[132.8228,35.2558],[132.8061,35.2789],[132.7778,35.4194]]]]}},{"type":"Feature","properties":{"key":"RJBG-N52#dom"},"geometry":{"type":"MultiPolygon","coordinates":[[[[133.8633,34.2444],[133.5094,34.2],[133.4533,34.1928],[133.3392,34.1775],[132.2331,33.8539],[131.2897,33.6428],[130.6222,33.4886],[130.8764,33.0836],[131.1125,33.0975],[131.1239,32.9611],[131.4025,32.8142],[131.4586,32.5217],[131.6489,32.5569],[131.8833,32.7364],[132.0403,32.8139],[132.2972,32.9972],[133.3114,33.5853],[133.7425,33.8306],[133.8925,34.1294],[133.8633,34.2444]]]]}},{"type":"Feature","properties":{"key":"RJBG-N53#dom"},"geometry":{"type":"MultiPolygon","coordinates":[[[[129.6278,35.0082],[129.1667,34.6667],[128.1672,33.3674],[128.9856,33.1333],[128.835,33.1042],[128.5906,32.8169],[128.5744,32.7957],[128.5525,32.7563],[128.5392,32.7142],[128.5346,32.6708],[128.5392,32.6275],[128.5525,32.5854],[128.5744,32.5459],[128.6041,32.5103],[128.6406,32.4795],[128.683,32.4545],[128.7299,32.4361],[128.7799,32.4248],[128.8244,32.42],[128.9978,32.4203],[128.9978,32.0956],[128.9978,31.5156],[129.9831,31.5156],[130.4608,31.8317],[131.3078,32.3456],[131.4722,32.4508],[131.4586,32.5217],[131.4025,32.8142],[131.1239,32.9611],[131.1125,33.0975],[130.8764,33.0836],[130.6222,33.4886],[131.2897,33.6428],[131.1608,34.0739],[130.7286,33.8936],[129.6278,35.0082]]]]}},{"type":"Feature","properties":{"key":"RJBG-N54#dom"},"geometry":{"type":"MultiPolygon","coordinates":[[[[132.2972,32.9972],[132.0403,32.8139],[131.8833,32.7364],[131.6489,32.5569],[131.4586,32.5217],[131.4722,32.4508],[131.3078,32.3456],[130.4608,31.8317],[129.9831,31.5156],[128.9978,31.5156],[128.9978,31.0142],[128.9978,30.0036],[131.3497,30.0036],[131.4978,30.0036],[132.1464,30.6644],[132.3239,30.7997],[133.2472,31.4703],[133.9975,32.0036],[133.5617,32.8283],[133.4942,32.9547],[133.3108,32.9078],[133.2789,33.2308],[132.2972,32.9972]]]]}},{"type":"Feature","properties":{"key":"RJBG-N55#dom"},"geometry":{"type":"MultiPolygon","coordinates":[[[[129.5167,30.35],[128.9978,30.0036],[128.4336,29.6203],[125.7594,27.7308],[127.7894,26.4881],[129.7236,26.4586],[130.5144,27.8706],[131.6564,29.4608],[131.6478,29.5311],[131.3497,30.0036],[131.05,30.35],[129.5167,30.35]]]]}},{"type":"Feature","properties":{"key":"RJBG-S#dom"},"geometry":{"type":"MultiPolygon","coordinates":[[[[128.7128,26.474],[129.7236,26.4586],[130.5144,27.8706],[131.6564,29.4608],[131.6478,29.5311],[131.3497,30.0036],[128.9978,30.0036],[128.4336,29.6203],[125.7594,27.7308],[126.9589,26.9965],[127.7894,26.4881],[128.7128,26.474]]]]}},{"type":"Feature","properties":{"key":"RJBG-W#dom"},"geometry":{"type":"MultiPolygon","coordinates":[[[[129.1667,34.6667],[128.1672,33.3674],[128.9856,33.1333],[128.835,33.1042],[128.5906,32.8169],[128.5744,32.7957],[128.5525,32.7563],[128.5392,32.7142],[128.5346,32.6708],[128.5392,32.6275],[128.5525,32.5854],[128.5744,32.5459],[128.6041,32.5103],[128.6406,32.4795],[128.683,32.4545],[128.7299,32.4361],[128.7799,32.4248],[128.8244,32.42],[128.9978,32.4203],[128.9978,32.0956],[128.9978,31.5156],[128.9978,31.0142],[128.9978,30.0036],[131.3497,30.0036],[131.4978,30.0036],[132.1464,30.6644],[132.3239,30.7997],[133.2472,31.4703],[133.9975,32.0036],[134.9983,32.8467],[134.9972,33.5844],[134.9489,33.9508],[134.9014,34.3072],[135.1025,34.5072],[133.9583,34.2836],[133.8633,34.2444],[133.5094,34.2],[133.4822,34.3322],[133.2558,34.6519],[133.175,34.7658],[132.8228,35.2558],[132.8061,35.2789],[132.7778,35.4194],[132.3244,35.3783],[131.7981,35.3286],[129.7715,35.1146],[129.1667,34.6667]]]]}},{"type":"Feature","properties":{"key":"RJDG#dom"},"geometry":{"type":"MultiPolygon","coordinates":[[[[141.9961,45.7519],[139.9964,45.7519],[138,43.2833],[137.1518,42.1437],[135.9303,40.5025],[135.322,40.0054],[135.0872,39.8303],[133.6472,38.6361],[132.9972,38.0028],[132.9972,37.5028],[129.7715,35.1146],[129.1667,34.6667],[127.5,32.5],[126.8333,32.5],[125.4167,30],[124,30],[124,29],[124,23.3],[121.3,21],[126.8528,21.0004],[127.0606,21.2578],[128.7125,23.2464],[129.7383,24.5847],[130.3675,24.86],[130.5792,25.0933],[131.1569,25.8744],[131.6431,26.4039],[131.855,26.6328],[131.9511,26.7564],[132.0747,27.3892],[132.7597,28.1314],[133.4303,28.8314],[132.2939,29.5278],[133.11,30.1008],[134.9972,31.3831],[135.7361,31.1619],[136.0139,30.5036],[138.3272,30.5217],[140.3303,30.5039],[141.0969,31.5036],[141.0969,32.0006],[141.0967,32.6181],[141.8717,32.6181],[141.7533,33.6164],[142.4667,33.2794],[144.2822,33.2872],[145.6683,35.8467],[145.6636,38.4544],[145.1353,38.6397],[143.2469,39.2894],[143.8828,39.9456],[143.8961,40.5361],[143.9294,40.5528],[144.0128,41.0028],[146.5147,43.0169],[146.5937,43.0777],[146.2167,43.2],[145.8667,43.3333],[145.8,43.4333],[145.5833,43.4],[145.3667,43.5],[145.45,43.6167],[145.3333,43.6833],[145.25,43.7833],[145.2667,43.8833],[145.3167,44.05],[145.7333,44.45],[145.6667,44.5],[142.7317,45.52],[142.7167,45.52],[141.9961,45.7519]]]]}},{"type":"Feature","properties":{"key":"RJDG-C#dom"},"geometry":{"type":"MultiPolygon","coordinates":[[[[137.1518,42.1437],[135.9303,40.5025],[135.322,40.0054],[135.0872,39.8303],[133.6472,38.6361],[132.9972,38.0028],[132.9972,37.5028],[129.7715,35.1146],[129.1667,34.6667],[127.5,32.5],[126.8333,32.5],[125.4167,30],[126.6997,30.0036],[127.545,31.0142],[128.9978,31.0142],[128.9978,30.0036],[131.3497,30.0036],[131.4978,30.0036],[132.1464,30.6644],[132.3239,30.7997],[133.11,30.1008],[134.9972,31.3831],[135.7361,31.1619],[136.0139,30.5036],[138.3272,30.5217],[140.3303,30.5039],[141.0969,31.5036],[141.0969,32.0006],[141.0967,32.6181],[141.8717,32.6181],[141.7533,33.6164],[142.4667,33.2794],[144.2822,33.2872],[145.6683,35.8467],[145.6636,38.4544],[145.1353,38.6397],[143.2469,39.2894],[143.8828,39.9456],[143.8961,40.5361],[142.5797,40.0028],[142.1797,39.8028],[140.9153,39.235],[140.4128,39.0028],[140.1367,39.0028],[139.9967,39.0028],[139.2939,39.2903],[138.4617,39.8861],[137.1518,42.1437]]]]}},{"type":"Feature","properties":{"key":"RJDG-E#dom"},"geometry":{"type":"MultiPolygon","coordinates":[[[[137.1518,42.1437],[135.9303,40.5025],[135.322,40.0054],[135.0872,39.8303],[133.6472,38.6361],[132.9972,38.0028],[132.9972,37.5028],[129.7715,35.1146],[131.7981,35.3286],[132.3244,35.3783],[132.9892,35.2147],[133.4233,34.8186],[133.4383,34.8047],[133.6906,34.5722],[133.8811,34.3756],[133.9583,34.2836],[135.1025,34.5072],[135.3481,34.5453],[135.3697,34.5486],[135.6889,34.5947],[135.6889,34.1472],[134.9647,33.8319],[134.5,33.5083],[134.9983,32.8467],[135.61,33.0044],[136.0167,33.0458],[136.2989,33.0017],[137.0406,32.8803],[137.4161,33.0325],[137.4494,31.9389],[138.3964,31.965],[138.3272,30.5217],[140.3303,30.5039],[141.0969,31.5036],[141.0969,32.0006],[141.0967,32.6181],[141.8717,32.6181],[141.7533,33.6164],[142.4667,33.2794],[144.2822,33.2872],[145.6683,35.8467],[145.6636,38.4544],[145.1353,38.6397],[143.2469,39.2894],[143.8828,39.9456],[143.8961,40.5361],[142.5797,40.0028],[142.1797,39.8028],[140.9153,39.235],[140.4128,39.0028],[140.1367,39.0028],[139.9967,39.0028],[139.2939,39.2903],[138.4617,39.8861],[137.1518,42.1437]]]]}},{"type":"Feature","properties":{"key":"RJDG-F01#dom"},"geometry":{"type":"MultiPolygon","coordinates":[[[[141.9961,45.7519],[139.9964,45.7519],[138,43.2833],[137.1518,42.1437],[138.4617,39.8861],[139.2939,39.2903],[139.9967,39.0028],[140.1367,39.0028],[140.4128,39.0028],[140.9153,39.235],[142.1797,39.8028],[142.5797,40.0028],[143.8961,40.5361],[143.9294,40.5528],[144.0128,41.0028],[146.5147,43.0169],[146.5937,43.0777],[146.2167,43.2],[145.8667,43.3333],[145.8,43.4333],[145.5833,43.4],[145.3667,43.5],[145.45,43.6167],[145.3333,43.6833],[145.25,43.7833],[145.2667,43.8833],[145.3167,44.05],[145.7333,44.45],[145.6667,44.5],[142.7317,45.52],[142.7167,45.52],[141.9961,45.7519]]]]}},{"type":"Feature","properties":{"key":"RJDG-F02#dom"},"geometry":{"type":"MultiPolygon","coordinates":[[[[143.8961,40.5361],[142.5797,40.0028],[142.1797,39.8028],[140.9153,39.235],[140.4128,39.0028],[140.1367,39.0028],[140.1672,38.8775],[139.7633,38.5294],[139.7597,37.6825],[139.1417,37.3458],[138.6333,37.0639],[138.5075,36.8742],[138.3556,36.3194],[138.7956,36.2683],[139.2353,36.2156],[139.6661,36.1642],[140.3125,36.1064],[140.3489,36.1006],[140.6,36.0833],[140.7297,36.0833],[141.3456,36.0833],[141.3367,36.7519],[141.4511,36.9464],[141.7922,37.5553],[141.8167,37.9547],[142.9333,39.0028],[143.2469,39.2894],[143.8828,39.9456],[143.8961,40.5361]]]]}},{"type":"Feature","properties":{"key":"RJDG-F03#dom"},"geometry":{"type":"MultiPolygon","coordinates":[[[[143.2469,39.2894],[142.9333,39.0028],[141.8167,37.9547],[141.7922,37.5553],[141.4511,36.9464],[141.3367,36.7519],[141.3456,36.0833],[140.7297,36.0833],[140.6,36.0833],[140.3489,36.1006],[140.3125,36.1064],[140.2844,35.8564],[140.2658,35.6903],[140.2619,35.1106],[140.2606,34.9347],[141.67,34.3083],[141.7533,33.6164],[142.4667,33.2794],[144.2822,33.2872],[145.6683,35.8467],[145.6636,38.4544],[145.1353,38.6397],[143.2469,39.2894]]]]}},{"type":"Feature","properties":{"key":"RJDG-F04#dom"},"geometry":{"type":"MultiPolygon","coordinates":[[[[137.1518,42.1437],[135.9303,40.5025],[133.6472,38.6361],[136.6969,39.1361],[137.1542,38.4167],[137.5325,37.81],[137.8622,37.4225],[138.0764,37.1881],[138.6333,37.0639],[139.1417,37.3458],[139.7597,37.6825],[139.7633,38.5294],[140.1672,38.8775],[140.1367,39.0028],[139.9967,39.0028],[139.2939,39.2903],[138.4617,39.8861],[137.1518,42.1437]]]]}},{"type":"Feature","properties":{"key":"RJDG-F05#dom"},"geometry":{"type":"MultiPolygon","coordinates":[[[[138.0308,36.4372],[137.8236,36.1978],[137.3372,35.6347],[136.8458,34.9808],[136.3164,34.7622],[136.0903,34.6539],[135.6889,34.5947],[135.6889,34.1472],[136.1606,34.2694],[136.3719,34.2147],[136.8847,34.08],[137.4394,33.9314],[137.5894,33.9589],[138.0208,34.0364],[138.3997,34.1031],[139.3089,34.4542],[139.4364,34.4533],[140.2606,34.9347],[140.2619,35.1106],[140.2658,35.6903],[140.2844,35.8564],[140.3125,36.1064],[139.6661,36.1642],[139.2353,36.2156],[138.7956,36.2683],[138.3556,36.3194],[138.0308,36.4372]]]]}},{"type":"Feature","properties":{"key":"RJDG-F06#dom"},"geometry":{"type":"MultiPolygon","coordinates":[[[[140.2606,34.9347],[139.4364,34.4533],[139.3089,34.4542],[138.3997,34.1031],[138.0208,34.0364],[137.9258,33.3397],[137.4161,33.0325],[137.4494,31.9389],[138.3964,31.965],[138.3272,30.5217],[140.3303,30.5039],[141.0969,31.5036],[141.0969,32.0006],[141.0967,32.6181],[141.8717,32.6181],[141.7533,33.6164],[141.67,34.3083],[140.2606,34.9347]]]]}},{"type":"Feature","properties":{"key":"RJDG-F07#dom"},"geometry":{"type":"MultiPolygon","coordinates":[[[[136.6969,39.1361],[133.6472,38.6361],[132.9972,38.0028],[132.9972,37.5028],[134.1186,37.5806],[134.2353,36.7097],[134.3492,35.8281],[134.9353,35.7486],[135.0986,35.5553],[135.0203,35.4981],[135.3097,34.8531],[135.3503,34.7617],[135.3481,34.5453],[135.3697,34.5486],[135.6889,34.5947],[136.0903,34.6539],[136.3164,34.7622],[136.8458,34.9808],[137.3372,35.6347],[137.8236,36.1978],[138.0308,36.4372],[138.3556,36.3194],[138.5075,36.8742],[138.6333,37.0639],[138.0764,37.1881],[137.8622,37.4225],[137.5325,37.81],[137.1542,38.4167],[136.6969,39.1361]]]]}},{"type":"Feature","properties":{"key":"RJDG-F08#dom"},"geometry":{"type":"MultiPolygon","coordinates":[[[[134.1186,37.5806],[132.9972,37.5028],[129.7715,35.1146],[131.7981,35.3286],[132.3244,35.3783],[132.9892,35.2147],[133.4233,34.8186],[133.4383,34.8047],[133.6906,34.5722],[133.8811,34.3756],[133.9583,34.2836],[135.1025,34.5072],[135.3481,34.5453],[135.3503,34.7617],[135.3097,34.8531],[135.0203,35.4981],[135.0986,35.5553],[134.9353,35.7486],[134.3492,35.8281],[134.2353,36.7097],[134.1186,37.5806]]]]}},{"type":"Feature","properties":{"key":"RJDG-F11#dom"},"geometry":{"type":"MultiPolygon","coordinates":[[[[136.0167,33.0458],[135.61,33.0044],[134.9983,32.8467],[133.9975,32.0036],[133.2472,31.4703],[132.3239,30.7997],[133.11,30.1008],[134.9972,31.3831],[135.7361,31.1619],[136.0139,30.5036],[138.3272,30.5217],[138.3964,31.965],[137.4494,31.9389],[137.4161,33.0325],[137.0406,32.8803],[136.2989,33.0017],[136.0167,33.0458]]]]}},{"type":"Feature","properties":{"key":"RJDG-F12#dom"},"geometry":{"type":"MultiPolygon","coordinates":[[[[132.3244,35.3783],[131.7981,35.3286],[129.7715,35.1146],[129.6278,35.0082],[130.7286,33.8936],[131.1475,33.3597],[130.7578,32.5233],[131.8736,32.87],[132.3431,33.2025],[132.6528,33.3742],[132.9878,33.5111],[133.3114,33.5853],[133.7425,33.8306],[133.8925,34.1294],[133.9583,34.2836],[133.8811,34.3756],[133.6906,34.5722],[133.4383,34.8047],[133.4233,34.8186],[132.9892,35.2147],[132.3244,35.3783]]]]}},{"type":"Feature","properties":{"key":"RJDG-F13#dom"},"geometry":{"type":"MultiPolygon","coordinates":[[[[128.1672,33.3674],[127.5,32.5],[126.8333,32.5],[125.4167,30],[126.6997,30.0036],[127.545,31.0142],[128.9978,31.0142],[128.9978,31.5156],[128.9978,32.0956],[129.3756,32.4192],[129.6236,32.4389],[129.9639,32.4653],[130.7578,32.5233],[131.1475,33.3597],[130.7286,33.8936],[129.6278,35.0082],[129.1667,34.6667],[128.1672,33.3674]]]]}},{"type":"Feature","properties":{"key":"RJDG-F14#dom"},"geometry":{"type":"MultiPolygon","coordinates":[[[[131.8736,32.87],[130.7578,32.5233],[129.9639,32.4653],[129.6236,32.4389],[129.3756,32.4192],[128.9978,32.0956],[128.9978,31.5156],[128.9978,31.0142],[128.9978,30.0036],[131.3497,30.0036],[131.4978,30.0036],[132.1464,30.6644],[132.3239,30.7997],[133.2472,31.4703],[132.7872,32.0822],[132.4925,32.1661],[131.8089,32.5792],[131.8736,32.87]]]]}},{"type":"Feature","properties":{"key":"RJDG-F15#dom"},"geometry":{"type":"MultiPolygon","coordinates":[[[[124,30],[124,26.4192],[125.7594,27.7308],[128.4336,29.6203],[128.9978,30.0036],[128.9978,31.0142],[127.545,31.0142],[126.6997,30.0036],[125.4167,30],[124,30]]]]}},{"type":"Feature","properties":{"key":"RJDG-F16#dom"},"geometry":{"type":"MultiPolygon","coordinates":[[[[128.9978,30.0036],[128.4336,29.6203],[125.7594,27.7308],[127.7894,26.4881],[129.7236,26.4586],[131.6431,26.4039],[131.855,26.6328],[131.9511,26.7564],[132.0747,27.3892],[132.7597,28.1314],[133.4303,28.8314],[132.2939,29.5278],[133.11,30.1008],[132.3239,30.7997],[132.1464,30.6644],[131.4978,30.0036],[131.3497,30.0036],[128.9978,30.0036]]]]}},{"type":"Feature","properties":{"key":"RJDG-F17#dom"},"geometry":{"type":"MultiPolygon","coordinates":[[[[125.7594,27.7308],[124,26.4192],[124,23.3],[121.3,21],[126.8528,21.0004],[127.0606,21.2578],[128.7125,23.2464],[129.7383,24.5847],[130.3675,24.86],[130.5792,25.0933],[131.1569,25.8744],[131.6431,26.4039],[129.7236,26.4586],[127.7894,26.4881],[125.7594,27.7308]]]]}},{"type":"Feature","properties":{"key":"RJDG-F19#dom"},"geometry":{"type":"MultiPolygon","coordinates":[[[[136.1606,34.2694],[135.6889,34.1472],[134.9647,33.8319],[134.5,33.5083],[134.9983,32.8467],[135.61,33.0044],[136.0167,33.0458],[136.2989,33.0017],[137.0406,32.8803],[137.4161,33.0325],[137.9258,33.3397],[138.0208,34.0364],[137.5894,33.9589],[137.4394,33.9314],[136.8847,34.08],[136.3719,34.2147],[136.1606,34.2694]]]]}},{"type":"Feature","properties":{"key":"RJDG-F20#dom"},"geometry":{"type":"MultiPolygon","coordinates":[[[[135.6889,34.5947],[135.3697,34.5486],[135.3481,34.5453],[135.1025,34.5072],[133.9583,34.2836],[133.8925,34.1294],[133.7425,33.8306],[133.3114,33.5853],[132.9878,33.5111],[132.6528,33.3742],[132.3431,33.2025],[131.8736,32.87],[131.8089,32.5792],[132.4925,32.1661],[132.7872,32.0822],[133.2472,31.4703],[133.9975,32.0036],[134.9983,32.8467],[134.5,33.5083],[134.9647,33.8319],[135.6889,34.1472],[135.6889,34.5947]]]]}},{"type":"Feature","properties":{"key":"RJDG-N#dom"},"geometry":{"type":"MultiPolygon","coordinates":[[[[141.9961,45.7519],[139.9964,45.7519],[138,43.2833],[137.1518,42.1437],[138.4617,39.8861],[139.2939,39.2903],[139.9967,39.0028],[140.1367,39.0028],[140.4128,39.0028],[140.9153,39.235],[142.1797,39.8028],[142.5797,40.0028],[143.8961,40.5361],[143.9294,40.5528],[144.0128,41.0028],[146.5147,43.0169],[146.5937,43.0777],[146.2167,43.2],[145.8667,43.3333],[145.8,43.4333],[145.5833,43.4],[145.3667,43.5],[145.45,43.6167],[145.3333,43.6833],[145.25,43.7833],[145.2667,43.8833],[145.3167,44.05],[145.7333,44.45],[145.6667,44.5],[142.7317,45.52],[142.7167,45.52],[141.9961,45.7519]]]]}},{"type":"Feature","properties":{"key":"RJDG-S#dom"},"geometry":{"type":"MultiPolygon","coordinates":[[[[124,30],[124,26.4192],[124,23.3],[121.3,21],[126.8528,21.0004],[127.0606,21.2578],[128.7125,23.2464],[129.7383,24.5847],[130.3675,24.86],[130.5792,25.0933],[131.1569,25.8744],[131.6431,26.4039],[131.855,26.6328],[131.9511,26.7564],[132.0747,27.3892],[132.7597,28.1314],[133.4303,28.8314],[132.2939,29.5278],[133.11,30.1008],[132.3239,30.7997],[132.1464,30.6644],[131.4978,30.0036],[131.3497,30.0036],[128.9978,30.0036],[128.9978,31.0142],[127.545,31.0142],[126.6997,30.0036],[125.4167,30],[124,30]]]]}},{"type":"Feature","properties":{"key":"RJDG-W#dom"},"geometry":{"type":"MultiPolygon","coordinates":[[[[129.7715,35.1146],[129.1667,34.6667],[127.5,32.5],[126.8333,32.5],[125.4167,30],[126.6997,30.0036],[127.545,31.0142],[128.9978,31.0142],[128.9978,30.0036],[131.3497,30.0036],[131.4978,30.0036],[132.1464,30.6644],[132.3239,30.7997],[133.11,30.1008],[134.9972,31.3831],[135.7361,31.1619],[136.0139,30.5036],[138.3272,30.5217],[138.3964,31.965],[137.4494,31.9389],[137.4161,33.0325],[137.0406,32.8803],[136.2989,33.0017],[136.0167,33.0458],[135.61,33.0044],[134.9983,32.8467],[134.5,33.5083],[134.9647,33.8319],[135.6889,34.1472],[135.6889,34.5947],[135.3697,34.5486],[135.3481,34.5453],[135.1025,34.5072],[133.9583,34.2836],[133.8811,34.3756],[133.6906,34.5722],[133.4383,34.8047],[133.4233,34.8186],[132.9892,35.2147],[132.3244,35.3783],[131.7981,35.3286],[129.7333,35.1106],[129.7715,35.1146]]]]}},{"type":"Feature","properties":{"key":"RJJJ#ocn"},"geometry":{"type":"MultiPolygon","coordinates":[[[[146.5937,43.0777],[146.8333,43],[150,45],[158.9887,50.0972],[159,50.0833],[162.9167,45.7],[165,43],[165,29],[151,21],[130,21],[126.8528,21.0004],[127.0606,21.2578],[128.7125,23.2464],[129.7383,24.5847],[130.3675,24.86],[130.5792,25.0933],[131.1569,25.8744],[131.6431,26.4039],[131.855,26.6328],[131.9511,26.7564],[132.0747,27.3892],[132.7597,28.1314],[133.4303,28.8314],[132.2939,29.5278],[133.11,30.1008],[134.9972,31.3831],[135.7361,31.1619],[136.0139,30.5036],[138.3272,30.5217],[140.3303,30.5039],[141.0969,31.5036],[141.0969,32.0006],[141.0967,32.6181],[141.8717,32.6181],[141.7533,33.6164],[142.4667,33.2794],[144.2822,33.2872],[145.6683,35.8467],[145.6636,38.4544],[145.1353,38.6397],[143.2469,39.2894],[143.8828,39.9456],[143.8961,40.5361],[143.9294,40.5528],[144.0128,41.0028],[146.5147,43.0169],[146.5937,43.0777]]]]}},{"type":"Feature","properties":{"key":"RJTG#dom"},"geometry":{"type":"MultiPolygon","coordinates":[[[[140.1322,45.5861],[139.6425,45.0042],[139.0631,44.2978],[138.8436,42.7161],[138.6444,41.2667],[138.5253,40.37],[138.4617,39.8861],[138.19,39.5036],[137.2469,39.5028],[136.6969,39.1361],[137.1542,38.4167],[137.5325,37.81],[137.8622,37.4225],[138.0764,37.1881],[138.6333,37.0639],[138.5075,36.8742],[138.3556,36.3194],[138.3106,36.1539],[137.7983,35.6856],[137.7347,35.6622],[137.6492,35.5583],[137.6909,35.4711],[137.7111,35.4142],[137.7581,35.4486],[137.7386,35.3347],[137.7231,35.2425],[137.7103,35.1675],[137.225,35.05],[136.8458,34.9808],[136.3164,34.7622],[136.0903,34.6539],[135.6889,34.5947],[135.3697,34.5486],[135.3481,34.5453],[135.1025,34.5072],[134.9014,34.3072],[134.9489,33.9508],[134.9972,33.5844],[134.9983,32.8467],[135.61,33.0044],[136.0167,33.0458],[136.2989,33.0017],[137.0406,32.8803],[137.4161,33.0325],[137.4494,31.9389],[138.3964,31.965],[141.0969,32.0006],[141.0967,32.6181],[141.8717,32.6181],[141.7533,33.6164],[141.67,34.3083],[142.3075,34.0664],[142.9225,34.0547],[143.2883,35.4436],[143.9964,37.0033],[143.725,37.4931],[141.4511,36.9464],[141.7922,37.5553],[141.8167,37.9547],[142.9333,39.0028],[141.8297,39.0028],[142.1797,39.8028],[142.5797,40.0028],[143.8961,40.5361],[143.9294,40.5528],[144.0128,41.0028],[146.5147,43.0169],[145.7592,43.2672],[145.34,43.4676],[145.2783,43.6833],[145.1292,44.0981],[141.9433,45.5856],[140.1322,45.5861]]]]}},{"type":"Feature","properties":{"key":"RJTG-E#dom"},"geometry":{"type":"MultiPolygon","coordinates":[[[[138.4617,39.8861],[138.19,39.5036],[137.2469,39.5028],[136.6969,39.1361],[137.1542,38.4167],[137.5325,37.81],[137.8622,37.4225],[138.0764,37.1881],[138.6333,37.0639],[138.5075,36.8742],[138.3556,36.3194],[138.7956,36.2683],[139.2353,36.2156],[139.3117,36.0397],[139.6183,36],[140.2844,35.8564],[140.5767,35.7047],[140.8167,35.5789],[141.1094,35.2931],[141.4353,34.7008],[141.67,34.3083],[142.3075,34.0664],[142.9225,34.0547],[143.2883,35.4436],[143.9964,37.0033],[143.725,37.4931],[141.4511,36.9464],[141.7922,37.5553],[141.8167,37.9547],[142.9333,39.0028],[141.8297,39.0028],[140.9128,39.0028],[140.4128,39.0028],[140.1367,39.0028],[139.9967,39.0028],[139.2939,39.2903],[138.4617,39.8861]]]]}},{"type":"Feature","properties":{"key":"RJTG-N#dom"},"geometry":{"type":"MultiPolygon","coordinates":[[[[140.1322,45.5861],[139.6425,45.0042],[139.0631,44.2978],[138.8436,42.7161],[138.6444,41.2667],[138.5253,40.37],[138.4617,39.8861],[139.2939,39.2903],[139.9967,39.0028],[140.1367,39.0028],[140.4128,39.0028],[140.9128,39.0028],[141.8297,39.0028],[142.1797,39.8028],[142.5797,40.0028],[143.8961,40.5361],[143.9294,40.5528],[144.0128,41.0028],[146.5147,43.0169],[145.7592,43.2672],[145.34,43.4676],[145.2783,43.6833],[145.1292,44.0981],[141.9433,45.5856],[140.1322,45.5861]]]]}},{"type":"Feature","properties":{"key":"RJTG-S#dom"},"geometry":{"type":"MultiPolygon","coordinates":[[[[138.4617,39.8861],[138.19,39.5036],[137.2469,39.5028],[136.6969,39.1361],[137.1542,38.4167],[137.5325,37.81],[137.8622,37.4225],[138.0764,37.1881],[138.6333,37.0639],[138.5075,36.8742],[138.3556,36.3194],[138.3106,36.1539],[137.7983,35.6856],[137.7347,35.6622],[137.6492,35.5583],[137.6909,35.4711],[137.7111,35.4142],[137.7581,35.4486],[137.7386,35.3347],[137.7231,35.2425],[137.7103,35.1675],[137.225,35.05],[136.8458,34.9808],[136.3164,34.7622],[136.0903,34.6539],[135.6889,34.5947],[135.3697,34.5486],[135.3481,34.5453],[135.1025,34.5072],[134.9014,34.3072],[134.9489,33.9508],[134.9972,33.5844],[134.9983,32.8467],[135.61,33.0044],[136.0167,33.0458],[136.2989,33.0017],[137.0406,32.8803],[137.4161,33.0325],[137.4494,31.9389],[138.3964,31.965],[141.0969,32.0006],[141.0967,32.6181],[141.8717,32.6181],[141.7533,33.6164],[141.67,34.3083],[142.3075,34.0664],[142.9225,34.0547],[143.2883,35.4436],[143.9964,37.0033],[143.725,37.4931],[141.4511,36.9464],[141.7922,37.5553],[141.8167,37.9547],[142.9333,39.0028],[141.8297,39.0028],[140.9128,39.0028],[140.4128,39.0028],[140.1367,39.0028],[139.9967,39.0028],[139.2939,39.2903],[138.4617,39.8861]]]]}},{"type":"Feature","properties":{"key":"RJTG-T25#dom"},"geometry":{"type":"MultiPolygon","coordinates":[[[[137.7103,35.1675],[137.225,35.05],[136.8458,34.9808],[136.3164,34.7622],[136.0903,34.6539],[135.6889,34.5947],[135.6889,34.1472],[136.1606,34.2694],[136.3719,34.2147],[136.8847,34.08],[137.4394,33.9314],[137.5894,33.9589],[137.8408,34.8422],[137.6819,35],[137.7103,35.1675]]]]}},{"type":"Feature","properties":{"key":"RJTG-T30#dom"},"geometry":{"type":"MultiPolygon","coordinates":[[[[140.1322,45.5861],[139.6425,45.0042],[139.0631,44.2978],[138.8436,42.7161],[139.9964,42.2156],[140.9658,42.4614],[141.6736,42.3244],[141.6411,42.2158],[141.6633,41.9817],[141.6556,41.9544],[141.6189,41.9194],[141.3339,41.6467],[141.2808,41.4586],[141.2692,41.4167],[142.1222,41.4167],[143.2794,41.0028],[144.0128,41.0028],[146.5147,43.0169],[145.7592,43.2672],[145.34,43.4676],[145.2783,43.6833],[145.1292,44.0981],[141.9433,45.5856],[140.1322,45.5861]]]]}},{"type":"Feature","properties":{"key":"RJTG-T31#dom"},"geometry":{"type":"MultiPolygon","coordinates":[[[[138.8436,42.7161],[138.6444,41.2667],[138.9714,40.3733],[140.7381,40.37],[140.7381,40.37],[141.1939,40.4794],[141.1747,41],[141.1719,41.0683],[141.2692,41.4167],[141.2808,41.4586],[141.3339,41.6467],[141.6189,41.9194],[141.6556,41.9544],[141.6633,41.9817],[141.6411,42.2158],[141.6736,42.3244],[140.9658,42.4614],[139.9964,42.2156],[138.8436,42.7161]]]]}},{"type":"Feature","properties":{"key":"RJTG-T32#dom"},"geometry":{"type":"MultiPolygon","coordinates":[[[[141.2692,41.4167],[141.1719,41.0683],[141.1747,41],[140.4119,41.0028],[140.2737,41.0526],[140.1142,41.1359],[139.9765,41.2385],[139.9519,41.2642],[139.9286,41.2644],[138.6444,41.2667],[138.5253,40.37],[138.4617,39.8861],[139.2939,39.2903],[139.9967,39.0028],[140.1367,39.0028],[140.4128,39.0028],[140.9128,39.0028],[141.8297,39.0028],[142.1797,39.8028],[142.5797,40.0028],[143.8961,40.5361],[143.9294,40.5528],[144.0128,41.0028],[143.2794,41.0028],[142.1222,41.4167],[141.2692,41.4167]]]]}},{"type":"Feature","properties":{"key":"RJTG-T33#dom"},"geometry":{"type":"MultiPolygon","coordinates":[[[[138.4617,39.8861],[138.19,39.5036],[137.2469,39.5028],[136.6969,39.1361],[137.1542,38.4167],[137.5325,37.81],[137.8622,37.4225],[138.0764,37.1881],[138.6333,37.0639],[139.1417,37.3458],[139.7597,37.6825],[140.4631,37.8383],[140.9128,39.0028],[140.4128,39.0028],[140.1367,39.0028],[139.9967,39.0028],[139.2939,39.2903],[138.4617,39.8861]]]]}},{"type":"Feature","properties":{"key":"RJTG-T34#dom"},"geometry":{"type":"MultiPolygon","coordinates":[[[[142.9333,39.0028],[141.8297,39.0028],[140.9128,39.0028],[140.4631,37.8383],[140.4631,37.72],[140.4628,37.5575],[140.2214,36.5747],[140.1692,36.2831],[140.3125,36.1064],[140.3489,36.1006],[140.6,36.0833],[140.7297,36.0833],[141.3456,36.0833],[141.3367,36.7519],[141.4511,36.9464],[141.7922,37.5553],[141.8167,37.9547],[142.9333,39.0028]]]]}},{"type":"Feature","properties":{"key":"RJTG-T35#dom"},"geometry":{"type":"MultiPolygon","coordinates":[[[[140.4631,37.8383],[139.1417,37.3458],[139.7597,37.6825],[138.6333,37.0639],[138.5075,36.8742],[138.3556,36.3194],[138.7956,36.2683],[139.2353,36.2156],[139.3117,36.0397],[139.6183,36],[140.2844,35.8564],[140.3125,36.1064],[140.1692,36.2831],[140.2214,36.5747],[140.4628,37.5575],[140.4631,37.72],[140.4631,37.8383]]]]}},{"type":"Feature","properties":{"key":"RJTG-T36#dom"},"geometry":{"type":"MultiPolygon","coordinates":[[[[143.725,37.4931],[141.4511,36.9464],[141.3367,36.7519],[141.3456,36.0833],[140.7297,36.0833],[140.6,36.0833],[140.3489,36.1006],[140.3125,36.1064],[140.2844,35.8564],[140.5767,35.7047],[140.8167,35.5789],[141.1094,35.2931],[141.4353,34.7008],[141.67,34.3083],[142.3075,34.0664],[142.9225,34.0547],[143.2883,35.4436],[143.9964,37.0033],[143.725,37.4931]]]]}},{"type":"Feature","properties":{"key":"RJTG-T38#dom"},"geometry":{"type":"MultiPolygon","coordinates":[[[[138.3556,36.3194],[138.3106,36.1539],[137.7983,35.6856],[137.7347,35.6622],[137.6492,35.5583],[137.6909,35.4711],[137.7111,35.4142],[137.7581,35.4486],[137.7386,35.3347],[137.7231,35.2425],[137.9469,35.3503],[137.9594,35.3508],[139.4586,35.4283],[140.2658,35.6903],[140.5767,35.7047],[140.2844,35.8564],[139.6183,36],[139.3117,36.0397],[139.2353,36.2156],[138.7956,36.2683],[138.3556,36.3194]]]]}},{"type":"Feature","properties":{"key":"RJTG-T39#dom"},"geometry":{"type":"MultiPolygon","coordinates":[[[[140.5767,35.7047],[140.2658,35.6903],[139.4586,35.4283],[137.9594,35.3508],[137.9469,35.3503],[137.7836,35.3406],[137.7386,35.3347],[137.7231,35.2425],[137.7103,35.1675],[137.6819,35],[137.8408,34.8422],[138.0764,34.8558],[138.7628,34.8647],[138.9969,34.9033],[139.2069,34.9372],[139.4119,34.9697],[139.6383,35.0053],[140.2619,35.1106],[140.5464,35.1575],[140.8167,35.5789],[140.5767,35.7047]]]]}},{"type":"Feature","properties":{"key":"RJTG-T40#dom"},"geometry":{"type":"MultiPolygon","coordinates":[[[[139.6383,35.0053],[139.4119,34.9697],[139.2069,34.9372],[138.9969,34.9033],[138.7628,34.8647],[138.0764,34.8558],[137.8408,34.8422],[137.5894,33.9589],[138.0208,34.0364],[138.3997,34.1031],[139.3089,34.4542],[139.4364,34.4533],[140.2606,34.9347],[140.2619,35.1106],[139.6383,35.0053]]]]}},{"type":"Feature","properties":{"key":"RJTG-T41#dom"},"geometry":{"type":"MultiPolygon","coordinates":[[[[139.3089,34.4542],[138.3997,34.1031],[138.0208,34.0364],[137.5894,33.9589],[137.4394,33.9314],[136.8847,34.08],[136.5769,33.7475],[136.4003,33.2733],[136.2989,33.0017],[137.0406,32.8803],[137.4161,33.0325],[137.9258,33.3397],[139.3761,34.0778],[139.4364,34.4533],[139.3089,34.4542]]]]}},{"type":"Feature","properties":{"key":"RJTG-T42#dom"},"geometry":{"type":"MultiPolygon","coordinates":[[[[140.8167,35.5789],[140.5464,35.1575],[140.2619,35.1106],[139.6383,35.0053],[139.4364,34.4533],[139.3761,34.0778],[137.9258,33.3397],[137.4161,33.0325],[137.4494,31.9389],[138.3964,31.965],[141.0969,32.0006],[141.0967,32.6181],[141.8717,32.6181],[141.7533,33.6164],[141.67,34.3083],[141.4353,34.7008],[141.1094,35.2931],[140.8167,35.5789]]]]}},{"type":"Feature","properties":{"key":"RJTG-T45#dom"},"geometry":{"type":"MultiPolygon","coordinates":[[[[137.7103,35.1675],[137.225,35.05],[136.8458,34.9808],[136.3164,34.7622],[136.0903,34.6539],[135.6889,34.5947],[135.3697,34.5486],[135.3481,34.5453],[135.1025,34.5072],[134.9014,34.3072],[134.9489,33.9508],[135.6889,34.1472],[136.1606,34.2694],[136.3719,34.2147],[136.8847,34.08],[137.4394,33.9314],[137.5894,33.9589],[137.8408,34.8422],[137.6819,35],[137.7103,35.1675]]]]}},{"type":"Feature","properties":{"key":"RJTG-T46#dom"},"geometry":{"type":"MultiPolygon","coordinates":[[[[136.1606,34.2694],[135.6889,34.1472],[134.9489,33.9508],[134.9972,33.5844],[134.9983,32.8467],[135.61,33.0044],[136.0167,33.0458],[136.2989,33.0017],[136.4003,33.2733],[136.5769,33.7475],[136.8847,34.08],[136.3719,34.2147],[136.1606,34.2694]]]]}},{"type":"Feature","properties":{"key":"RJTG-W#dom"},"geometry":{"type":"MultiPolygon","coordinates":[[[[138.3556,36.3194],[138.3106,36.1539],[137.7983,35.6856],[137.7347,35.6622],[137.6492,35.5583],[137.6909,35.4711],[137.7111,35.4142],[137.7581,35.4486],[137.7386,35.3347],[137.7231,35.2425],[137.7103,35.1675],[137.225,35.05],[136.8458,34.9808],[136.3164,34.7622],[136.0903,34.6539],[135.6889,34.5947],[135.3697,34.5486],[135.3481,34.5453],[135.1025,34.5072],[134.9014,34.3072],[134.9489,33.9508],[134.9972,33.5844],[134.9983,32.8467],[135.61,33.0044],[136.0167,33.0458],[136.2989,33.0017],[137.0406,32.8803],[137.4161,33.0325],[137.4494,31.9389],[138.3964,31.965],[141.0969,32.0006],[141.0967,32.6181],[141.8717,32.6181],[141.7533,33.6164],[141.67,34.3083],[141.4353,34.7008],[141.1094,35.2931],[140.8167,35.5789],[140.5767,35.7047],[140.2844,35.8564],[139.6183,36],[139.3117,36.0397],[139.2353,36.2156],[138.7956,36.2683],[138.3556,36.3194]]]]}},{"type":"Feature","properties":{"key":"RKDA#dom"},"geometry":{"type":"MultiPolygon","coordinates":[[[[124,38],[124.85,38],[124.9028,37.9528],[124.8917,37.875],[124.9556,37.7583],[125.1528,37.6167],[125.3261,37.6167],[125.3825,37.6354],[125.5242,37.6864],[125.7544,37.7189],[126.0184,37.6641],[126.1797,37.7263],[126.2101,37.8151],[126.3556,37.8472],[126.4389,37.8472],[126.5917,37.7722],[126.6833,37.8083],[126.6833,37.9528],[126.7861,37.9667],[126.8694,38.0417],[126.8778,38.1],[126.9611,38.1444],[126.9694,38.2167],[127.1417,38.3194],[127.2333,38.3417],[127.3,38.3222],[127.3917,38.3333],[127.5083,38.3028],[127.5694,38.3333],[127.6644,38.3389],[127.7861,38.3472],[127.8222,38.3194],[127.8917,38.3333],[128.0472,38.3167],[128.1361,38.3389],[128.2556,38.4111],[128.3,38.4722],[128.3139,38.5972],[128.3667,38.6333],[133.6472,38.6361],[132.9972,38.0028],[132.9972,37.5028],[131.1002,36.1037],[130.17,35.4117],[129.1667,34.6667],[128.8827,34.3014],[128.4595,33.754],[127.3314,33.6256],[127.3314,34.0833],[127.3144,35.1531],[127.6478,35.2197],[127.8311,35.5031],[127.6144,35.7531],[127.6144,36.2031],[127.1911,36.7386],[127.3486,36.8383],[127.5608,36.9711],[127.2311,37.1194],[126.9375,37.0839],[125.8061,36.9472],[125.6,36.9086],[125.6,36.3333],[124,36.3333],[124,38]]]]}},{"type":"Feature","properties":{"key":"RKDA-C#dom"},"geometry":{"type":"MultiPolygon","coordinates":[[[[127.5608,36.9711],[129.0811,35.9036],[129.1597,35.4117],[130.17,35.4117],[129.1667,34.6667],[128.8827,34.3014],[128.4595,33.754],[127.3314,33.6256],[127.3314,34.0833],[127.3144,35.1531],[127.6478,35.2197],[127.8311,35.5031],[127.6144,35.7531],[127.6144,36.2031],[127.1911,36.7386],[127.3486,36.8383],[127.5608,36.9711]]]]}},{"type":"Feature","properties":{"key":"RKDA-E#dom"},"geometry":{"type":"MultiPolygon","coordinates":[[[[127.6644,38.3389],[127.7861,38.3472],[127.8222,38.3194],[127.8917,38.3333],[128.0472,38.3167],[128.1361,38.3389],[128.2556,38.4111],[128.3,38.4722],[128.3139,38.5972],[128.3667,38.6333],[133.6472,38.6361],[132.9972,38.0028],[132.9972,37.5028],[131.1002,36.1037],[130.17,35.4117],[129.1597,35.4117],[129.0811,35.9036],[127.5608,36.9711],[127.6397,37.0197],[127.6644,37.0361],[127.6644,37.1111],[127.6644,38.3389]]]]}},{"type":"Feature","properties":{"key":"RKDA-W#dom"},"geometry":{"type":"MultiPolygon","coordinates":[[[[124,38],[124.85,38],[124.9028,37.9528],[124.8917,37.875],[124.9556,37.7583],[125.1528,37.6167],[125.3261,37.6167],[125.3825,37.6354],[125.5242,37.6864],[125.7544,37.7189],[126.0184,37.6641],[126.1797,37.7263],[126.2101,37.8151],[126.3556,37.8472],[126.4389,37.8472],[126.5917,37.7722],[126.6833,37.8083],[126.6833,37.9528],[126.7861,37.9667],[126.8694,38.0417],[126.8778,38.1],[126.9611,38.1444],[126.9694,38.2167],[127.1417,38.3194],[127.2333,38.3417],[127.3,38.3222],[127.3917,38.3333],[127.5083,38.3028],[127.5694,38.3333],[127.6644,38.3389],[127.6644,37.1111],[127.6644,37.0361],[127.6397,37.0197],[127.5608,36.9711],[127.2311,37.1194],[126.9375,37.0839],[125.8061,36.9472],[125.6,36.9086],[125.6,36.3333],[124,36.3333],[124,38]]]]}},{"type":"Feature","properties":{"key":"RKRR#dom"},"geometry":{"type":"MultiPolygon","coordinates":[[[[124,38],[124.85,38],[124.9028,37.9528],[124.8917,37.875],[124.9556,37.7583],[125.1528,37.6167],[125.3261,37.6167],[125.3825,37.6354],[125.5242,37.6864],[125.7544,37.7189],[126.0184,37.6641],[126.1797,37.7263],[126.2101,37.8151],[126.3556,37.8472],[126.4389,37.8472],[126.5917,37.7722],[126.6833,37.8083],[126.6833,37.9528],[126.7861,37.9667],[126.8694,38.0417],[126.8778,38.1],[126.9611,38.1444],[126.9694,38.2167],[127.1417,38.3194],[127.2333,38.3417],[127.3,38.3222],[127.3917,38.3333],[127.5083,38.3028],[127.5694,38.3333],[127.6644,38.3389],[127.7861,38.3472],[127.8222,38.3194],[127.8917,38.3333],[128.0472,38.3167],[128.1361,38.3389],[128.2556,38.4111],[128.3,38.4722],[128.3139,38.5972],[128.3667,38.6333],[133.6472,38.6361],[132.9972,38.0028],[132.9972,37.5028],[130.3301,35.5282],[129.1667,34.6667],[127.5,32.5],[126.8333,32.5],[125.4167,30],[124,30],[124,36.36],[124,38]]]]}},{"type":"Feature","properties":{"key":"RKRR-N#dom"},"geometry":{"type":"MultiPolygon","coordinates":[[[[124,36.3333],[125.6,36.3333],[125.6,36.9086],[125.8061,36.9472],[126.9375,37.0839],[127.2311,37.1194],[127.5608,36.9711],[127.3486,36.8383],[127.1911,36.7386],[127.6144,36.2031],[127.6144,35.7531],[127.8311,35.5031],[127.6478,35.2197],[127.3144,35.1531],[127.3314,34.2533],[127.3314,34.0833],[126.7325,33.8808],[126.5672,33.8417],[124,33.8417],[124,36.3333]]]]}},{"type":"Feature","properties":{"key":"RKRR-S#dom"},"geometry":{"type":"MultiPolygon","coordinates":[[[[124,33.8417],[126.5672,33.8417],[126.7325,33.8808],[127.3314,34.0833],[127.3314,33.6256],[128.4595,33.754],[127.5,32.5],[126.8333,32.5],[125.4167,30],[124,30],[124,33.8417]]]]}},{"type":"Feature","properties":{"key":"RPHI#dom"},"geometry":{"type":"MultiPolygon","coordinates":[[[[114,16.6667],[115.5377,18.5989],[116.1235,19.3239],[117.5,21],[118.1897,21],[121.3,21],[121.5,21],[124,21],[126.8528,21.0004],[130,21],[130,7],[132.5333,4],[124.6458,4],[121.25,4],[120,4],[117.9,7],[117.5,7.5],[116.5,8.4167],[116.1945,8.6701],[114,10.5],[114,12.3667],[114,12.5],[113.9966,15.7344],[114,16.6667]]]]}},{"type":"Feature","properties":{"key":"RPHI-2#dom"},"geometry":{"type":"MultiPolygon","coordinates":[[[[121.0217,14.508],[122.0374,14.3389],[124.6922,13.8647],[130,13],[130,7],[132.5333,4],[124.6458,4],[121.25,4],[120,4],[117.9,7],[120.2814,10.5122],[120.5425,11.1803],[120.7,12.35],[120.8724,13.5176],[121.0217,14.508]]]]}},{"type":"Feature","properties":{"key":"RPHI-C#dom"},"geometry":{"type":"MultiPolygon","coordinates":[[[[120,18],[122.6,17.4111],[125.3533,16.7436],[124.6922,13.8647],[124.3722,12.3719],[124.2569,12.3719],[123.6306,12.3692],[122.7486,12.3644],[122.4099,12.3681],[121.6975,12.3648],[121.0014,12.3586],[120.7,12.35],[120.5425,11.1803],[120.2814,10.5122],[119.2036,10.6794],[117.2564,11.7083],[116.7628,13.7256],[116.4617,15],[117.9942,16.3356],[120,18]]]]}},{"type":"Feature","properties":{"key":"RPHI-CE#dom"},"geometry":{"type":"MultiPolygon","coordinates":[[[[122.6,17.4111],[125.3533,16.7436],[124.6922,13.8647],[122.0374,14.3389],[121.0217,14.508],[121.4942,15.4017],[122.6,17.4111]]]]}},{"type":"Feature","properties":{"key":"RPHI-CN#dom"},"geometry":{"type":"MultiPolygon","coordinates":[[[[120,18],[120.8875,17.8069],[122.6,17.4111],[121.4942,15.4017],[121.0217,14.508],[120.3974,14.6369],[119.7465,14.8491],[117.9942,16.3356],[119.7065,17.7601],[120,18]]]]}},{"type":"Feature","properties":{"key":"RPHI-CS#dom"},"geometry":{"type":"MultiPolygon","coordinates":[[[[121.0217,14.508],[122.0374,14.3389],[124.6922,13.8647],[124.3722,12.3719],[124.2569,12.3719],[123.6306,12.3692],[122.7486,12.3644],[122.4099,12.3681],[121.6975,12.3648],[121.0014,12.3586],[120.7,12.35],[120.8724,13.5176],[121.0217,14.508]]]]}},{"type":"Feature","properties":{"key":"RPHI-CW#dom"},"geometry":{"type":"MultiPolygon","coordinates":[[[[121.0217,14.508],[120.8724,13.5176],[120.7,12.35],[120.5425,11.1803],[120.2814,10.5122],[119.2036,10.6794],[117.2564,11.7083],[116.7628,13.7256],[116.4617,15],[117.9942,16.3356],[119.7465,14.8491],[120.3974,14.6369],[121.0217,14.508]]]]}},{"type":"Feature","properties":{"key":"RPHI-N#dom"},"geometry":{"type":"MultiPolygon","coordinates":[[[[117.5,21],[118.1897,21],[121.3,21],[121.5,21],[124,21],[126.8528,21.0004],[130,21],[130,13],[124.6922,13.8647],[122.0374,14.3389],[121.0217,14.508],[120.3974,14.6369],[119.7465,14.8491],[117.9942,16.3356],[116.4617,15],[114,12.5],[113.9966,15.7344],[114,16.6667],[115.5377,18.5989],[116.1235,19.3239],[117.5,21]]]]}},{"type":"Feature","properties":{"key":"RPHI-N1#dom"},"geometry":{"type":"MultiPolygon","coordinates":[[[[121.0217,14.508],[120.3974,14.6369],[119.7465,14.8491],[117.9942,16.3356],[119.7065,17.7601],[120,18],[120.8875,17.8069],[122.6,17.4111],[125.3533,16.7436],[124.6922,13.8647],[122.0374,14.3389],[121.0217,14.508]]]]}},{"type":"Feature","properties":{"key":"RPHI-NE#dom"},"geometry":{"type":"MultiPolygon","coordinates":[[[[124.6922,13.8647],[125.3533,16.7436],[122.6,17.4111],[124,21],[126.8528,21.0004],[130,21],[130,13],[124.6922,13.8647]]]]}},{"type":"Feature","properties":{"key":"RPHI-NW#dom"},"geometry":{"type":"MultiPolygon","coordinates":[[[[114,12.5],[113.9966,15.7344],[114,16.6667],[115.5377,18.5989],[116.1235,19.3239],[117.5,21],[118.1897,21],[121.3,21],[121.5,21],[124,21],[122.6,17.4111],[120.8875,17.8069],[120,18],[119.7065,17.7601],[117.9942,16.3356],[116.4617,15],[114,12.5]]]]}},{"type":"Feature","properties":{"key":"RPHI-S#dom"},"geometry":{"type":"MultiPolygon","coordinates":[[[[124.6922,13.8647],[122.0374,14.3389],[121.0217,14.508],[120.3974,14.6369],[119.7465,14.8491],[117.9942,16.3356],[116.4617,15],[114,12.5],[114,12.3667],[114,10.5],[116.1945,8.6701],[116.5,8.4167],[117.5,7.5],[117.9,7],[120,4],[121.25,4],[124.6458,4],[132.5333,4],[130,7],[130,13],[124.6922,13.8647]]]]}},{"type":"Feature","properties":{"key":"RPHI-S1#dom"},"geometry":{"type":"MultiPolygon","coordinates":[[[[121.0217,14.508],[122.0374,14.3389],[124.6922,13.8647],[124.3722,12.3719],[124.2569,12.3719],[123.6306,12.3692],[122.7486,12.3644],[122.4099,12.3681],[121.6975,12.3648],[121.0014,12.3586],[120.7,12.35],[120.5425,11.1803],[120.2814,10.5122],[119.2036,10.6794],[117.2564,11.7083],[116.7628,13.7256],[116.4617,15],[117.9942,16.3356],[119.7465,14.8491],[120.3974,14.6369],[121.0217,14.508]]]]}},{"type":"Feature","properties":{"key":"RPHI-SE#dom"},"geometry":{"type":"MultiPolygon","coordinates":[[[[122.4099,12.3681],[122.7486,12.3644],[123.6306,12.3692],[124.2569,12.3719],[124.3722,12.3719],[124.6922,13.8647],[130,13],[130,7],[132.5333,4],[124.6458,4],[124.4921,5.505],[124.0722,7.9633],[124,9.0286],[123.9624,9.1596],[123.9883,10.3136],[123.4712,10.9656],[123.1443,11.4174],[122.4099,12.3681]]]]}},{"type":"Feature","properties":{"key":"RPHI-SW#dom"},"geometry":{"type":"MultiPolygon","coordinates":[[[[120.7,12.35],[121.0014,12.3586],[121.6975,12.3648],[122.4099,12.3681],[123.1443,11.4174],[123.4712,10.9656],[123.9883,10.3136],[123.9624,9.1596],[124,9.0361],[124.0717,7.9722],[124.4921,5.505],[124.6458,4],[121.25,4],[120,4],[117.9,7],[120.2814,10.5122],[120.5425,11.1803],[120.7,12.35]]]]}},{"type":"Feature","properties":{"key":"RPHI-W#dom"},"geometry":{"type":"MultiPolygon","coordinates":[[[[116.4617,15],[116.7628,13.7256],[117.2564,11.7083],[119.2036,10.6794],[120.2814,10.5122],[117.9,7],[117.5,7.5],[116.5,8.4167],[116.1945,8.6701],[114,10.5],[114,12.3667],[114,12.5],[116.4617,15]]]]}},{"type":"Feature","properties":{"key":"SBAO#ocn"},"geometry":{"type":"MultiPolygon","coordinates":[[[[-49.3301,2.8265],[-47.0542,1.2353],[-41.8556,-2.1744],[-41.7,-1.7569],[-40.7822,0.9303],[-39.9331,0.5036],[-39,0],[-37.9531,-0.4917],[-36.2217,-1.3619],[-35.4608,-1.7439],[-34.8803,-2.0189],[-33.5089,-2.6381],[-32.1211,-3.2717],[-31.2094,-3.3882],[-29.2432,-3.6192],[-28.3914,-4.0714],[-30.1192,-6.5894],[-31.8644,-9.1011],[-32.9956,-10.7084],[-33.7561,-11.7775],[-34.4171,-12.7023],[-35.0828,-13.6253],[-35.8551,-14.6957],[-37.0281,-16.2961],[-37.6216,-17.4696],[-38.2428,-18.6793],[-37.6728,-18.8625],[-38.3444,-19.7896],[-39.6257,-20.5074],[-39.678,-20.598],[-39.8122,-20.745],[-39.0163,-21.5594],[-38.1472,-22.4338],[-38.8208,-22.9825],[-39.5692,-23.5814],[-40.2731,-24.1306],[-40.9592,-24.6653],[-43.75,-26.75],[-45.396,-28.7836],[-46.8336,-30.4004],[-50.3972,-34],[-42,-34],[-30,-34],[-10,-34],[-10,-32.9333],[-10,-19.8818],[-10,-17.4508],[-10,-15.8567],[-10,-12],[-9.9997,-6.365],[-16,-6.3667],[-35,7.6667],[-40,5],[-48,5],[-51.55,4.4167],[-49.3301,2.8265]]]]}},{"type":"Feature","properties":{"key":"SBAO-N#ocn"},"geometry":{"type":"MultiPolygon","coordinates":[[[[-51.55,4.4167],[-48,5],[-40,5],[-38.6544,5.6908],[-37.3333,6.4167],[-37.0767,6.5883],[-35,7.6667],[-34.1104,7.0236],[-32.3326,5.7295],[-31.6317,5.2167],[-30.805,4.6019],[-28.8,3.1283],[-27.5094,2.1675],[-24.1349,-0.3502],[-21.4245,-2.3693],[-19.308,-3.9386],[-17.4706,-5.2926],[-16,-6.3667],[-10,-6.3667],[-10,-12.0006],[-9.9994,-19.8819],[-11.7341,-19.2015],[-13.4545,-18.5048],[-15.1608,-17.7924],[-16.8535,-17.0653],[-18.533,-16.3241],[-20.1998,-15.5696],[-21.8544,-14.8026],[-23.4973,-14.0236],[-25.1291,-13.2336],[-26.7503,-12.4332],[-28.0482,-11.4999],[-30.0907,-10.0145],[-31.1903,-9.4499],[-31.8644,-9.1011],[-30.1192,-6.5894],[-28.3914,-4.0714],[-29.2432,-3.6192],[-31.2094,-3.3882],[-32.1211,-3.2717],[-33.5089,-2.6381],[-34.8803,-2.0189],[-35.4608,-1.7439],[-36.2217,-1.3619],[-37.9531,-0.4917],[-39,0],[-39.9331,0.5036],[-40.7822,0.9303],[-41.7,-1.7569],[-41.8556,-2.1744],[-47.0542,1.2353],[-49.3301,2.8265],[-51.55,4.4167]]]]}},{"type":"Feature","properties":{"key":"SBAO-NW#ocn"},"geometry":{"type":"MultiPolygon","coordinates":[[[[-51.55,4.4167],[-48,5],[-40,5],[-37.3333,6.4167],[-35,7.6667],[-34.1104,7.0236],[-32.3326,5.7295],[-31.6317,5.2167],[-30.805,4.6019],[-28.8,3.1283],[-27.5094,2.1675],[-24.1349,-0.3502],[-26.2339,-3.0872],[-28.3437,-5.8198],[-29.761,-7.6373],[-31.1903,-9.4499],[-31.8644,-9.1011],[-30.1192,-6.5894],[-28.3914,-4.0714],[-29.2432,-3.6192],[-31.2094,-3.3882],[-32.1211,-3.2717],[-33.5089,-2.6381],[-34.8803,-2.0189],[-35.4608,-1.7439],[-36.2217,-1.3619],[-37.9531,-0.4917],[-39,0],[-39.9331,0.5036],[-40.7822,0.9303],[-41.7,-1.7569],[-41.8556,-2.1744],[-47.0542,1.2353],[-49.3301,2.8265],[-51.55,4.4167]]]]}},{"type":"Feature","properties":{"key":"SBAZ#dom"},"geometry":{"type":"MultiPolygon","coordinates":[[[[-54.1233,-17.4058],[-54.691,-17.5713],[-55.5281,-17.6556],[-56.9803,-17.7881],[-57.7127,-17.8333],[-57.8274,-17.4666],[-58.2382,-17.3392],[-58.4643,-16.8813],[-58.3422,-16.3337],[-60.15,-16.25],[-60.225,-15.4583],[-60.5167,-15.1333],[-60.3833,-15.1333],[-60.3333,-14.5667],[-60.4167,-14.1833],[-60.375,-14],[-60.3833,-13.8417],[-61.05,-13.45],[-61.8167,-13.5],[-62.1167,-13.125],[-62.825,-12.9167],[-63.0833,-12.625],[-63.3333,-12.65],[-63.75,-12.4],[-64,-12.3333],[-64.4167,-12.4],[-64.45,-12.25],[-64.95,-11.8833],[-65.2917,-11.3833],[-65.2833,-10.9667],[-65.3583,-10.5833],[-65.25,-10.2417],[-65.2667,-9.8167],[-65.4167,-9.6083],[-65.5833,-9.7917],[-65.7333,-9.7083],[-66.4587,-9.8282],[-67.0246,-10.2451],[-67.5035,-10.4846],[-68.05,-10.6917],[-68.2667,-10.9333],[-68.5688,-11.0981],[-68.7167,-11],[-69.4,-10.9333],[-69.55,-10.95],[-69.8833,-10.9],[-70.3333,-11.05],[-70.525,-10.9],[-70.6,-10.9667],[-70.5833,-10.2167],[-70.4667,-9.3667],[-71.3167,-9.9667],[-72.1,-9.975],[-72.25,-9.5167],[-72.55,-9.4083],[-73.1833,-9.4],[-72.8833,-9.075],[-73.3333,-8.4667],[-73.5,-8.3333],[-73.6667,-7.9167],[-73.6667,-7.8],[-73.9333,-7.5833],[-73.8833,-7.4167],[-73.65,-7.325],[-73.7833,-7.1],[-73.6417,-6.8],[-73.1083,-6.4667],[-73.1583,-6.05],[-72.9667,-5.7],[-72.85,-5.2],[-71.9,-4.5583],[-70.95,-4.4167],[-70.7833,-4.2167],[-70.3833,-4.1917],[-70.2,-4.3417],[-70.0167,-4.3417],[-69.9838,-4.2171],[-69.9338,-4.2171],[-69.7064,-3.0232],[-69.4005,-1.417],[-69.3171,-1.2587],[-69.5338,-0.7754],[-69.5505,-0.5337],[-70.0005,-0.2004],[-70.0171,0.5496],[-69.4171,0.6663],[-69.3005,0.5913],[-69.1005,0.6163],[-69.1505,1.0663],[-69.8338,1.1163],[-69.8338,1.708],[-68.1171,1.7163],[-68.2005,1.9663],[-67.9338,1.683],[-67.4171,2.133],[-67.1505,1.733],[-67.0921,1.158],[-66.8338,1.183],[-66.3333,0.7417],[-65.7838,0.7663],[-65.2671,0.883],[-64.9171,1.208],[-64.7671,1.233],[-64.4505,1.4496],[-64.3505,1.383],[-64.0671,1.633],[-64.0338,2.0163],[-63.8171,1.9663],[-63.3671,2.1496],[-63.3338,2.4663],[-63.8505,2.3496],[-64.2171,2.533],[-64.2005,2.708],[-64.2838,3.183],[-64.1171,3.3496],[-64.0671,3.5996],[-64.1671,3.9163],[-64.4838,3.9996],[-64.6171,4.2163],[-64.2005,4.1996],[-63.9921,4.0496],[-63.5838,3.9163],[-63.2005,3.8996],[-63.1338,3.7663],[-63.0005,3.683],[-62.7171,3.6746],[-62.7505,3.9996],[-61.9338,4.1163],[-61.5004,4.283],[-61.5004,4.3997],[-60.9671,4.5247],[-60.7171,4.7663],[-60.5504,4.9663],[-60.6667,5.1833],[-60.4333,5.1667],[-60.2,5.2333],[-60,5.0667],[-60.0667,4.75],[-60.1833,4.5333],[-59.7167,4.3833],[-59.75,4.2333],[-59.5667,3.9333],[-59.6,3.8333],[-59.8833,3.6],[-59.85,3.3833],[-60.0333,2.8333],[-59.9167,2.5],[-59.75,2.2333],[-59.7667,1.8333],[-59.6667,1.8333],[-59.6833,1.7667],[-59.25,1.3667],[-59,1.3],[-58.8167,1.15],[-58.65,1.25],[-58.45,1.25],[-58.4667,1.45],[-58.3833,1.45],[-58.3167,1.55],[-58.15,1.5],[-58,1.5],[-57.95,1.6333],[-57.55,1.6667],[-57.3,1.9667],[-57.25,1.9333],[-57.1,2],[-57.05,1.9167],[-56.8,1.85],[-56.4888,1.9563],[-55.9167,1.8],[-55.8667,2],[-56.0833,2.275],[-55.9167,2.5],[-55.7333,2.3917],[-55.35,2.4],[-55.3333,2.4667],[-54.9833,2.5417],[-54.85,2.4167],[-54.75,2.4333],[-54.7,2.3333],[-54.5167,2.3],[-54.55,2.2667],[-54.35,2.1583],[-54.1167,2.1333],[-53.7667,2.3333],[-53.7,2.2667],[-53.4667,2.3167],[-53.4,2.25],[-53.2667,2.3],[-53.1833,2.2167],[-52.9333,2.1667],[-52.6667,2.375],[-52.5333,2.5333],[-52.2833,3.1333],[-51.7833,3.8833],[-51.7667,3.9667],[-51.6583,4.0333],[-51.6167,4.1333],[-51.6167,4.2167],[-51.55,4.4167],[-49.3301,2.8265],[-47.0542,1.2353],[-41.8556,-2.1744],[-42.0869,-2.8553],[-42.1475,-3.03],[-42.3681,-3.6861],[-42.5239,-4.1769],[-42.9794,-4.3986],[-43.1578,-4.4853],[-43.1826,-4.5103],[-43.3864,-4.7036],[-44.2014,-6.0944],[-44.7967,-6.3044],[-45.7803,-8.1436],[-46.6722,-8.86],[-47.1508,-9.5306],[-47.3153,-10.3286],[-47.6875,-10.2865],[-47.7008,-10.1599],[-47.8124,-9.9038],[-48.0063,-9.7236],[-48.1615,-9.6521],[-48.3748,-9.6216],[-48.6489,-9.6837],[-48.8761,-9.8541],[-48.9913,-10.0408],[-49.0422,-10.2251],[-51.0869,-10.5137],[-51.6728,-11.0275],[-53.0497,-12.1817],[-53.5014,-12.96],[-53.6301,-14.5503],[-53.3975,-15.475],[-53.1007,-16.7141],[-54.1233,-17.4058]]]]}},{"type":"Feature","properties":{"key":"SBAZ-C#dom"},"geometry":{"type":"MultiPolygon","coordinates":[[[[-53.5014,-12.96],[-53.0497,-12.1817],[-51.6728,-11.0275],[-52.8153,-9.8664],[-53.1119,-7.9994],[-54.2769,-6.565],[-55.3687,-5.2088],[-55.7433,-4.0578],[-55.7887,-3.9137],[-56.0417,-3.1558],[-56.3488,-2.7228],[-56.4262,-2.6172],[-57.0508,-1.765],[-57.5469,-1.0167],[-57.788,-0.666],[-58.3248,0.0994],[-59.25,1.3667],[-59.6833,1.7667],[-59.6667,1.8333],[-59.7667,1.8333],[-59.75,2.2333],[-59.9167,2.5],[-60.0333,2.8333],[-59.85,3.3833],[-59.8833,3.6],[-59.6,3.8333],[-59.5667,3.9333],[-59.75,4.2333],[-59.7167,4.3833],[-60.1833,4.5333],[-60.0667,4.75],[-60,5.0667],[-60.2,5.2333],[-60.4333,5.1667],[-60.6667,5.1833],[-60.5504,4.9663],[-60.7171,4.7663],[-60.9671,4.5247],[-61.5004,4.3997],[-61.5004,4.283],[-61.9338,4.1163],[-62.7505,3.9996],[-62.7171,3.6746],[-63.0005,3.683],[-63.1338,3.7663],[-63.2005,3.8996],[-63.5838,3.9163],[-63.9921,4.0496],[-64.2005,4.1996],[-64.6171,4.2163],[-64.4838,3.9996],[-64.1671,3.9163],[-64.0671,3.5996],[-64.1171,3.3496],[-64.2838,3.183],[-64.2005,2.708],[-64.2171,2.533],[-63.8505,2.3496],[-63.3338,2.4663],[-63.3671,2.1496],[-63.8171,1.9663],[-64.0338,2.0163],[-64.0671,1.633],[-64.3505,1.383],[-64.4505,1.4496],[-64.7671,1.233],[-64.9171,1.208],[-65.2671,0.883],[-65.7838,0.7663],[-66.3333,0.7417],[-66.8338,1.183],[-67.0921,1.158],[-67.1505,1.733],[-67.4171,2.133],[-67.9338,1.683],[-68.2005,1.9663],[-68.1171,1.7163],[-69.8338,1.708],[-69.8338,1.1163],[-69.1505,1.0663],[-69.1005,0.6163],[-69.3005,0.5913],[-69.4171,0.6663],[-70.0171,0.5496],[-70.0005,-0.2004],[-69.5505,-0.5337],[-69.5338,-0.7754],[-69.3171,-1.2587],[-69.4005,-1.417],[-69.7064,-3.0232],[-68.215,-3.5008],[-67.3232,-3.7925],[-66.8939,-3.9888],[-66.1165,-4.3435],[-65.3156,-4.8164],[-64.2553,-5.3052],[-63.1612,-5.7342],[-62.4313,-6.52],[-62.366,-6.6142],[-61.2242,-7.7963],[-60.825,-8.9228],[-59.3858,-9.7556],[-58.2007,-11.0047],[-57.0914,-12.6567],[-56.8522,-13.0094],[-53.5014,-12.96]]]]}},{"type":"Feature","properties":{"key":"SBAZ-CE#dom"},"geometry":{"type":"MultiPolygon","coordinates":[[[[-53.5014,-12.96],[-56.8522,-13.0094],[-57.0914,-12.6567],[-58.2007,-11.0047],[-59.3858,-9.7556],[-60.825,-8.9228],[-61.2242,-7.7963],[-62.366,-6.6142],[-62.4313,-6.52],[-63.1612,-5.7342],[-64.2553,-5.3052],[-65.3156,-4.8164],[-66.1165,-4.3435],[-66.8939,-3.9888],[-67.3232,-3.7925],[-68.215,-3.5008],[-69.7064,-3.0232],[-69.4005,-1.417],[-69.3171,-1.2587],[-69.5338,-0.7754],[-69.5505,-0.5337],[-70.0005,-0.2004],[-70.0171,0.5496],[-69.4171,0.6663],[-69.3005,0.5913],[-69.1005,0.6163],[-69.1505,1.0663],[-69.8338,1.1163],[-69.8338,1.708],[-68.1171,1.7163],[-68.2005,1.9663],[-67.9338,1.683],[-67.4171,2.133],[-67.1505,1.733],[-67.0921,1.158],[-66.8338,1.183],[-66.3333,0.7417],[-65.7838,0.7663],[-65.2671,0.883],[-64.9171,1.208],[-64.7671,1.233],[-64.4505,1.4496],[-64.3505,1.383],[-64.0671,1.633],[-64.0338,2.0163],[-63.8171,1.9663],[-63.3671,2.1496],[-63.3338,2.4663],[-63.8505,2.3496],[-64.2171,2.533],[-64.2005,2.708],[-64.2838,3.183],[-64.1171,3.3496],[-64.0671,3.5996],[-64.1671,3.9163],[-64.4838,3.9996],[-64.6171,4.2163],[-64.2005,4.1996],[-63.9921,4.0496],[-63.5838,3.9163],[-63.2005,3.8996],[-63.1338,3.7663],[-63.0005,3.683],[-62.7171,3.6746],[-62.7505,3.9996],[-61.9338,4.1163],[-61.5004,4.283],[-61.5004,4.3997],[-60.9671,4.5247],[-60.7171,4.7663],[-60.5504,4.9663],[-60.6667,5.1833],[-60.4333,5.1667],[-60.2,5.2333],[-60,5.0667],[-60.0667,4.75],[-60.1833,4.5333],[-59.7167,4.3833],[-59.75,4.2333],[-59.5667,3.9333],[-59.6,3.8333],[-59.8833,3.6],[-59.85,3.3833],[-60.0333,2.8333],[-59.9167,2.5],[-59.75,2.2333],[-59.7667,1.8333],[-59.6667,1.8333],[-59.6833,1.7667],[-59.25,1.3667],[-59,1.3],[-58.8167,1.15],[-58.65,1.25],[-58.45,1.25],[-58.4667,1.45],[-58.3833,1.45],[-58.3167,1.55],[-58.15,1.5],[-58,1.5],[-57.95,1.6333],[-57.55,1.6667],[-57.3,1.9667],[-57.25,1.9333],[-57.1,2],[-57.05,1.9167],[-56.8,1.85],[-56.4888,1.9563],[-55.9167,1.8],[-55.8667,2],[-56.0833,2.275],[-55.9167,2.5],[-55.7333,2.3917],[-55.35,2.4],[-55.3333,2.4667],[-54.9833,2.5417],[-54.85,2.4167],[-54.75,2.4333],[-54.7,2.3333],[-54.5167,2.3],[-54.55,2.2667],[-54.35,2.1583],[-54.1167,2.1333],[-53.7667,2.3333],[-53.7,2.2667],[-53.4667,2.3167],[-53.4,2.25],[-53.2667,2.3],[-53.1833,2.2167],[-52.9333,2.1667],[-52.6667,2.375],[-52.5333,2.5333],[-52.2833,3.1333],[-51.7833,3.8833],[-51.7667,3.9667],[-51.6583,4.0333],[-51.6167,4.1333],[-51.6167,4.2167],[-51.55,4.4167],[-49.3301,2.8265],[-47.0542,1.2353],[-41.8556,-2.1744],[-42.0869,-2.8553],[-42.1475,-3.03],[-42.3681,-3.6861],[-42.5239,-4.1769],[-42.9794,-4.3986],[-43.1578,-4.4853],[-43.1826,-4.5103],[-43.3864,-4.7036],[-44.2014,-6.0944],[-44.7967,-6.3044],[-45.7803,-8.1436],[-46.6722,-8.86],[-47.1508,-9.5306],[-47.3153,-10.3286],[-47.6875,-10.2865],[-47.7008,-10.1599],[-47.8124,-9.9038],[-48.0063,-9.7236],[-48.1615,-9.6521],[-48.3748,-9.6216],[-48.6489,-9.6837],[-48.8761,-9.8541],[-48.9913,-10.0408],[-49.0422,-10.2251],[-51.0869,-10.5137],[-51.6728,-11.0275],[-53.0497,-12.1817],[-53.5014,-12.96]]]]}},{"type":"Feature","properties":{"key":"SBAZ-CW#dom"},"geometry":{"type":"MultiPolygon","coordinates":[[[[-53.3975,-15.475],[-53.1007,-16.7141],[-54.1233,-17.4058],[-54.691,-17.5713],[-55.5281,-17.6556],[-56.9803,-17.7881],[-57.7127,-17.8333],[-57.8274,-17.4666],[-58.2382,-17.3392],[-58.4643,-16.8813],[-58.3422,-16.3337],[-60.15,-16.25],[-60.225,-15.4583],[-60.5167,-15.1333],[-60.3833,-15.1333],[-60.3333,-14.5667],[-60.4167,-14.1833],[-60.375,-14],[-60.3833,-13.8417],[-61.05,-13.45],[-61.8167,-13.5],[-62.1167,-13.125],[-62.825,-12.9167],[-63.0833,-12.625],[-63.3333,-12.65],[-63.75,-12.4],[-64,-12.3333],[-64.4167,-12.4],[-64.45,-12.25],[-64.95,-11.8833],[-65.2917,-11.3833],[-65.2833,-10.9667],[-65.3583,-10.5833],[-65.25,-10.2417],[-65.2667,-9.8167],[-65.4167,-9.6083],[-65.5833,-9.7917],[-65.7333,-9.7083],[-66.4587,-9.8282],[-67.0246,-10.2451],[-67.5035,-10.4846],[-68.05,-10.6917],[-68.2667,-10.9333],[-68.5688,-11.0981],[-68.7167,-11],[-69.4,-10.9333],[-69.55,-10.95],[-69.8833,-10.9],[-70.3333,-11.05],[-70.525,-10.9],[-70.6,-10.9667],[-70.5833,-10.2167],[-70.4667,-9.3667],[-71.3167,-9.9667],[-72.1,-9.975],[-72.25,-9.5167],[-72.55,-9.4083],[-73.1833,-9.4],[-72.8833,-9.075],[-73.3333,-8.4667],[-73.5,-8.3333],[-73.6667,-7.9167],[-73.6667,-7.8],[-73.9333,-7.5833],[-73.8833,-7.4167],[-73.65,-7.325],[-73.7833,-7.1],[-73.6417,-6.8],[-73.1083,-6.4667],[-73.1583,-6.05],[-72.9667,-5.7],[-72.85,-5.2],[-71.9,-4.5583],[-70.95,-4.4167],[-70.7833,-4.2167],[-70.3833,-4.1917],[-70.2,-4.3417],[-70.0167,-4.3417],[-69.9838,-4.2171],[-69.9338,-4.2171],[-69.7064,-3.0232],[-69.4005,-1.417],[-69.3171,-1.2587],[-69.5338,-0.7754],[-69.5505,-0.5337],[-70.0005,-0.2004],[-70.0171,0.5496],[-69.4171,0.6663],[-69.3005,0.5913],[-69.1005,0.6163],[-69.1505,1.0663],[-69.8338,1.1163],[-69.8338,1.708],[-68.1171,1.7163],[-68.2005,1.9663],[-67.9338,1.683],[-67.4171,2.133],[-67.1505,1.733],[-67.0921,1.158],[-66.8338,1.183],[-66.3333,0.7417],[-65.7838,0.7663],[-65.2671,0.883],[-64.9171,1.208],[-64.7671,1.233],[-64.4505,1.4496],[-64.3505,1.383],[-64.0671,1.633],[-64.0338,2.0163],[-63.8171,1.9663],[-63.3671,2.1496],[-63.3338,2.4663],[-63.8505,2.3496],[-64.2171,2.533],[-64.2005,2.708],[-64.2838,3.183],[-64.1171,3.3496],[-64.0671,3.5996],[-64.1671,3.9163],[-64.4838,3.9996],[-64.6171,4.2163],[-64.2005,4.1996],[-63.9921,4.0496],[-63.5838,3.9163],[-63.2005,3.8996],[-63.1338,3.7663],[-63.0005,3.683],[-62.7171,3.6746],[-62.7505,3.9996],[-61.9338,4.1163],[-61.5004,4.283],[-61.5004,4.3997],[-60.9671,4.5247],[-60.7171,4.7663],[-60.5504,4.9663],[-60.6667,5.1833],[-60.4333,5.1667],[-60.2,5.2333],[-60,5.0667],[-60.0667,4.75],[-60.1833,4.5333],[-59.7167,4.3833],[-59.75,4.2333],[-59.5667,3.9333],[-59.6,3.8333],[-59.8833,3.6],[-59.85,3.3833],[-60.0333,2.8333],[-59.9167,2.5],[-59.75,2.2333],[-59.7667,1.8333],[-59.6667,1.8333],[-59.6833,1.7667],[-59.25,1.3667],[-58.3248,0.0994],[-57.788,-0.666],[-57.5469,-1.0167],[-57.0508,-1.765],[-56.4262,-2.6172],[-56.3488,-2.7228],[-56.0417,-3.1558],[-55.7887,-3.9137],[-55.7433,-4.0578],[-55.3687,-5.2088],[-54.2769,-6.565],[-53.1119,-7.9994],[-52.8153,-9.8664],[-51.6728,-11.0275],[-53.0497,-12.1817],[-53.5014,-12.96],[-53.6301,-14.5503],[-53.3975,-15.475]]]]}},{"type":"Feature","properties":{"key":"SBAZ-E#dom"},"geometry":{"type":"MultiPolygon","coordinates":[[[[-51.6728,-11.0275],[-51.0869,-10.5137],[-49.0422,-10.2251],[-48.9913,-10.0408],[-48.8761,-9.8541],[-48.6489,-9.6837],[-48.3748,-9.6216],[-48.1615,-9.6521],[-48.0063,-9.7236],[-47.8124,-9.9038],[-47.7008,-10.1599],[-47.6875,-10.2865],[-47.3153,-10.3286],[-47.1508,-9.5306],[-46.6722,-8.86],[-45.7803,-8.1436],[-44.7967,-6.3044],[-44.2014,-6.0944],[-43.3864,-4.7036],[-43.1826,-4.5103],[-43.1578,-4.4853],[-42.9794,-4.3986],[-42.5239,-4.1769],[-42.3681,-3.6861],[-42.1475,-3.03],[-42.0869,-2.8553],[-41.8556,-2.1744],[-47.0542,1.2353],[-49.3301,2.8265],[-51.55,4.4167],[-51.6167,4.2167],[-51.6167,4.1333],[-51.6583,4.0333],[-51.7667,3.9667],[-51.7833,3.8833],[-52.2833,3.1333],[-52.5333,2.5333],[-52.6667,2.375],[-52.9333,2.1667],[-53.1833,2.2167],[-53.2667,2.3],[-53.4,2.25],[-53.4667,2.3167],[-53.7,2.2667],[-53.7667,2.3333],[-54.1167,2.1333],[-54.35,2.1583],[-54.55,2.2667],[-54.5167,2.3],[-54.7,2.3333],[-54.75,2.4333],[-54.85,2.4167],[-54.9833,2.5417],[-55.3333,2.4667],[-55.35,2.4],[-55.7333,2.3917],[-55.9167,2.5],[-56.0833,2.275],[-55.8667,2],[-55.9167,1.8],[-56.4888,1.9563],[-56.8,1.85],[-57.05,1.9167],[-57.1,2],[-57.25,1.9333],[-57.3,1.9667],[-57.55,1.6667],[-57.95,1.6333],[-58,1.5],[-58.15,1.5],[-58.3167,1.55],[-58.3833,1.45],[-58.4667,1.45],[-58.45,1.25],[-58.65,1.25],[-58.8167,1.15],[-59,1.3],[-59.25,1.3667],[-58.3248,0.0994],[-57.788,-0.666],[-57.5469,-1.0167],[-57.0508,-1.765],[-56.4262,-2.6172],[-56.3488,-2.7228],[-56.0417,-3.1558],[-55.7887,-3.9137],[-55.7433,-4.0578],[-55.3687,-5.2088],[-54.2769,-6.565],[-53.1119,-7.9994],[-52.8153,-9.8664],[-51.6728,-11.0275]]]]}},{"type":"Feature","properties":{"key":"SBRE#dom"},"geometry":{"type":"MultiPolygon","coordinates":[[[[-34.417,-12.7023],[-35.6614,-14.4283],[-36.4393,-15.4967],[-37.0281,-16.2961],[-37.6216,-17.4696],[-38.2428,-18.6794],[-37.6728,-18.8625],[-38.3444,-19.7896],[-39.6257,-20.5074],[-39.678,-20.598],[-39.8122,-20.745],[-40.007,-20.8662],[-40.2518,-20.9474],[-40.5675,-20.9017],[-40.6748,-20.8077],[-40.8205,-20.6948],[-40.9756,-20.4061],[-42.0077,-20.6227],[-42.3194,-20.5497],[-42.7521,-20.4117],[-42.5269,-20.0033],[-42.4795,-19.463],[-42.4406,-19.105],[-42.4482,-18.758],[-41.8206,-16.9483],[-42.6788,-16.4093],[-44.0956,-15.6276],[-44.2492,-15.3602],[-44.5772,-14.7847],[-45.6083,-13.3218],[-46.891,-12.0218],[-47.3153,-10.3286],[-47.1508,-9.5306],[-46.6722,-8.86],[-45.7803,-8.1436],[-44.7967,-6.3044],[-44.2014,-6.0944],[-43.3864,-4.7036],[-43.1826,-4.5103],[-43.1578,-4.4853],[-42.9794,-4.3986],[-42.5239,-4.1769],[-42.3681,-3.6861],[-42.1475,-3.03],[-42.0869,-2.8553],[-41.8556,-2.1744],[-41.7,-1.7569],[-40.7822,0.9303],[-39.9331,0.5036],[-39,0],[-37.9531,-0.4917],[-35.4608,-1.7439],[-34.8803,-2.0189],[-33.5089,-2.6381],[-32.1211,-3.2717],[-31.2094,-3.3883],[-29.2431,-3.6192],[-28.3914,-4.0714],[-30.4666,-7.0923],[-31.8644,-9.1011],[-32.2403,-9.6373],[-33.7561,-11.7775],[-34.417,-12.7023]]]]}},{"type":"Feature","properties":{"key":"SBRE-N#dom"},"geometry":{"type":"MultiPolygon","coordinates":[[[[-32.2403,-9.6373],[-33.7561,-11.7775],[-34.3639,-11.5953],[-36.2364,-11.1281],[-37.0772,-10.9819],[-37.3892,-10.8319],[-38.0194,-10.4864],[-38.7003,-10.1003],[-38.4889,-9.8108],[-38.2508,-9.4064],[-38.2006,-7.7719],[-38.255,-7.4536],[-38.4578,-7.4092],[-39.2747,-7.2136],[-40.4931,-6.4683],[-42.8251,-5.0625],[-42.9794,-4.3986],[-42.5239,-4.1769],[-42.3681,-3.6861],[-42.1475,-3.03],[-42.0869,-2.8553],[-41.8556,-2.1744],[-41.7,-1.7569],[-40.7822,0.9303],[-39.9331,0.5036],[-39,0],[-37.9531,-0.4917],[-35.4608,-1.7439],[-34.8803,-2.0189],[-33.5089,-2.6381],[-32.1211,-3.2717],[-31.2094,-3.3883],[-29.2431,-3.6192],[-28.3914,-4.0714],[-30.4666,-7.0923],[-31.8644,-9.1011],[-32.2403,-9.6373]]]]}},{"type":"Feature","properties":{"key":"SBRE-NS#dom"},"geometry":{"type":"MultiPolygon","coordinates":[[[[-39.3928,-11.2233],[-38.7003,-10.1003],[-38.4889,-9.8108],[-38.2508,-9.4064],[-38.2006,-7.7719],[-38.255,-7.4536],[-38.4578,-7.4092],[-39.2747,-7.2136],[-40.4931,-6.4683],[-42.8251,-5.0625],[-42.9794,-4.3986],[-42.5239,-4.1769],[-42.3681,-3.6861],[-42.1475,-3.03],[-42.0869,-2.8553],[-41.8556,-2.1744],[-41.7,-1.7569],[-40.7822,0.9303],[-39.9331,0.5036],[-39,0],[-37.9531,-0.4917],[-35.4608,-1.7439],[-34.8803,-2.0189],[-33.5089,-2.6381],[-32.1211,-3.2717],[-31.2094,-3.3883],[-29.2431,-3.6192],[-28.3914,-4.0714],[-30.4666,-7.0923],[-31.8644,-9.1011],[-32.2403,-9.6373],[-33.7561,-11.7775],[-34.417,-12.7023],[-35.6614,-14.4283],[-36.4393,-15.4967],[-37.0281,-16.2961],[-37.6216,-17.4696],[-38.2428,-18.6794],[-37.6728,-18.8625],[-38.3444,-19.7896],[-39.6257,-20.5074],[-39.678,-20.598],[-39.8122,-20.745],[-40.007,-20.8662],[-40.2518,-20.9474],[-40.5675,-20.9017],[-40.6748,-20.8077],[-40.8205,-20.6948],[-40.9756,-20.4061],[-42.0077,-20.6227],[-42.3194,-20.5497],[-42.7521,-20.4117],[-42.5269,-20.0033],[-42.4795,-19.463],[-42.4406,-19.105],[-42.4482,-18.758],[-41.8206,-16.9483],[-42.6788,-16.4093],[-41.9257,-15.3644],[-41.18,-14.3169],[-40.2725,-12.6383],[-40.1,-12.24],[-39.3928,-11.2233]]]]}},{"type":"Feature","properties":{"key":"SBRE-NW#dom"},"geometry":{"type":"MultiPolygon","coordinates":[[[[-44.2492,-15.3602],[-44.5772,-14.7847],[-45.6083,-13.3218],[-46.891,-12.0218],[-47.3153,-10.3286],[-47.1508,-9.5306],[-46.6722,-8.86],[-45.7803,-8.1436],[-44.7967,-6.3044],[-44.2014,-6.0944],[-43.3864,-4.7036],[-43.1826,-4.5103],[-43.1578,-4.4853],[-42.9794,-4.3986],[-42.5239,-4.1769],[-42.3681,-3.6861],[-42.1475,-3.03],[-42.0869,-2.8553],[-41.8556,-2.1744],[-41.7,-1.7569],[-40.7822,0.9303],[-39.9331,0.5036],[-39,0],[-37.9531,-0.4917],[-35.4608,-1.7439],[-34.8803,-2.0189],[-33.5089,-2.6381],[-32.1211,-3.2717],[-31.2094,-3.3883],[-29.2431,-3.6192],[-28.3914,-4.0714],[-30.4666,-7.0923],[-31.8644,-9.1011],[-32.2403,-9.6373],[-33.7561,-11.7775],[-34.3639,-11.5953],[-36.2364,-11.1281],[-37.0772,-10.9819],[-37.3892,-10.8319],[-38.0194,-10.4864],[-38.7003,-10.1003],[-39.3928,-11.2233],[-40.1,-12.24],[-40.2725,-12.6383],[-41.18,-14.3169],[-41.9257,-15.3644],[-42.6788,-16.4093],[-44.0956,-15.6276],[-44.2492,-15.3602]]]]}},{"type":"Feature","properties":{"key":"SEFG#dom"},"geometry":{"type":"MultiPolygon","coordinates":[[[[-78.9167,1.4167],[-78.8,1.4167],[-78.6838,1.283],[-77.9672,0.7996],[-77.75,0.7833],[-77.3672,0.383],[-76.9005,0.233],[-76.3833,0.2167],[-76.3672,0.3746],[-76.0672,0.3246],[-75.8338,0.0996],[-75.1667,-0.05],[-75.35,-0.1],[-75.6167,-0.1],[-75.6333,-0.25],[-75.2833,-0.55],[-75.2667,-0.95],[-75.3667,-0.9333],[-75.5833,-1.5333],[-76.05,-2.125],[-76.6167,-2.55],[-77.8333,-2.9833],[-77.9167,-3.0667],[-78,-3.1333],[-78.2,-3.2833],[-78.2,-3.4667],[-78.3333,-3.3667],[-78.3833,-3.7167],[-78.5,-3.9],[-78.65,-4.3],[-78.6333,-4.4833],[-78.7167,-4.6],[-78.8667,-4.6667],[-79.0167,-4.9583],[-79.2833,-4.9333],[-79.5333,-4.4167],[-79.8,-4.45],[-80.1333,-4.2833],[-80.2111,-4.3583],[-80.3833,-4.45],[-80.3333,-4.2333],[-80.4667,-4.0667],[-80.15,-3.9667],[-80.1964,-3.6668],[-80.2333,-3.4333],[-80.32,-3.4067],[-92,-3.4],[-92,1.4167],[-78.9167,1.4167]]]]}},{"type":"Feature","properties":{"key":"SKCL#dom"},"geometry":{"type":"MultiPolygon","coordinates":[[[[-76.2254,4.7808],[-75.4967,4.7809],[-75.4967,3.8686],[-75.0639,3.8686],[-75.7344,3.2025],[-75.7344,2.5906],[-75.8808,2.4878],[-76.0467,2.41],[-76.1136,2.3919],[-77.3672,0.383],[-77.75,0.7833],[-77.9672,0.7996],[-78.6838,1.283],[-78.8,1.4167],[-78.9167,1.4167],[-82.9167,1.4167],[-82.9167,4.5333],[-80,4.5],[-79.0505,6.2663],[-78.7833,6.4667],[-78.3005,6.733],[-77.8833,7.25],[-77.5303,6.1044],[-76.2254,4.7808]]]]}},{"type":"Feature","properties":{"key":"SKEC#dom"},"geometry":{"type":"MultiPolygon","coordinates":[[[[-77.4167,15],[-74,15],[-74.0005,14.333],[-71.4172,12.4997],[-71.0005,11.9997],[-71.3338,11.8663],[-71.9672,11.6497],[-72.2505,11.183],[-72.4505,11.1663],[-72.9005,10.4663],[-73.0172,9.8497],[-73.4172,9.133],[-73.0172,9.2163],[-72.9505,9.083],[-72.7838,9.083],[-72.6588,8.6385],[-73.2838,8.3552],[-74.2144,7.9288],[-74.8672,7.633],[-77.4172,8.583],[-77.4167,15]]]]}},{"type":"Feature","properties":{"key":"SKED#dom"},"geometry":{"type":"MultiPolygon","coordinates":[[[[-77.4172,14.9997],[-74.0005,14.9997],[-74.0005,14.333],[-71.4172,12.4997],[-71.0005,11.9997],[-71.3338,11.8663],[-71.9672,11.6497],[-72.2505,11.183],[-72.4505,11.1663],[-72.9005,10.4663],[-73.0172,9.8497],[-73.4172,9.133],[-73.0172,9.2163],[-72.9505,9.083],[-72.7838,9.083],[-72.6588,8.6385],[-72.6588,8.6385],[-72.3672,8.3747],[-72.3838,8.0663],[-72.4505,7.9663],[-72.4672,7.4997],[-72.4672,7.4163],[-72.2338,7.3497],[-72.0005,6.9663],[-71.7505,7.033],[-71.1672,6.9997],[-71.0338,6.9497],[-70.6672,7.083],[-70.2505,6.9163],[-70.1005,6.9663],[-69.4505,6.0996],[-69.2338,6.0663],[-69.0505,6.1997],[-68.6671,6.1163],[-67.9671,6.1997],[-67.8338,6.2663],[-67.5338,6.1997],[-67.4671,5.9997],[-67.6338,5.8163],[-67.6838,5.533],[-67.8838,5.333],[-67.8171,5.0996],[-67.8838,4.5496],[-67.8005,4.2246],[-67.6505,3.8496],[-67.4755,3.7163],[-67.2505,3.383],[-67.8171,2.8663],[-67.6171,2.833],[-67.1421,2.3496],[-66.8338,1.183],[-67.0921,1.158],[-67.1505,1.733],[-67.4171,2.133],[-67.9338,1.683],[-68.2005,1.9663],[-68.1171,1.7163],[-69.8338,1.708],[-69.8338,1.1163],[-69.1505,1.0663],[-69.1005,0.6163],[-69.3005,0.5913],[-69.4171,0.6663],[-70.0171,0.5496],[-70.0005,-0.2004],[-69.5505,-0.5337],[-69.5338,-0.7754],[-69.3171,-1.2587],[-69.4005,-1.417],[-69.9338,-4.2171],[-69.9838,-4.2171],[-70.3338,-3.8337],[-70.5333,-3.8833],[-70.7338,-3.7837],[-70.0583,-2.7333],[-70.6338,-2.4837],[-70.9,-2.25],[-71.35,-2.4333],[-71.7667,-2.1917],[-72.0422,-2.417],[-72.4,-2.4833],[-72.9922,-2.4587],[-73.1755,-2.3087],[-73.2172,-1.8754],[-73.5088,-1.7337],[-73.6338,-1.3504],[-74.3005,-0.967],[-74.4833,-0.525],[-74.735,-0.1917],[-75.1667,-0.05],[-75.8338,0.0996],[-76.0672,0.3246],[-76.3672,0.3746],[-76.3833,0.2167],[-76.9005,0.233],[-77.3672,0.383],[-77.75,0.7833],[-77.9672,0.7996],[-78.6838,1.283],[-78.8,1.4167],[-78.9167,1.4167],[-82.9167,1.4167],[-82.9167,4.5333],[-80,4.5],[-79.0505,6.2663],[-78.7833,6.4667],[-78.3005,6.733],[-77.8833,7.25],[-77.8005,7.4663],[-77.7167,7.5083],[-77.7672,7.633],[-77.7255,7.733],[-77.5755,7.5163],[-77.4172,7.7163],[-77.3083,7.75],[-77.3505,7.8663],[-77.3172,7.9163],[-77.1755,7.9246],[-77.1755,7.9746],[-77.2338,8.0413],[-77.2333,8.1417],[-77.2583,8.2083],[-77.3005,8.2247],[-77.3417,8.325],[-77.3333,8.375],[-77.3917,8.4667],[-77.4333,8.475],[-77.4422,8.5163],[-77.4172,8.583],[-77.4172,14.9997]]]]}},{"type":"Feature","properties":{"key":"SKMD#dom"},"geometry":{"type":"MultiPolygon","coordinates":[[[[-75.8164,7.9875],[-74.8611,7.6317],[-74.3183,7.8789],[-74.4364,7.0208],[-74.7111,6.0006],[-74.9778,6.0006],[-75.1725,5.5961],[-75.1875,5.1556],[-75.4919,5.1358],[-75.4967,4.7808],[-76.2253,4.7808],[-76.2254,4.7808],[-77.5303,6.1044],[-77.8833,7.25],[-77.8833,7.25],[-77.8005,7.4663],[-77.7167,7.5083],[-77.7672,7.633],[-77.7255,7.733],[-77.5755,7.5163],[-77.4172,7.7163],[-77.3083,7.75],[-77.3505,7.8663],[-77.3172,7.9163],[-77.1755,7.9246],[-77.1755,7.9746],[-77.2338,8.0413],[-77.2333,8.1417],[-77.2583,8.2083],[-77.3005,8.2247],[-77.3417,8.325],[-77.3333,8.375],[-77.3917,8.4667],[-77.4333,8.475],[-77.4422,8.5163],[-77.4172,8.583],[-75.8164,7.9875]]]]}},{"type":"Feature","properties":{"key":"SMPM#dom"},"geometry":{"type":"MultiPolygon","coordinates":[[[[-57,8.9167],[-54,9.3333],[-54,5.75],[-54,5.5],[-54.45,4.9],[-54.3833,4.6],[-54.4333,4.4833],[-54.3167,4.1333],[-53.9667,3.65],[-54,3.4333],[-54.0583,3.3],[-54.1667,3.1833],[-54.5167,2.3],[-54.7,2.3333],[-54.75,2.4333],[-54.85,2.4167],[-54.9833,2.5417],[-55.3333,2.4667],[-55.35,2.4],[-55.7333,2.3917],[-55.9167,2.5],[-56.0833,2.275],[-55.8667,2],[-55.9167,1.8],[-56.4888,1.9563],[-57.9333,3.9333],[-57.9,4.7833],[-57.7,5.0333],[-57.3167,5.0417],[-57.15,5.9833],[-57,5.9833],[-57,8.9167]]]]}},{"type":"Feature","properties":{"key":"SOOO#dom"},"geometry":{"type":"MultiPolygon","coordinates":[[[[-54,9.3333],[-48,10],[-37.5,13.5],[-35,7.6667],[-40,5],[-48,5],[-51,4.5],[-51.55,4.4167],[-51.6167,4.2167],[-51.6167,4.1333],[-51.6583,4.0333],[-51.7667,3.9667],[-51.7833,3.8833],[-52.2833,3.1333],[-52.5333,2.5333],[-52.6667,2.375],[-52.9333,2.1667],[-53.1833,2.2167],[-53.2667,2.3],[-53.4,2.25],[-53.4667,2.3167],[-53.7,2.2667],[-53.7667,2.3333],[-54.1167,2.1333],[-54.35,2.1583],[-54.55,2.2667],[-54.5167,2.3],[-54.1667,3.1833],[-54.0583,3.3],[-54,3.4333],[-53.9667,3.65],[-54.3167,4.1333],[-54.4333,4.4833],[-54.3833,4.6],[-54.45,4.9],[-54,5.5],[-54,5.75],[-54,9.3333]]]]}},{"type":"Feature","properties":{"key":"SVZM#dom"},"geometry":{"type":"MultiPolygon","coordinates":[[[[-71.3338,11.8663],[-71.0005,11.9997],[-71.4172,12.4997],[-70.5005,12.4997],[-67.9667,11.4],[-67.0667,15.6833],[-65,15],[-62.5,11],[-61.7833,10.7333],[-62.0578,10.085],[-61.9278,9.9897],[-61.4658,9.9897],[-59.95,8.9167],[-60.25,8.9167],[-60,8.55],[-59.7833,8.3],[-60.0004,8.0663],[-60.3671,7.833],[-60.5,7.8333],[-60.65,7.5],[-60.55,7.3333],[-60.5838,7.2163],[-60.3667,7.225],[-60.25,7.125],[-60.3504,6.9663],[-60.7171,6.7663],[-60.85,6.8167],[-60.9333,6.7333],[-61.1338,6.733],[-61.1671,6.5997],[-61.1,6.4],[-61.1,6.2],[-61.3838,5.958],[-60.7333,5.2],[-60.6667,5.1833],[-60.5504,4.9663],[-60.7171,4.7663],[-60.9671,4.5247],[-61.5004,4.3997],[-61.5004,4.283],[-61.9338,4.1163],[-62.7505,3.9996],[-62.7171,3.6746],[-63.0005,3.683],[-63.1338,3.7663],[-63.2005,3.8996],[-63.5838,3.9163],[-63.9921,4.0496],[-64.2005,4.1996],[-64.6171,4.2163],[-64.4838,3.9996],[-64.1671,3.9163],[-64.0671,3.5996],[-64.1171,3.3496],[-64.2838,3.183],[-64.2005,2.708],[-64.2171,2.533],[-63.8505,2.3496],[-63.3338,2.4663],[-63.3671,2.1496],[-63.8171,1.9663],[-64.0338,2.0163],[-64.0671,1.633],[-64.3505,1.383],[-64.4505,1.4496],[-64.7671,1.233],[-64.9171,1.208],[-65.2671,0.883],[-65.7838,0.7663],[-66.3333,0.7417],[-66.8338,1.183],[-67.1421,2.3496],[-67.6171,2.833],[-67.8171,2.8663],[-67.2505,3.383],[-67.4755,3.7163],[-67.6505,3.8496],[-67.8005,4.2246],[-67.8838,4.5496],[-67.8171,5.0996],[-67.8838,5.333],[-67.6838,5.533],[-67.6338,5.8163],[-67.4671,5.9997],[-67.5338,6.1997],[-67.8338,6.2663],[-67.9671,6.1997],[-68.6671,6.1163],[-69.0505,6.1997],[-69.2338,6.0663],[-69.4505,6.0996],[-70.1005,6.9663],[-70.2505,6.9163],[-70.6672,7.083],[-71.0338,6.9497],[-71.1672,6.9997],[-71.7505,7.033],[-72.0005,6.9663],[-72.2338,7.3497],[-72.4672,7.4163],[-72.4672,7.4997],[-72.4505,7.9663],[-72.3844,8.0658],[-72.3672,8.3747],[-72.6588,8.6385],[-72.7838,9.083],[-72.9505,9.083],[-73.0172,9.2163],[-73.4172,9.133],[-73.0172,9.8497],[-72.9005,10.4663],[-72.4505,11.1663],[-72.2505,11.183],[-71.9672,11.6497],[-71.3338,11.8663]]]]}},{"type":"Feature","properties":{"key":"SYGC#dom"},"geometry":{"type":"MultiPolygon","coordinates":[[[[-60,8.55],[-60.25,8.9167],[-57,8.9167],[-57,5.9833],[-57.15,5.9833],[-57.3167,5.0417],[-57.7,5.0333],[-57.9,4.7833],[-57.9333,3.9333],[-56.4888,1.9563],[-56.8,1.85],[-57.05,1.9167],[-57.1,2],[-57.25,1.9333],[-57.3,1.9667],[-57.55,1.6667],[-57.95,1.6333],[-58,1.5],[-58.15,1.5],[-58.3167,1.55],[-58.3833,1.45],[-58.4667,1.45],[-58.45,1.25],[-58.65,1.25],[-58.8167,1.15],[-59,1.3],[-59.25,1.3667],[-59.6833,1.7667],[-59.6667,1.8333],[-59.7667,1.8333],[-59.75,2.2333],[-59.9167,2.5],[-60.0333,2.8333],[-59.85,3.3833],[-59.8833,3.6],[-59.6,3.8333],[-59.5667,3.9333],[-59.75,4.2333],[-59.7167,4.3833],[-60.1833,4.5333],[-60.0667,4.75],[-60,5.0667],[-60.2,5.2333],[-60.4333,5.1667],[-60.6667,5.1833],[-60.7333,5.2],[-61.3838,5.958],[-61.1,6.2],[-61.1,6.4],[-61.1671,6.5997],[-61.1338,6.733],[-60.9333,6.7333],[-60.85,6.8167],[-60.7171,6.7663],[-60.3504,6.9663],[-60.25,7.125],[-60.3667,7.225],[-60.5838,7.2163],[-60.55,7.3333],[-60.65,7.5],[-60.5,7.8333],[-60.3671,7.833],[-60.0004,8.0663],[-59.7833,8.3],[-60,8.55]]]]}},{"type":"Feature","properties":{"key":"TJZS#dom"},"geometry":{"type":"MultiPolygon","coordinates":[[[[-69.15,19.65],[-68.3376,20.511],[-67.6506,21.2392],[-66.745,22],[-65.1347,22.0969],[-64,22],[-63.4,21.4367],[-61.9,20],[-61.5,18],[-62,18],[-63,17.3667],[-63,15.3333],[-63.25,15],[-65,15],[-67.0667,15.6833],[-68,16],[-68,19],[-69.15,19.65]]]]}},{"type":"Feature","properties":{"key":"TNCF#dom"},"geometry":{"type":"MultiPolygon","coordinates":[[[[-70.5005,12.4997],[-71.4172,12.4997],[-74.0005,14.333],[-74,16],[-73,17],[-71.6667,17],[-71.6667,16],[-68,16],[-67.0667,15.6833],[-67.9667,11.4],[-70.5005,12.4997]]]]}},{"type":"Feature","properties":{"key":"TTZO#dom"},"geometry":{"type":"MultiPolygon","coordinates":[[[[-40,22.3],[-37.5,16.9992],[-37.5,13.5],[-48,10],[-54,9.3333],[-57,8.9167],[-57,18],[-45,18],[-40,22.3]]]]}},{"type":"Feature","properties":{"key":"TTZP#dom"},"geometry":{"type":"MultiPolygon","coordinates":[[[[-65,15],[-63.25,15],[-63,15.3333],[-63,17.3667],[-62,18],[-57,18],[-57,8.9167],[-59.95,8.9167],[-61.4658,9.9897],[-61.9278,9.9897],[-62.0578,10.085],[-61.7833,10.7333],[-62.5,11],[-65,15]]]]}},{"type":"Feature","properties":{"key":"UEEE#dom"},"geometry":{"type":"MultiPolygon","coordinates":[[[[114.7167,76.3333],[132,74.3333],[143.5833,73.2],[158,72],[168,72.5],[168,70.5],[165,68.6667],[162,66.55],[158,66.55],[158,65.75],[149.6667,64],[145.5,63.5667],[145,62],[142,62],[139.95,60.85],[138.1667,59.75],[135.3333,59.1667],[132,58],[131.6667,57.2667],[131.4,56.9167],[131,56.1667],[129.3833,54.85],[128.1667,54.6667],[127.2702,54.8061],[126.3678,54.9389],[125.9612,55.1618],[124.9167,55.7167],[123.6214,55.6151],[122.3333,55.5],[119.6667,56.6833],[119.3333,58.4167],[114.8667,59.6],[113.8833,59.3167],[108.7833,60.7167],[108.0333,61.2667],[107,62],[107,65.5],[106.9167,67],[106.5,69.25],[108.1833,70.2],[112,72],[114.7333,73.8333],[114.7167,76.3333]]]]}},{"type":"Feature","properties":{"key":"UHHH#dom"},"geometry":{"type":"MultiPolygon","coordinates":[[[[142,62],[139.95,60.85],[138.1667,59.75],[135.3333,59.1667],[132,58],[131.6667,57.2667],[131.4,56.9167],[131,56.1667],[129.3833,54.85],[128.1667,54.6667],[127.2702,54.8061],[126.3678,54.9389],[125.9612,55.1618],[124.9167,55.7167],[123.6214,55.6151],[122.3333,55.5],[121.9833,53.9667],[122.3333,53.5],[122.4,53.4333],[122.4833,53.4667],[122.85,53.45],[123.0333,53.5083],[123.15,53.5],[123.2667,53.55],[123.4333,53.5333],[123.4833,53.5],[123.475,53.5333],[123.5,53.55],[123.5333,53.5333],[123.5333,53.5],[123.5667,53.5],[123.6,53.55],[123.7167,53.4833],[123.8833,53.4833],[124.1333,53.35],[124.2333,53.3667],[124.4333,53.2167],[124.65,53.2],[124.7333,53.15],[124.8167,53.15],[124.8833,53.1],[124.8833,53.1667],[125.1667,53.2],[125.4833,53.1],[125.5,53.05],[125.6,53.0833],[125.75,52.9833],[125.6667,52.9167],[125.6833,52.85],[125.8333,52.8833],[125.9667,52.7667],[126.0333,52.8],[126.1167,52.7667],[126.05,52.75],[126.0667,52.6833],[125.9833,52.6667],[126,52.5833],[126.05,52.6],[126.2,52.5333],[126.1833,52.4667],[126.25,52.4667],[126.35,52.4],[126.3167,52.3167],[126.4333,52.2833],[126.2833,52.2167],[126.5667,52.1167],[126.5,52.0333],[126.45,52.0333],[126.6667,51.7333],[126.7167,51.7167],[126.6667,51.6],[126.8333,51.5333],[126.7833,51.45],[126.8833,51.4],[126.9167,51.35],[126.8333,51.3333],[126.8167,51.3],[126.8667,51.25],[126.8667,51.3],[126.9833,51.3167],[126.9167,51.0667],[127.1,50.9333],[127.3667,50.5667],[127.3,50.4667],[127.35,50.4333],[127.35,50.3167],[127.6,50.2333],[127.4833,50],[127.5333,49.8],[127.6667,49.7167],[127.9,49.5667],[127.9667,49.5833],[128.25,49.5],[128.3667,49.5833],[128.7,49.5667],[128.7667,49.5833],[128.75,49.4833],[128.8667,49.4833],[129,49.45],[129.1,49.35],[129.2167,49.4],[129.35,49.35],[129.4,49.4333],[129.5167,49.4167],[129.5667,49.2833],[129.7167,49.2833],[129.75,49.1833],[129.8667,49.1167],[129.9167,49.0333],[130.25,48.8667],[130.4333,48.9],[130.5,48.85],[130.65,48.8667],[130.6333,48.8],[130.5167,48.6167],[130.6,48.5833],[130.6167,48.4833],[130.75,48.5],[130.7333,48.4333],[130.7667,48.35],[130.8,48.3333],[130.8167,48.3],[130.7833,48.2667],[130.75,48.1833],[130.65,48.1167],[130.6667,48.05],[130.75,48],[130.8667,47.9167],[130.95,47.8167],[130.95,47.7],[131.15,47.7],[131.25,47.7333],[131.3667,47.7333],[131.4667,47.7333],[131.6,47.6667],[131.6833,47.7167],[131.8,47.6833],[131.8833,47.6833],[131.9667,47.6667],[132,47.7167],[132.0667,47.7],[132.25,47.7167],[132.2833,47.75],[132.3667,47.75],[132.5667,47.7167],[132.5833,47.7833],[132.6667,47.9],[132.6667,47.95],[132.8,47.9333],[132.8667,48],[133,48.0167],[133,48.05],[133.15,48.1],[133.2667,48.0833],[133.3333,48.1],[133.45,48.0667],[133.55,48.1167],[133.65,48.15],[133.7833,48.2],[133.8667,48.1833],[133.8667,48.2167],[133.8833,48.25],[133.9667,48.3],[134.0333,48.3333],[134.1,48.3333],[134.3833,48.3833],[134.5167,48.35],[134.55,48.3667],[134.5667,48.3333],[134.75,48.2833],[134.6667,48.25],[134.6667,48.15],[134.55,48.05],[134.55,47.9833],[134.5833,47.95],[134.5833,47.9167],[134.65,47.9],[134.6667,47.8333],[134.7667,47.75],[134.6833,47.6333],[134.6667,47.6167],[134.6667,47.6],[134.5833,47.5333],[134.5667,47.5],[134.4833,47.45],[134.3333,47.45],[134.2667,47.4],[134.2333,47.35],[134.2,47.3333],[134.15,47.25],[134.2167,47.2],[134.2167,47.1167],[134.1333,47.1],[134.05,46.9667],[134.0667,46.9333],[134.0333,46.8667],[134.0167,46.8167],[134.0333,46.75],[134.0167,46.6667],[133.9167,46.5833],[133.8333,46.4667],[133.9,46.45],[133.9333,46.3833],[133.8667,46.35],[133.85,46.2],[133.8167,46.2333],[133.7,46.15],[133.7333,46.05],[133.6667,45.9333],[133.6333,45.9333],[133.5833,45.8667],[133.5333,45.9],[133.4833,45.85],[133.4833,45.7833],[133.4167,45.6167],[133.3167,45.5],[133.2333,45.5167],[133.15,45.4667],[133.0833,45.25],[133.15,45.15],[133.1333,45.1167],[132.9333,45.0167],[132.8667,45.05],[131.9833,45.2667],[131.8833,45.35],[131.7667,45.2167],[131.6833,45.2333],[131.65,45.1667],[131.6833,45.1167],[131.4833,45],[131.5,44.9833],[131.3333,44.9833],[131.2833,44.9167],[131.15,44.9333],[131.0833,44.9167],[130.9667,44.8333],[131.0833,44.7],[131.2967,44.0517],[131.25,44.0167],[131.25,43.8833],[131.2,43.8333],[131.2206,43.7164],[131.2167,43.6167],[131.1833,43.5667],[131.1833,43.5333],[131.3,43.4667],[131.2833,43.4333],[131.3167,43.4],[131.2667,43.3667],[131.25,43.2667],[131.2,43.2167],[131.2,43.15],[131.1,43.0167],[131.1333,42.9667],[131.1,42.9],[131.0167,42.9167],[131.0333,42.8667],[130.9333,42.8667],[130.8667,42.85],[130.8167,42.8667],[130.7833,42.8333],[130.7,42.8333],[130.4,42.7167],[130.5333,42.7],[130.6333,42.6],[130.6167,42.55],[130.5667,42.55],[130.6333,42.4333],[130.6167,42.4167],[130.6667,42.3333],[130.6967,42.2933],[130.8833,42.15],[131.5167,41.6667],[135.9303,40.5025],[138,43.2833],[139.9964,45.7519],[141.9961,45.7519],[142.7167,45.52],[142.7317,45.52],[145.6667,44.5],[145.7333,44.45],[145.3167,44.05],[145.2667,43.8833],[145.25,43.7833],[145.3333,43.6833],[145.45,43.6167],[145.3667,43.5],[145.5833,43.4],[145.8,43.4333],[145.8667,43.3333],[146.2167,43.2],[146.8333,43],[150,45],[150,54.8667],[146,56],[143.4167,56.4167],[145.75,58],[146,61],[145,62],[142,62]]]]}},{"type":"Feature","properties":{"key":"UHHH-1#dom"},"geometry":{"type":"MultiPolygon","coordinates":[[[[122.4833,53.4667],[122.85,53.45],[123.0333,53.5083],[123.15,53.5],[123.2667,53.55],[123.4333,53.5333],[123.4833,53.5],[123.475,53.5333],[123.5,53.55],[123.5333,53.5333],[123.5333,53.5],[123.5667,53.5],[123.6,53.55],[123.7167,53.4833],[123.8833,53.4833],[124.1333,53.35],[124.2333,53.3667],[124.4333,53.2167],[124.65,53.2],[124.7333,53.15],[124.8167,53.15],[124.8833,53.1],[124.8833,53.1667],[125.1667,53.2],[125.4833,53.1],[125.5,53.05],[125.6,53.0833],[125.75,52.9833],[125.6667,52.9167],[125.6833,52.85],[125.8333,52.8833],[125.9667,52.7667],[126.0333,52.8],[126.1167,52.7667],[126.05,52.75],[126.0667,52.6833],[125.9833,52.6667],[126,52.5833],[126.05,52.6],[126.2,52.5333],[126.1833,52.4667],[126.25,52.4667],[126.35,52.4],[126.3167,52.3167],[126.4333,52.2833],[126.2833,52.2167],[126.5667,52.1167],[126.5,52.0333],[126.45,52.0333],[126.6667,51.7333],[126.7167,51.7167],[126.6667,51.6],[126.8333,51.5333],[126.7833,51.45],[126.8833,51.4],[126.9167,51.35],[126.8333,51.3333],[126.8167,51.3],[126.8667,51.25],[126.8667,51.3],[126.9833,51.3167],[126.9167,51.0667],[127.1,50.9333],[127.3667,50.5667],[127.3,50.4667],[127.35,50.4333],[127.35,50.3167],[127.6,50.2333],[127.4833,50],[127.5333,49.8],[127.6667,49.7167],[127.9,49.5667],[127.9667,49.5833],[128.25,49.5],[128.3667,49.5833],[128.7,49.5667],[128.7667,49.5833],[128.75,49.4833],[128.8667,49.4833],[129,49.45],[129.1,49.35],[129.2167,49.4],[129.35,49.35],[129.4,49.4333],[129.5167,49.4167],[129.5667,49.2833],[129.7167,49.2833],[129.75,49.1833],[129.8667,49.1167],[129.9167,49.0333],[130.25,48.8667],[130.4333,48.9],[130.5,48.85],[130.65,48.8667],[130.6333,48.8],[130.5167,48.6167],[130.6,48.5833],[130.6167,48.4833],[130.75,48.5],[130.7333,48.4333],[130.7667,48.35],[130.8,48.3333],[130.8167,48.3],[130.7833,48.2667],[130.75,48.1833],[130.65,48.1167],[130.6667,48.05],[130.75,48],[130.8667,47.9167],[130.95,47.8167],[130.95,47.7],[131.15,47.7],[131.25,47.7333],[131.3667,47.7333],[131.4667,47.7333],[131.6,47.6667],[131.6833,47.7167],[131.8,47.6833],[131.8833,47.6833],[131.9667,47.6667],[132,47.7167],[132.0667,47.7],[132.25,47.7167],[132.2833,47.75],[132.3667,47.75],[132.5667,47.7167],[132.5833,47.7833],[132.6667,47.9],[132.6667,47.95],[132.8,47.9333],[132.8667,48],[133,48.0167],[133,48.05],[133.15,48.1],[133.2667,48.0833],[133.3333,48.1],[133.45,48.0667],[133.55,48.1167],[133.65,48.15],[133.7833,48.2],[133.8667,48.1833],[133.8667,48.2167],[133.8833,48.25],[133.9667,48.3],[134.0333,48.3333],[134.1,48.3333],[134.3833,48.3833],[134.5167,48.35],[134.55,48.3667],[134.5667,48.3333],[134.75,48.2833],[134.6667,48.25],[134.6667,48.15],[134.55,48.05],[134.55,47.9833],[134.5833,47.95],[134.5833,47.9167],[134.65,47.9],[134.6667,47.8333],[134.7667,47.75],[134.6833,47.6333],[134.6667,47.6167],[134.6667,47.6],[134.5833,47.5333],[134.5667,47.5],[134.4833,47.45],[134.3333,47.45],[134.2667,47.4],[134.2333,47.35],[134.2,47.3333],[134.15,47.25],[134.2167,47.2],[134.2167,47.1167],[134.1333,47.1],[134.05,46.9667],[134.0667,46.9333],[134.0333,46.8667],[134.25,46.8],[134.9165,46.8144],[135.5833,46.825],[135.85,47.1167],[136.6167,47.7167],[138.5778,46.6583],[138.7078,47.0919],[138.0475,48.8789],[138.4194,49.75],[139.0461,50.3086],[139.7289,50.8983],[141.5014,51.1336],[141.5014,51.7978],[140.8417,52.1647],[140.3817,52.4144],[140.0347,52.6369],[137.0844,53.0897],[136.6975,53.3017],[135.7836,53.7889],[134.6858,54.3494],[132,58],[131.6667,57.2667],[131.4,56.9167],[131,56.1667],[129.3833,54.85],[128.1667,54.6667],[127.2702,54.8061],[126.3678,54.9389],[125.9612,55.1618],[124.9167,55.7167],[123.6214,55.6151],[122.3333,55.5],[121.9833,53.9667],[122.3333,53.5],[122.4,53.4333],[122.4833,53.4667]]]]}},{"type":"Feature","properties":{"key":"UHHH-2#dom"},"geometry":{"type":"MultiPolygon","coordinates":[[[[139.9964,45.7519],[141.9961,45.7519],[142.7167,45.52],[142.7317,45.52],[145.6667,44.5],[145.7333,44.45],[145.3167,44.05],[145.2667,43.8833],[145.25,43.7833],[145.3333,43.6833],[145.45,43.6167],[145.3667,43.5],[145.5833,43.4],[145.8,43.4333],[145.8667,43.3333],[146.2167,43.2],[146.8333,43],[150,45],[150,54.8667],[146,56],[143.4167,56.4167],[145.75,58],[146,61],[145,62],[142,62],[139.95,60.85],[138.1667,59.75],[135.3333,59.1667],[132,58],[134.6858,54.3494],[135.7836,53.7889],[136.6975,53.3017],[137.0844,53.0897],[140.0347,52.6369],[140.3817,52.4144],[140.8417,52.1647],[141.5014,51.7978],[141.5014,51.1336],[139.7289,50.8983],[139.0461,50.3086],[138.4194,49.75],[138.0475,48.8789],[138.7078,47.0919],[138.5778,46.6583],[140.0003,45.9994],[139.9964,45.7519]]]]}},{"type":"Feature","properties":{"key":"UHHH-3#dom"},"geometry":{"type":"MultiPolygon","coordinates":[[[[134.0333,46.8667],[134.0167,46.8167],[134.0333,46.75],[134.0167,46.6667],[133.9167,46.5833],[133.8333,46.4667],[133.9,46.45],[133.9333,46.3833],[133.8667,46.35],[133.85,46.2],[133.8167,46.2333],[133.7,46.15],[133.7333,46.05],[133.6667,45.9333],[133.6333,45.9333],[133.5833,45.8667],[133.5333,45.9],[133.4833,45.85],[133.4833,45.7833],[133.4167,45.6167],[133.3167,45.5],[133.2333,45.5167],[133.15,45.4667],[133.0833,45.25],[133.15,45.15],[133.1333,45.1167],[132.9333,45.0167],[132.8667,45.05],[131.9833,45.2667],[131.8833,45.35],[131.7667,45.2167],[131.6833,45.2333],[131.65,45.1667],[131.6833,45.1167],[131.4833,45],[131.5,44.9833],[131.3333,44.9833],[131.2833,44.9167],[131.15,44.9333],[131.0833,44.9167],[130.9667,44.8333],[131.0833,44.7],[131.2967,44.0517],[131.25,44.0167],[131.25,43.8833],[131.2,43.8333],[131.2206,43.7164],[131.2167,43.6167],[131.1833,43.5667],[131.1833,43.5333],[131.3,43.4667],[131.2833,43.4333],[131.3167,43.4],[131.2667,43.3667],[131.25,43.2667],[131.2,43.2167],[131.2,43.15],[131.1,43.0167],[131.1333,42.9667],[131.1,42.9],[131.0167,42.9167],[131.0333,42.8667],[130.9333,42.8667],[130.8667,42.85],[130.8167,42.8667],[130.7833,42.8333],[130.7,42.8333],[130.4,42.7167],[130.5333,42.7],[130.6333,42.6],[130.6167,42.55],[130.5667,42.55],[130.6333,42.4333],[130.6167,42.4167],[130.6667,42.3333],[130.6967,42.2933],[130.8833,42.15],[131.5167,41.6667],[135.9303,40.5025],[138,43.2833],[139.9964,45.7519],[140.0003,45.9994],[138.5778,46.6583],[136.6167,47.7167],[135.85,47.1167],[135.5833,46.825],[134.25,46.8],[134.0333,46.8667],[134.0333,46.8667]]]]}},{"type":"Feature","properties":{"key":"UHHH-HF#dom"},"geometry":{"type":"MultiPolygon","coordinates":[[[[139.9964,45.7519],[141.9961,45.7519],[142.7167,45.52],[142.7317,45.52],[145.6667,44.5],[145.7333,44.45],[145.3167,44.05],[145.2667,43.8833],[145.25,43.7833],[145.3333,43.6833],[145.45,43.6167],[145.3667,43.5],[145.5833,43.4],[145.8,43.4333],[145.8667,43.3333],[146.2167,43.2],[146.8333,43],[150,45],[150,54.8667],[146,56],[143.4167,56.4167],[145.75,58],[146,61],[145,62],[142,62],[139.95,60.85],[138.1667,59.75],[135.3333,59.1667],[132,58],[134.6858,54.3494],[135.7836,53.7889],[136.6975,53.3017],[137.0844,53.0897],[140.0347,52.6369],[140.3817,52.4144],[140.8417,52.1647],[141.5014,51.7978],[141.5014,51.1336],[139.7289,50.8983],[139.0461,50.3086],[138.4194,49.75],[138.0475,48.8789],[138.7078,47.0919],[138.5778,46.6583],[140.0003,45.9994],[139.9964,45.7519]]]]}},{"type":"Feature","properties":{"key":"UHMM#dom"},"geometry":{"type":"MultiPolygon","coordinates":[[[[180,90],[180,60],[170.2,54.8167],[170,54.6783],[169,54],[159,50.0833],[150,45],[150,54.8667],[146,56],[143.4167,56.4167],[145.75,58],[146,61],[145,62],[145.5,63.5667],[149.6667,64],[158,65.75],[158,66.55],[162,66.55],[165,68.6667],[168,70.5],[168,72.5],[158,72],[143.5833,73.2],[132,74.3333],[114.7167,76.3333],[114.75,78],[169,90],[180,90]]],[[[-168.9731,90],[-168.9731,65],[-175,62.5833],[-177.7517,61.3667],[-180,60],[-180,90],[-168.9731,90]]]]}},{"type":"Feature","properties":{"key":"UHMM-K1#dom"},"geometry":{"type":"MultiPolygon","coordinates":[[[[157.8,52.25],[157.5361,53.3258],[158.1833,53.7967],[156.75,55.45],[153.9897,58.0142],[155.9,58.8667],[156.7319,59.2253],[160.1667,60.5833],[162.2167,61.4333],[164.25,62.0833],[166.5675,62.0983],[169.7794,62.0483],[172.7028,61.9433],[174.75,61.8333],[180,61.5417],[180,60],[170.2,54.8167],[170,54.6783],[169,54],[159,50.0833],[157.8,52.25]]],[[[-177.7517,61.3667],[-180,61.5417],[-180,60],[-177.7517,61.3667]]]]}},{"type":"Feature","properties":{"key":"UHMM-K2#dom"},"geometry":{"type":"MultiPolygon","coordinates":[[[[150,56],[153.9897,58.0142],[156.75,55.45],[158.1833,53.7967],[157.5361,53.3258],[157.8,52.25],[159,50.0833],[150,45],[150,54.8667],[150,56]]]]}},{"type":"Feature","properties":{"key":"UHMM-N#dom"},"geometry":{"type":"MultiPolygon","coordinates":[[[[162,66.55],[163.77,66.4992],[165.5,65],[164.2333,64.25],[165.0414,63.6719],[166,62.95],[165.5833,62.6667],[164.25,62.0833],[162.2167,61.4333],[160.1667,60.5833],[156.7319,59.2253],[155.9372,59.7436],[154.6856,60.2003],[152.3972,60.8186],[151.7472,61.2219],[149.6694,62.5019],[149.6667,64],[158,65.75],[158,66.55],[162,66.55]]]]}},{"type":"Feature","properties":{"key":"UHMM-N1#dom"},"geometry":{"type":"MultiPolygon","coordinates":[[[[176.8333,67.5],[179,67],[180,67],[180,61.5417],[174.75,61.8333],[172.7028,61.9433],[169.7794,62.0483],[166.5675,62.0983],[164.25,62.0833],[165.5833,62.6667],[166,62.95],[165.0414,63.6719],[170.4167,64.6667],[171.9981,65.4517],[175.8597,67.5128],[176.8333,67.5]]],[[[-180,61.5417],[-180,67],[-168.9733,67],[-168.9731,65],[-175,62.5833],[-177.7517,61.3667],[-180,61.5417]]]]}},{"type":"Feature","properties":{"key":"UHMM-N2#dom"},"geometry":{"type":"MultiPolygon","coordinates":[[[[171.4194,72.5958],[180,72.58],[180,67],[179,67],[176.8333,67.5],[175.8597,67.5128],[171.9981,65.4517],[170.4167,64.6667],[165.0414,63.6719],[164.2333,64.25],[165.5,65],[163.77,66.4992],[162,66.55],[165,68.6667],[168,70.5],[168,72.5],[171.4194,72.5958]]],[[[-180,72.58],[-168.9734,72],[-168.9733,67],[-180,67],[-180,72.58]]]]}},{"type":"Feature","properties":{"key":"UHMM-O#dom"},"geometry":{"type":"MultiPolygon","coordinates":[[[[168,72.5],[158,72],[143.5833,73.2],[132,74.3333],[114.7167,76.3333],[114.75,78],[169,90],[180,90],[180,72.58],[171.4194,72.5958],[168,72.5]]],[[[-168.9733,90],[-168.9734,72],[-180,72.58],[-180,90],[-168.9733,90]]]]}},{"type":"Feature","properties":{"key":"UHMM-S#dom"},"geometry":{"type":"MultiPolygon","coordinates":[[[[150,54.8667],[146,56],[143.4167,56.4167],[145.75,58],[146,61],[145,62],[145.5,63.5667],[149.6667,64],[149.6694,62.5019],[151.7472,61.2219],[152.3972,60.8186],[154.6856,60.2003],[155.9372,59.7436],[156.7319,59.2253],[155.9,58.8667],[153.9897,58.0142],[150,56],[150,54.8667]]]]}},{"type":"Feature","properties":{"key":"UIII#dom"},"geometry":{"type":"MultiPolygon","coordinates":[[[[108.0333,61.2667],[108.7817,60.7083],[112.8536,59.6258],[113.8783,59.3233],[114.8617,59.6],[119.335,58.415],[119.5483,57.3217],[119.6667,56.69],[122.3333,55.5],[121.9833,53.9667],[122.3333,53.5],[122.25,53.4667],[122.15,53.4667],[122.0833,53.4167],[121.95,53.4167],[121.85,53.4],[121.7333,53.3833],[121.6833,53.3833],[121.4,53.3167],[121.3333,53.3167],[121.3,53.3],[121.1167,53.2833],[121.0833,53.3],[121.0333,53.2833],[120.8833,53.2833],[120.8167,53.2667],[120.8333,53.25],[120.8,53.2333],[120.6833,53.1667],[120.65,53.1333],[120.6333,53.1],[120.55,53.0833],[120.4333,53],[120.4,52.95],[120.35,52.9333],[120.3333,52.9],[120.2833,52.9],[120.2833,52.8667],[120.2167,52.8333],[120.1667,52.8],[120.1333,52.8],[120.0833,52.7833],[120.0167,52.7667],[120.0333,52.6833],[120.0667,52.5833],[120.1833,52.5833],[120.2667,52.6167],[120.4,52.6167],[120.45,52.6333],[120.6,52.5833],[120.7333,52.5333],[120.65,52.3667],[120.6167,52.35],[120.6333,52.3167],[120.75,52.25],[120.7833,52.1667],[120.6833,52.0333],[120.7167,52],[120.65,51.9167],[120.55,51.8667],[120.4667,51.8333],[120.1667,51.6667],[120.0833,51.6833],[120.0833,51.6333],[120.05,51.5667],[119.9333,51.3667],[119.8167,51.2167],[119.75,51.2167],[119.7667,51.1333],[119.6833,51.0167],[119.6167,51],[119.5167,50.9],[119.4833,50.75],[119.3667,50.6833],[119.25,50.5667],[119.2,50.4],[119.1167,50.3833],[119.1667,50.35],[119.3333,50.35],[119.3667,50.3167],[119.35,50.2333],[119.3167,50.1167],[119.1833,50.0167],[118.9833,49.9667],[118.6667,49.95],[118.3833,49.8167],[118.3667,49.7667],[117.8667,49.5],[117.4667,49.6333],[117.2833,49.6333],[117,49.7],[116.7,49.8333],[116.6,49.9333],[116.2167,50.0333],[116.0333,50],[115.75,49.8833],[115.3833,49.9],[115,50.1833],[114.6333,50.25],[114.5,50.2333],[114.35,50.2833],[113.85,50.0833],[113.7667,50.0833],[113.4833,49.9667],[113.1833,49.8],[113.0833,49.6667],[113.0833,49.6],[112.7333,49.4833],[112.5,49.55],[112.0333,49.4333],[111.8833,49.3833],[111.6833,49.4167],[111.5167,49.35],[111.3667,49.3667],[111.3167,49.3333],[111.1167,49.2833],[110.9333,49.1833],[110.5833,49.1667],[110.4,49.2667],[110.2333,49.1667],[109.8833,49.2167],[109.8333,49.2],[109.7333,49.2333],[109.5167,49.2333],[109.4833,49.2833],[109.2,49.3667],[109,49.3333],[108.95,49.3667],[108.7667,49.35],[108.5333,49.3333],[108.35,49.4333],[108.2667,49.5333],[108.0167,49.6167],[108,49.6667],[107.95,49.6667],[107.9333,49.7],[107.9667,49.75],[107.95,49.8667],[107.9667,49.9167],[107.85,49.9167],[107.7333,49.9833],[107.7,49.95],[107.3833,49.9833],[107.3167,50.0333],[107.25,49.9833],[107.1167,50.0333],[106.9833,50.2],[106.8833,50.25],[106.5333,50.35],[106.2667,50.3],[106.0833,50.35],[106.05,50.4167],[105.35,50.4833],[104.3667,50.3],[104.05,50.15],[103.7833,50.2167],[103.7,50.1333],[103.2167,50.3167],[102.3167,50.5833],[102.2167,51.3333],[101.55,51.5],[100.5167,51.75],[100,51.75],[99.7333,51.8833],[99.2667,52.0333],[99,52.1],[99,53],[96,54],[96.9997,54.9936],[98,55.9333],[97.5333,57.45],[100.6833,57.9333],[102.5,58.05],[106.7,60.7667],[108.0333,61.2667]]]]}},{"type":"Feature","properties":{"key":"UIII-E#dom"},"geometry":{"type":"MultiPolygon","coordinates":[[[[112.8536,59.6258],[113.8783,59.3233],[114.8617,59.6],[119.335,58.415],[119.5483,57.3217],[119.6667,56.69],[122.3333,55.5],[121.9833,53.9667],[122.3333,53.5],[122.25,53.4667],[122.15,53.4667],[122.0833,53.4167],[121.95,53.4167],[121.85,53.4],[121.7333,53.3833],[121.6833,53.3833],[121.4,53.3167],[121.3333,53.3167],[121.3,53.3],[121.1167,53.2833],[121.0833,53.3],[121.0333,53.2833],[120.8833,53.2833],[120.8167,53.2667],[120.8333,53.25],[120.8,53.2333],[120.6833,53.1667],[120.65,53.1333],[120.6333,53.1],[120.55,53.0833],[120.4333,53],[120.4,52.95],[120.35,52.9333],[120.3333,52.9],[120.2833,52.9],[120.2833,52.8667],[120.2167,52.8333],[120.1667,52.8],[120.1333,52.8],[120.0833,52.7833],[120.0167,52.7667],[120.0333,52.6833],[120.0667,52.5833],[120.1833,52.5833],[120.2667,52.6167],[120.4,52.6167],[120.45,52.6333],[120.6,52.5833],[120.7333,52.5333],[120.65,52.3667],[120.6167,52.35],[120.6333,52.3167],[120.75,52.25],[120.7833,52.1667],[120.6833,52.0333],[120.7167,52],[120.65,51.9167],[120.55,51.8667],[120.4667,51.8333],[120.1667,51.6667],[120.0833,51.6833],[120.0833,51.6333],[120.05,51.5667],[119.9333,51.3667],[119.8167,51.2167],[119.75,51.2167],[119.7667,51.1333],[119.6833,51.0167],[119.6167,51],[119.5167,50.9],[119.4833,50.75],[119.3667,50.6833],[119.25,50.5667],[119.2,50.4],[119.1167,50.3833],[119.1667,50.35],[119.3333,50.35],[119.3667,50.3167],[119.35,50.2333],[119.3167,50.1167],[119.1833,50.0167],[118.9833,49.9667],[118.6667,49.95],[118.3833,49.8167],[118.3667,49.7667],[117.8667,49.5],[117.4667,49.6333],[117.2833,49.6333],[117,49.7],[116.7,49.8333],[116.6,49.9333],[116.2167,50.0333],[116.0333,50],[115.75,49.8833],[115.3833,49.9],[115,50.1833],[114.6333,50.25],[114.5,50.2333],[114.35,50.2833],[113.85,50.0833],[113.7667,50.0833],[113.4833,49.9667],[113.1833,49.8],[113.0833,49.6667],[113.0833,49.6],[112.7333,49.4833],[112.5,49.55],[112.0333,49.4333],[111.8833,49.3833],[111.6833,49.4167],[111.5167,49.35],[111.3667,49.3667],[111.3167,49.3333],[111.1167,49.2833],[110.9333,49.1833],[110.5833,49.1667],[110.4,49.2667],[110.2333,49.1667],[109.8833,49.2167],[109.8333,49.2],[109.7333,49.2333],[109.5167,49.2333],[109.4833,49.2833],[109.2,49.3667],[109,49.3333],[108.95,49.3667],[108.7667,49.35],[108.5333,49.3333],[108.35,49.4333],[108.2667,49.5333],[108.0167,49.6167],[108,49.6667],[107.95,49.6667],[107.9333,49.7],[107.9667,49.75],[107.95,49.8667],[107.9667,49.9167],[108.6083,51.2167],[109,52],[109.6,52.3333],[109.8867,52.495],[110.2567,55.6433],[111.2578,55.4672],[111.7186,57.0208],[111.1947,57.6608],[111.99,58.5986],[112.295,59.0586],[112.8536,59.6258]]]]}},{"type":"Feature","properties":{"key":"ULLL#dom"},"geometry":{"type":"MultiPolygon","coordinates":[[[[26.0781,59.8515],[25.975,59.8667],[25.8667,59.8833],[26.1117,59.975],[26.4569,60.0997],[26.55,60.1333],[27.2931,60.2003],[27.3528,60.2087],[27.4567,60.2233],[27.6281,60.3317],[27.7258,60.3917],[27.6894,60.4291],[27.6852,60.4334],[27.7469,60.4506],[27.783,60.5385],[27.8935,60.618],[28.5287,60.956],[28.6561,60.9518],[28.7305,61.0552],[28.807,61.0965],[28.8197,61.1244],[28.9578,61.1523],[29.2403,61.2722],[29.3296,61.3528],[29.4442,61.4244],[29.46,61.4333],[29.5033,61.4614],[29.4965,61.4925],[29.5862,61.4945],[29.7358,61.5745],[29.8323,61.6624],[30.0417,61.7683],[30.0702,61.8185],[30.1572,61.8595],[30.2422,61.9117],[30.7384,62.2288],[30.8651,62.2959],[31.1945,62.4703],[31.3736,62.6654],[31.4463,62.7907],[31.589,62.9082],[31.4463,63.0322],[31.4293,63.0394],[31.2672,63.1072],[31.2393,63.2183],[31.1742,63.2408],[30.7808,63.4062],[30.48,63.4688],[30.0926,63.6887],[29.9719,63.7572],[30.2485,63.822],[30.3226,63.9209],[30.517,64.0319],[30.5494,64.1328],[30.4661,64.2055],[30.5107,64.2215],[30.4819,64.2618],[30.2119,64.3511],[30.1255,64.359],[30.0466,64.4014],[30.0581,64.4531],[29.987,64.5384],[29.99,64.5965],[30.1499,64.6391],[30.0344,64.736],[30.0937,64.7696],[30.0374,64.7941],[29.7407,64.7912],[29.6482,64.8655],[29.6111,64.9301],[29.6269,65.0606],[29.7351,65.0925],[29.8995,65.1029],[29.8173,65.1455],[29.8963,65.1933],[29.8805,65.2101],[29.7604,65.2307],[29.6371,65.232],[29.596,65.263],[29.7351,65.3431],[29.7288,65.4736],[29.7445,65.484],[29.8616,65.5614],[29.7162,65.6363],[30.0038,65.6958],[30.1366,65.6699],[30.1018,65.8236],[29.9216,66.1259],[29.7035,66.2719],[29.5833,66.4167],[29.4749,66.5425],[29.3017,66.6754],[29.0589,66.8487],[29.0346,66.9221],[29.0378,66.9539],[29.2734,67.118],[29.5511,67.3113],[29.9291,67.5253],[30.0069,67.6706],[30.0101,67.6767],[29.6591,67.8038],[29.3297,68.0743],[28.6439,68.1974],[28.4333,68.5405],[28.4621,68.5609],[28.7033,68.7323],[28.7999,68.8665],[28.8,68.8667],[28.8,68.8667],[28.8005,68.8675],[28.7989,68.8677],[28.6601,68.8877],[28.4657,68.8857],[28.4225,68.9139],[28.9289,69.0517],[28.9299,69.0514],[28.93,69.0514],[29.0197,69.0251],[29.0413,69.0106],[29.0566,69.015],[29.0942,69.0394],[29.1421,69.063],[29.1594,69.0669],[29.2423,69.113],[29.2355,69.1198],[29.2313,69.1211],[29.2312,69.122],[29.2324,69.1245],[29.2356,69.1251],[29.2387,69.1252],[29.24,69.1257],[29.2407,69.1263],[29.2429,69.1276],[29.2438,69.1286],[29.2443,69.1293],[29.2438,69.1312],[29.2402,69.1357],[29.2394,69.1363],[29.239,69.1372],[29.2396,69.1387],[29.2415,69.1411],[29.2451,69.1445],[29.2463,69.1468],[29.2514,69.1503],[29.2531,69.1517],[29.2571,69.1537],[29.2575,69.155],[29.2572,69.1556],[29.2529,69.1584],[29.2491,69.1605],[29.2481,69.1613],[29.2496,69.1622],[29.2546,69.1627],[29.2599,69.163],[29.2665,69.1641],[29.2691,69.165],[29.2732,69.1673],[29.2854,69.1753],[29.2893,69.179],[29.2925,69.1829],[29.2949,69.1869],[29.2934,69.1892],[29.2917,69.1905],[29.2906,69.1921],[29.2903,69.1932],[29.2955,69.1964],[29.2963,69.1975],[29.2962,69.1984],[29.2948,69.2],[29.2928,69.2041],[29.2926,69.2052],[29.2932,69.2065],[29.2958,69.2075],[29.2983,69.2081],[29.3038,69.209],[29.3056,69.2098],[29.3053,69.2108],[29.3026,69.2119],[29.3018,69.213],[29.3006,69.2166],[29.3025,69.2205],[29.3036,69.2219],[29.312,69.2273],[29.3133,69.2287],[29.3139,69.234],[29.3135,69.2366],[29.3124,69.238],[29.3104,69.239],[29.3089,69.2402],[29.3068,69.2413],[29.3009,69.2433],[29.2918,69.2452],[29.2879,69.2463],[29.2868,69.2471],[29.2847,69.2493],[29.2847,69.25],[29.2816,69.2516],[29.2813,69.2526],[29.2799,69.2535],[29.278,69.256],[29.2779,69.2591],[29.2768,69.2646],[29.2758,69.2674],[29.2756,69.2713],[29.2766,69.2739],[29.2766,69.2752],[29.2781,69.2779],[29.2823,69.2816],[29.2849,69.288],[29.2845,69.2908],[29.2854,69.2935],[29.2916,69.2966],[29.2969,69.2986],[29.3,69.2995],[29.3032,69.3001],[29.314,69.3011],[29.3199,69.3017],[29.3279,69.3051],[29.3323,69.306],[29.3342,69.3071],[29.3358,69.3077],[29.3499,69.3096],[29.3568,69.3109],[29.366,69.3134],[29.3686,69.3143],[29.3728,69.3165],[29.3769,69.3181],[29.3823,69.3185],[29.3851,69.3199],[29.3863,69.3209],[29.3889,69.3217],[29.3918,69.3222],[29.3957,69.3225],[29.398,69.3224],[29.4062,69.3208],[29.4104,69.319],[29.4136,69.3185],[29.4177,69.3187],[29.4211,69.3191],[29.4296,69.3207],[29.4411,69.3214],[29.445,69.3215],[29.4523,69.321],[29.4564,69.3209],[29.4595,69.321],[29.4628,69.3215],[29.4752,69.322],[29.4856,69.3219],[29.4879,69.3222],[29.4972,69.3244],[29.4996,69.3253],[29.5031,69.3277],[29.5056,69.3287],[29.5091,69.3283],[29.5126,69.3272],[29.5138,69.3272],[29.5153,69.3272],[29.5186,69.3278],[29.5212,69.329],[29.5234,69.3289],[29.5274,69.3282],[29.5283,69.323],[29.5314,69.3202],[29.5331,69.3191],[29.5354,69.318],[29.5385,69.3172],[29.5416,69.3166],[29.5454,69.3163],[29.5539,69.3163],[29.5645,69.3168],[29.5707,69.3178],[29.5752,69.3191],[29.5837,69.3229],[29.5889,69.3246],[29.6028,69.3306],[29.6176,69.335],[29.6276,69.3387],[29.6298,69.34],[29.6341,69.3436],[29.6362,69.3446],[29.6438,69.3474],[29.6476,69.3483],[29.6567,69.3503],[29.6621,69.3519],[29.673,69.3556],[29.676,69.3565],[29.6814,69.3583],[29.6895,69.3613],[29.6944,69.3633],[29.6959,69.3644],[29.6972,69.3661],[29.6976,69.3672],[29.6968,69.3699],[29.6979,69.3715],[29.7011,69.3742],[29.7049,69.3766],[29.7104,69.3782],[29.7124,69.3794],[29.7128,69.3808],[29.7119,69.3821],[29.7117,69.3837],[29.7129,69.3843],[29.7175,69.3853],[29.7205,69.3865],[29.7227,69.3892],[29.726,69.3901],[29.7338,69.391],[29.7411,69.391],[29.7443,69.3911],[29.7485,69.3917],[29.757,69.394],[29.7611,69.3939],[29.7654,69.394],[29.7724,69.3947],[29.7752,69.3956],[29.7787,69.3979],[29.783,69.3979],[29.7868,69.3976],[29.7894,69.3987],[29.7915,69.3999],[29.7945,69.4023],[29.7958,69.4035],[29.7969,69.4062],[29.7998,69.4072],[29.8066,69.4087],[29.8094,69.4095],[29.8141,69.4119],[29.8248,69.4138],[29.8299,69.4155],[29.8363,69.4173],[29.8419,69.4205],[29.8462,69.4217],[29.8531,69.4231],[29.8612,69.4239],[29.8679,69.4241],[29.8713,69.4238],[29.8818,69.4225],[29.8943,69.4197],[29.9003,69.4182],[29.904,69.4178],[29.9113,69.4184],[29.9152,69.4186],[29.9179,69.4179],[29.9202,69.4168],[29.9287,69.4146],[29.9323,69.413],[29.933,69.412],[29.9333,69.4107],[29.933,69.4082],[29.9349,69.407],[29.9378,69.406],[29.9414,69.4054],[29.9447,69.4053],[29.9493,69.4053],[29.9599,69.4064],[29.9702,69.4078],[29.9893,69.4114],[29.9963,69.4129],[29.999,69.4138],[30,69.414],[30.007,69.4153],[30.0133,69.4169],[30.0213,69.4196],[30.0316,69.4233],[30.0383,69.4264],[30.0469,69.431],[30.0519,69.4346],[30.06,69.4419],[30.0631,69.4444],[30.0646,69.4454],[30.067,69.4466],[30.0687,69.4477],[30.0771,69.454],[30.1095,69.4657],[30.1119,69.4668],[30.1153,69.4691],[30.1176,69.4716],[30.1144,69.4752],[30.1131,69.4773],[30.1125,69.4787],[30.1125,69.4801],[30.1142,69.4839],[30.1167,69.494],[30.1162,69.4994],[30.1169,69.5007],[30.117,69.503],[30.1175,69.5038],[30.1179,69.5079],[30.1192,69.5117],[30.1217,69.5159],[30.1257,69.5198],[30.1312,69.5232],[30.1336,69.524],[30.1409,69.5252],[30.1434,69.5263],[30.1454,69.5276],[30.1474,69.5295],[30.1498,69.5304],[30.1528,69.5313],[30.1585,69.5326],[30.1611,69.5334],[30.1651,69.5333],[30.1709,69.5327],[30.1743,69.5346],[30.177,69.537],[30.1781,69.5384],[30.1788,69.5397],[30.1799,69.545],[30.1812,69.5463],[30.1843,69.5486],[30.1853,69.5499],[30.1857,69.5511],[30.1853,69.5524],[30.1813,69.5562],[30.1807,69.5575],[30.1809,69.5587],[30.1822,69.5602],[30.1866,69.5626],[30.1877,69.5636],[30.1881,69.5664],[30.1867,69.5706],[30.1844,69.5733],[30.1791,69.5783],[30.1784,69.5798],[30.1799,69.5835],[30.1799,69.5851],[30.1791,69.5861],[30.1771,69.5871],[30.171,69.589],[30.1655,69.5926],[30.162,69.5963],[30.1599,69.5992],[30.158,69.6057],[30.157,69.6068],[30.1546,69.6077],[30.1529,69.6079],[30.1517,69.6088],[30.1518,69.6105],[30.1527,69.6115],[30.1531,69.6128],[30.1504,69.6154],[30.1506,69.6174],[30.1512,69.6186],[30.1509,69.6205],[30.1488,69.6245],[30.148,69.6288],[30.1455,69.6312],[30.1452,69.6326],[30.1373,69.6434],[30.091,69.6428],[30.0853,69.6581],[30.1116,69.6637],[30.1511,69.6692],[30.2238,69.653],[30.3036,69.6288],[30.3815,69.6021],[30.4178,69.5898],[30.4741,69.5634],[30.4815,69.5597],[30.5076,69.5478],[30.5155,69.5403],[30.5251,69.5406],[30.5334,69.5411],[30.55,69.5414],[30.559,69.5419],[30.5661,69.5421],[30.5832,69.5417],[30.6185,69.5413],[30.6642,69.5406],[30.746,69.5331],[30.7468,69.5332],[30.7508,69.5333],[30.756,69.5331],[30.7572,69.5331],[30.76,69.5336],[30.7607,69.5335],[30.762,69.5331],[30.7631,69.5326],[30.7683,69.5321],[30.7707,69.5317],[30.7731,69.5316],[30.7769,69.5319],[30.7822,69.5318],[30.783,69.532],[30.7874,69.5323],[30.7898,69.5319],[30.7943,69.5314],[30.7958,69.531],[30.7979,69.53],[30.8024,69.5289],[30.8044,69.5287],[30.8056,69.5291],[30.8083,69.5289],[30.8121,69.5286],[30.8151,69.5289],[30.8164,69.5286],[30.8175,69.5287],[30.8182,69.5288],[30.8177,69.5291],[30.8181,69.5293],[30.8193,69.5296],[30.8202,69.5301],[30.8213,69.5301],[30.8227,69.5304],[30.823,69.5307],[30.8227,69.5312],[30.8234,69.5313],[30.8244,69.531],[30.827,69.5309],[30.8279,69.5313],[30.8302,69.5314],[30.8355,69.5332],[30.8364,69.5338],[30.8374,69.5339],[30.8374,69.5342],[30.8392,69.535],[30.8416,69.5353],[30.8449,69.5354],[30.8487,69.5364],[30.8514,69.5363],[30.853,69.5367],[30.8583,69.537],[30.8604,69.5374],[30.8613,69.5374],[30.8623,69.5378],[30.865,69.5399],[30.8659,69.54],[30.8677,69.5397],[30.8682,69.5398],[30.8719,69.542],[30.8746,69.5425],[30.8768,69.5426],[30.8873,69.5462],[30.8884,69.5468],[30.8894,69.5488],[30.8907,69.5495],[30.896,69.5504],[30.899,69.5516],[30.8998,69.5521],[30.9009,69.5523],[30.907,69.5528],[30.9107,69.5528],[30.916,69.5536],[30.917,69.5543],[30.9168,69.5549],[30.9198,69.5556],[30.9219,69.5555],[30.9234,69.5564],[30.9251,69.5563],[30.9276,69.5571],[30.9291,69.5588],[30.9301,69.5591],[30.9313,69.5591],[30.9318,69.5592],[30.9329,69.56],[30.9388,69.5607],[30.9395,69.5628],[30.9381,69.5663],[30.9395,69.568],[30.9397,69.5694],[30.9387,69.5711],[30.9391,69.5723],[30.9411,69.5738],[30.9434,69.5747],[30.9456,69.5752],[30.9469,69.5761],[30.9465,69.5773],[30.9444,69.578],[30.9449,69.5806],[30.9431,69.5815],[30.9451,69.5834],[30.9455,69.5853],[30.9461,69.5878],[30.9475,69.5906],[30.9465,69.5925],[30.9423,69.5934],[30.9399,69.5944],[30.9388,69.5965],[30.941,69.5985],[30.9474,69.6002],[30.9488,69.6009],[30.9495,69.6019],[30.9493,69.6042],[30.9482,69.6056],[30.9481,69.6085],[30.9499,69.61],[30.9521,69.6109],[30.9521,69.6128],[30.953,69.614],[30.9523,69.6154],[30.9497,69.6174],[30.9491,69.6182],[30.9493,69.6188],[30.9503,69.622],[30.9502,69.6228],[30.952,69.6236],[30.9511,69.6251],[30.9525,69.6264],[30.9516,69.6278],[30.9526,69.6283],[30.9543,69.6287],[30.9538,69.6303],[30.9544,69.6324],[30.9537,69.6332],[30.9516,69.6343],[30.9514,69.6348],[30.9526,69.6374],[30.9525,69.6381],[30.9517,69.6384],[30.9492,69.6388],[30.9486,69.6391],[30.9485,69.6399],[30.9481,69.64],[30.9456,69.6401],[30.9433,69.6411],[30.9429,69.6424],[30.9403,69.6431],[30.9392,69.6437],[30.9401,69.6448],[30.9394,69.6466],[30.9373,69.6465],[30.935,69.6469],[30.934,69.6476],[30.9329,69.6503],[30.9337,69.6515],[30.9336,69.6524],[30.9341,69.6527],[30.9344,69.6537],[30.9329,69.6549],[30.9312,69.6557],[30.931,69.6566],[30.9299,69.6571],[30.9297,69.6576],[30.9297,69.6584],[30.9306,69.6596],[30.9303,69.6601],[30.931,69.6623],[30.9302,69.6631],[30.929,69.6639],[30.9277,69.6641],[30.926,69.664],[30.9254,69.6642],[30.9261,69.665],[30.926,69.6656],[30.9241,69.6669],[30.9238,69.668],[30.9229,69.6687],[30.9229,69.6689],[30.925,69.6717],[30.9281,69.6739],[30.928,69.6746],[30.9292,69.6747],[30.9339,69.6735],[30.9352,69.6736],[30.9367,69.6741],[30.9355,69.6749],[30.934,69.6751],[30.9336,69.6757],[30.9344,69.6763],[30.9358,69.6764],[30.9383,69.6757],[30.9391,69.6752],[30.9396,69.6742],[30.9409,69.6739],[30.9446,69.6739],[30.9464,69.6744],[30.9457,69.6749],[30.9429,69.6753],[30.9421,69.6757],[30.9421,69.6763],[30.9441,69.677],[30.9455,69.6773],[30.9459,69.6778],[30.9454,69.6793],[30.9426,69.6805],[30.9424,69.6808],[30.9425,69.6811],[30.9429,69.6821],[30.9444,69.6825],[30.9451,69.6831],[30.941,69.6852],[30.9399,69.6853],[30.9368,69.6853],[30.9356,69.6856],[30.9367,69.6864],[30.9365,69.687],[30.9345,69.6867],[30.9322,69.6852],[30.931,69.6848],[30.93,69.6848],[30.9283,69.6857],[30.9282,69.6872],[30.9272,69.6882],[30.9254,69.6892],[30.9247,69.6902],[30.9239,69.6909],[30.9226,69.6912],[30.9178,69.6909],[30.9164,69.6912],[30.9167,69.6923],[30.9177,69.6929],[30.9195,69.6935],[30.9198,69.6944],[30.9192,69.6949],[30.9172,69.6953],[30.9155,69.6962],[30.9125,69.697],[30.9096,69.698],[30.909,69.6987],[30.9094,69.7],[30.9089,69.7005],[30.9077,69.7008],[30.9059,69.7008],[30.9023,69.7017],[30.8995,69.7016],[30.8987,69.7014],[30.8976,69.6998],[30.8964,69.6996],[30.8949,69.6998],[30.8912,69.7014],[30.8907,69.7024],[30.8912,69.703],[30.8925,69.7032],[30.8947,69.7027],[30.8956,69.7026],[30.8979,69.7029],[30.8994,69.7034],[30.8989,69.7042],[30.8941,69.7044],[30.8929,69.7049],[30.8904,69.7065],[30.8876,69.7066],[30.8861,69.7068],[30.8852,69.7083],[30.8825,69.7092],[30.8816,69.7097],[30.881,69.7113],[30.8813,69.7121],[30.881,69.7127],[30.8793,69.7133],[30.8754,69.7142],[30.8742,69.7147],[30.8738,69.7151],[30.8742,69.7162],[30.8767,69.717],[30.8775,69.7174],[30.878,69.7185],[30.8788,69.7186],[30.8808,69.7184],[30.8825,69.7177],[30.8836,69.7176],[30.8845,69.7178],[30.8866,69.719],[30.8871,69.7192],[30.8896,69.7195],[30.8906,69.7198],[30.8905,69.7205],[30.8895,69.7212],[30.8904,69.7215],[30.8904,69.7218],[30.8882,69.7237],[30.888,69.725],[30.8902,69.7278],[30.8909,69.7283],[30.8922,69.7284],[30.8927,69.7286],[30.893,69.7292],[30.8919,69.7296],[30.8901,69.7296],[30.8866,69.7301],[30.8856,69.7305],[30.8853,69.731],[30.8859,69.7313],[30.8892,69.7315],[30.8907,69.7322],[30.8917,69.734],[30.8903,69.7349],[30.8891,69.735],[30.8883,69.7353],[30.8883,69.7357],[30.89,69.7367],[30.8904,69.7371],[30.8897,69.7377],[30.8882,69.7384],[30.8861,69.7389],[30.8834,69.7388],[30.8818,69.7377],[30.8802,69.7377],[30.8794,69.7379],[30.8787,69.7387],[30.8795,69.7404],[30.8776,69.7418],[30.8766,69.7419],[30.8758,69.7418],[30.8753,69.7413],[30.8748,69.7412],[30.8727,69.7416],[30.8735,69.7436],[30.8734,69.7445],[30.8724,69.7451],[30.8699,69.7462],[30.8698,69.7465],[30.8712,69.7475],[30.871,69.7489],[30.8702,69.7497],[30.868,69.7507],[30.868,69.7512],[30.8692,69.7516],[30.8713,69.7516],[30.8728,69.7514],[30.8747,69.7502],[30.8754,69.7501],[30.8767,69.7501],[30.8772,69.7505],[30.8764,69.751],[30.8707,69.7526],[30.8698,69.7533],[30.8698,69.7537],[30.8721,69.7549],[30.8722,69.7556],[30.8715,69.756],[30.8703,69.7562],[30.8675,69.7561],[30.8668,69.7556],[30.8672,69.7536],[30.8666,69.7527],[30.8659,69.7524],[30.8637,69.7523],[30.8627,69.7523],[30.8614,69.7529],[30.8611,69.7538],[30.8623,69.7562],[30.8664,69.7577],[30.8669,69.758],[30.8668,69.7585],[30.8638,69.7601],[30.8612,69.7622],[30.8605,69.7626],[30.859,69.763],[30.8575,69.763],[30.8564,69.7628],[30.8553,69.7622],[30.8552,69.7606],[30.8549,69.7604],[30.8524,69.7605],[30.8508,69.761],[30.8505,69.7618],[30.8528,69.7634],[30.8531,69.7646],[30.8529,69.7649],[30.8506,69.7658],[30.8504,69.7663],[30.8528,69.7686],[30.8529,69.7693],[30.8524,69.7695],[30.8515,69.7695],[30.8483,69.7691],[30.8469,69.7693],[30.8462,69.77],[30.8467,69.7708],[30.8464,69.771],[30.8459,69.7713],[30.8419,69.7719],[30.8405,69.7725],[30.84,69.7733],[30.8399,69.7756],[30.8416,69.7767],[30.8421,69.7778],[30.841,69.7789],[30.8382,69.7799],[30.8319,69.7814],[30.8297,69.7823],[30.8292,69.7836],[30.8266,69.7849],[30.8239,69.7859],[30.8224,69.7871],[30.8215,69.7886],[30.8213,69.7912],[30.8174,69.7944],[30.8177,69.7946],[30.8178,69.7947],[30.8333,69.8],[31.1333,70],[32.0833,70.1667],[32.05,71.397],[32.0833,71.5],[32.05,74],[35,74],[35,81],[32,81],[32,90],[169,90],[114.75,78],[89.5,77.3333],[81.8333,75.3333],[70.6833,74.5],[70.9167,73.6667],[68.6667,73.6667],[66.3042,71.519],[66.3216,71.5197],[65.7558,70.9339],[65.66,70.83],[65.8797,70.4842],[66.0356,70.2217],[66.1844,69.9639],[66.4108,69.554],[66.6428,69.1339],[66.7833,68.8667],[67.8514,68.4872],[68,68.43],[67.5197,67.9222],[67.36,67.75],[66.6397,67.3072],[65.4314,67.0072],[64.2731,66.7006],[63.43,66.46],[63.2067,66.3428],[62.09,65.7108],[61.5493,65.3805],[60.3211,64.6303],[60.0636,64.4556],[59.9769,64.1525],[59.7922,63.4831],[59.7111,63.1708],[59.5844,62.4783],[59.5586,62.3333],[59.5,62],[58.4667,61.6339],[57.2111,61.1678],[55.7,60.7167],[55.1706,60.6217],[54.3358,60.4669],[53.4475,60.2956],[52.3697,60.0775],[52,60],[50.9572,60.0036],[50.0944,60.0006],[50,60],[49.815,60.0475],[49.2314,60.1953],[48.6667,60.3333],[47.5381,60.2097],[47.025,60.1492],[46.3333,60.0667],[45.4978,59.5167],[45.2742,59.1839],[45.0004,58.7672],[45.0003,58.7671],[45,58.7667],[45,58.7667],[43.0775,58.7794],[42.4167,58.7778],[41.4397,58.7692],[39.7854,58.7369],[39.5603,58.7325],[39.1519,58.7217],[38.2683,58.695],[37.9233,58.6803],[35.8167,58.5833],[35.8167,58.5833],[34.5667,58.2],[33.7667,57.8711],[32.55,57.35],[31.1667,56.9167],[31.1247,56.7039],[30.9508,55.6031],[30.9167,55.6167],[30.851,55.6264],[30.8125,55.59],[30.7686,55.5892],[30.7288,55.6621],[30.6972,55.6567],[30.6917,55.6326],[30.6752,55.6342],[30.6546,55.7047],[30.5928,55.7472],[30.5324,55.7503],[30.4889,55.8075],[30.3745,55.8075],[30.3387,55.8352],[30.2879,55.8329],[30.2811,55.8661],[30.1726,55.8622],[30.1163,55.8314],[29.9844,55.8676],[29.8938,55.8607],[29.7784,55.7758],[29.7524,55.8005],[29.6246,55.7766],[29.5093,55.7016],[29.3582,55.7573],[29.3967,55.9],[29.4818,55.9161],[29.4434,55.9584],[29.2758,55.9938],[29.2195,55.9892],[29.1563,56.0253],[29.0891,56.0306],[28.8611,55.9861],[28.8432,55.9577],[28.7457,55.9653],[28.64,56.0743],[28.6812,56.1004],[28.548,56.1142],[28.423,56.0874],[28.401,56.1111],[28.3749,56.1088],[28.3736,56.059],[28.32,56.0582],[28.2761,56.0943],[28.2623,56.0851],[28.2417,56.0874],[28.2459,56.1165],[28.1593,56.1448],[28.1514,56.1658],[28.1869,56.1774],[28.1874,56.1931],[28.1875,56.1973],[28.2052,56.2094],[28.1893,56.2266],[28.2106,56.2421],[28.2291,56.2578],[28.2472,56.2793],[28.2336,56.2979],[28.2204,56.3139],[28.2091,56.3362],[28.1991,56.3523],[28.1813,56.368],[28.1756,56.3858],[28.1944,56.4056],[28.1884,56.4287],[28.1789,56.4498],[28.157,56.4681],[28.1425,56.4786],[28.1291,56.4872],[28.1329,56.5105],[28.1095,56.5216],[28.1223,56.5396],[28.1496,56.5521],[28.142,56.5717],[28.1188,56.5829],[28.0882,56.5857],[28.0569,56.5866],[28.0414,56.6025],[28.0331,56.6202],[28.0205,56.6391],[28.0174,56.6609],[27.9955,56.6771],[27.9832,56.6935],[27.9657,56.714],[27.938,56.73],[27.9143,56.7438],[27.9017,56.7517],[27.9173,56.7636],[27.9465,56.7722],[27.9531,56.7874],[27.9665,56.8047],[27.9769,56.82],[27.9475,56.8269],[27.9151,56.8278],[27.8936,56.8409],[27.8744,56.8636],[27.8521,56.8757],[27.8202,56.8763],[27.7933,56.8657],[27.7651,56.8585],[27.7216,56.8531],[27.6914,56.8396],[27.6708,56.8458],[27.6757,56.8657],[27.6726,56.8866],[27.6744,56.9107],[27.7089,56.9237],[27.7306,56.938],[27.7334,56.9585],[27.7413,56.9813],[27.7389,56.9979],[27.7165,57.0152],[27.7311,57.0298],[27.7383,57.0464],[27.7482,57.0647],[27.757,57.0815],[27.7306,57.0893],[27.7327,57.1029],[27.751,57.1186],[27.7759,57.1352],[27.8073,57.1483],[27.8247,57.1648],[27.8348,57.182],[27.8432,57.1993],[27.8524,57.2169],[27.8648,57.2359],[27.8728,57.2539],[27.8689,57.2741],[27.8601,57.2941],[27.8468,57.3096],[27.8181,57.323],[27.7864,57.3364],[27.7688,57.3519],[27.7379,57.3597],[27.7002,57.3709],[27.6784,57.3829],[27.6561,57.4005],[27.6187,57.4169],[27.5886,57.4222],[27.5584,57.4306],[27.5238,57.4398],[27.5124,57.4581],[27.5356,57.4699],[27.5571,57.4823],[27.5682,57.5011],[27.559,57.5163],[27.5502,57.5287],[27.5297,57.5395],[27.4937,57.5355],[27.4517,57.5283],[27.4181,57.5281],[27.3853,57.5307],[27.3561,57.5392],[27.3514,57.5175],[27.3333,57.5167],[27.3278,57.5764],[27.3833,57.6],[27.3894,57.6131],[27.4023,57.6314],[27.4,57.6333],[27.3824,57.6481],[27.3878,57.6651],[27.408,57.6855],[27.434,57.7052],[27.4593,57.7073],[27.4919,57.7129],[27.524,57.7048],[27.5421,57.726],[27.5362,57.7443],[27.5217,57.7624],[27.508,57.7783],[27.5089,57.7971],[27.5325,57.808],[27.5597,57.83],[27.5815,57.8299],[27.6142,57.8325],[27.6548,57.8364],[27.6905,57.8368],[27.7211,57.8386],[27.7388,57.8271],[27.7668,57.8269],[27.7968,57.8332],[27.8109,57.8481],[27.8291,57.8617],[27.8277,57.8845],[27.8097,57.8892],[27.8133,57.9031],[27.7832,57.9112],[27.7503,57.9123],[27.725,57.9201],[27.7017,57.9285],[27.6852,57.9456],[27.6855,57.9494],[27.6864,57.9629],[27.6987,57.9781],[27.6949,57.9969],[27.6716,58.0055],[27.6351,58.0014],[27.613,58.0163],[27.6094,58.0386],[27.6026,58.0531],[27.5993,58.078],[27.5935,58.0967],[27.5856,58.1135],[27.5609,58.1389],[27.5329,58.1651],[27.5134,58.1805],[27.4808,58.2153],[27.4808,58.2321],[27.4841,58.2595],[27.488,58.2823],[27.4951,58.3031],[27.5147,58.3294],[27.55,58.38],[27.4961,58.4886],[27.3975,58.6983],[27.36,58.78],[27.3828,58.8003],[27.4678,58.8433],[27.5904,58.8941],[27.5997,58.9115],[27.616,58.9319],[27.6507,58.9581],[27.6912,58.9729],[27.7262,58.9847],[27.7313,59.0018],[27.7312,59.0189],[27.7479,59.0357],[27.7711,59.0514],[27.7701,59.0663],[27.78,59.0868],[27.7941,59.1067],[27.8009,59.1252],[27.8139,59.1432],[27.8449,59.157],[27.8635,59.1714],[27.8892,59.1864],[27.8868,59.2032],[27.8895,59.2203],[27.8977,59.2367],[27.916,59.2543],[27.9425,59.2692],[27.9785,59.2772],[28.0061,59.2792],[28.0451,59.2919],[28.0842,59.292],[28.1218,59.2933],[28.1529,59.3047],[28.1804,59.3106],[28.1756,59.3133],[28.1588,59.3228],[28.1787,59.3372],[28.2011,59.355],[28.2112,59.3707],[28.2073,59.3884],[28.1903,59.4041],[28.1598,59.4129],[28.135,59.4279],[28.1091,59.4469],[28.0994,59.4567],[28.0742,59.4644],[28.0451,59.4729],[28.0433,59.4717],[27.6367,59.6117],[26.0781,59.8515]]]]}},{"type":"Feature","properties":{"key":"ULLL-AM#dom"},"geometry":{"type":"MultiPolygon","coordinates":[[[[29.0346,66.9221],[29.0378,66.9539],[29.2734,67.118],[29.5511,67.3113],[29.9291,67.5253],[30.0069,67.6706],[30.0101,67.6767],[29.6591,67.8038],[29.3297,68.0743],[28.6439,68.1974],[28.4333,68.5405],[28.4621,68.5609],[28.7033,68.7323],[28.7999,68.8665],[28.8,68.8667],[28.8,68.8667],[28.8005,68.8675],[28.7989,68.8677],[28.6601,68.8877],[28.4657,68.8857],[28.4225,68.9139],[28.9289,69.0517],[28.9299,69.0514],[28.93,69.0514],[29.0197,69.0251],[29.0413,69.0106],[29.0566,69.015],[29.0942,69.0394],[29.1421,69.063],[29.1594,69.0669],[29.2423,69.113],[29.2355,69.1198],[29.2313,69.1211],[29.2312,69.122],[29.2324,69.1245],[29.2356,69.1251],[29.2387,69.1252],[29.24,69.1257],[29.2407,69.1263],[29.2429,69.1276],[29.2438,69.1286],[29.2443,69.1293],[29.2438,69.1312],[29.2402,69.1357],[29.2394,69.1363],[29.239,69.1372],[29.2396,69.1387],[29.2415,69.1411],[29.2451,69.1445],[29.2463,69.1468],[29.2514,69.1503],[29.2531,69.1517],[29.2571,69.1537],[29.2575,69.155],[29.2572,69.1556],[29.2529,69.1584],[29.2491,69.1605],[29.2481,69.1613],[29.2496,69.1622],[29.2546,69.1627],[29.2599,69.163],[29.2665,69.1641],[29.2691,69.165],[29.2732,69.1673],[29.2854,69.1753],[29.2893,69.179],[29.2925,69.1829],[29.2949,69.1869],[29.2934,69.1892],[29.2917,69.1905],[29.2906,69.1921],[29.2903,69.1932],[29.2955,69.1964],[29.2963,69.1975],[29.2962,69.1984],[29.2948,69.2],[29.2928,69.2041],[29.2926,69.2052],[29.2932,69.2065],[29.2958,69.2075],[29.2983,69.2081],[29.3038,69.209],[29.3056,69.2098],[29.3053,69.2108],[29.3026,69.2119],[29.3018,69.213],[29.3006,69.2166],[29.3025,69.2205],[29.3036,69.2219],[29.312,69.2273],[29.3133,69.2287],[29.3139,69.234],[29.3135,69.2366],[29.3124,69.238],[29.3104,69.239],[29.3089,69.2402],[29.3068,69.2413],[29.3009,69.2433],[29.2918,69.2452],[29.2879,69.2463],[29.2868,69.2471],[29.2847,69.2493],[29.2847,69.25],[29.2816,69.2516],[29.2813,69.2526],[29.2799,69.2535],[29.278,69.256],[29.2779,69.2591],[29.2768,69.2646],[29.2758,69.2674],[29.2756,69.2713],[29.2766,69.2739],[29.2766,69.2752],[29.2781,69.2779],[29.2823,69.2816],[29.2849,69.288],[29.2845,69.2908],[29.2854,69.2935],[29.2916,69.2966],[29.2969,69.2986],[29.3,69.2995],[29.3032,69.3001],[29.314,69.3011],[29.3199,69.3017],[29.3279,69.3051],[29.3323,69.306],[29.3342,69.3071],[29.3358,69.3077],[29.3499,69.3096],[29.3568,69.3109],[29.366,69.3134],[29.3686,69.3143],[29.3728,69.3165],[29.3769,69.3181],[29.3823,69.3185],[29.3851,69.3199],[29.3863,69.3209],[29.3889,69.3217],[29.3918,69.3222],[29.3957,69.3225],[29.398,69.3224],[29.4062,69.3208],[29.4104,69.319],[29.4136,69.3185],[29.4177,69.3187],[29.4211,69.3191],[29.4296,69.3207],[29.4411,69.3214],[29.445,69.3215],[29.4523,69.321],[29.4564,69.3209],[29.4595,69.321],[29.4628,69.3215],[29.4752,69.322],[29.4856,69.3219],[29.4879,69.3222],[29.4972,69.3244],[29.4996,69.3253],[29.5031,69.3277],[29.5056,69.3287],[29.5091,69.3283],[29.5126,69.3272],[29.5138,69.3272],[29.5153,69.3272],[29.5186,69.3278],[29.5212,69.329],[29.5234,69.3289],[29.5274,69.3282],[29.5283,69.323],[29.5314,69.3202],[29.5331,69.3191],[29.5354,69.318],[29.5385,69.3172],[29.5416,69.3166],[29.5454,69.3163],[29.5539,69.3163],[29.5645,69.3168],[29.5707,69.3178],[29.5752,69.3191],[29.5837,69.3229],[29.5889,69.3246],[29.6028,69.3306],[29.6176,69.335],[29.6276,69.3387],[29.6298,69.34],[29.6341,69.3436],[29.6362,69.3446],[29.6438,69.3474],[29.6476,69.3483],[29.6567,69.3503],[29.6621,69.3519],[29.673,69.3556],[29.676,69.3565],[29.6814,69.3583],[29.6895,69.3613],[29.6944,69.3633],[29.6959,69.3644],[29.6972,69.3661],[29.6976,69.3672],[29.6968,69.3699],[29.6979,69.3715],[29.7011,69.3742],[29.7049,69.3766],[29.7104,69.3782],[29.7124,69.3794],[29.7128,69.3808],[29.7119,69.3821],[29.7117,69.3837],[29.7129,69.3843],[29.7175,69.3853],[29.7205,69.3865],[29.7227,69.3892],[29.726,69.3901],[29.7338,69.391],[29.7411,69.391],[29.7443,69.3911],[29.7485,69.3917],[29.757,69.394],[29.7611,69.3939],[29.7654,69.394],[29.7724,69.3947],[29.7752,69.3956],[29.7787,69.3979],[29.783,69.3979],[29.7868,69.3976],[29.7894,69.3987],[29.7915,69.3999],[29.7945,69.4023],[29.7958,69.4035],[29.7969,69.4062],[29.7998,69.4072],[29.8066,69.4087],[29.8094,69.4095],[29.8141,69.4119],[29.8248,69.4138],[29.8299,69.4155],[29.8363,69.4173],[29.8419,69.4205],[29.8462,69.4217],[29.8531,69.4231],[29.8612,69.4239],[29.8679,69.4241],[29.8713,69.4238],[29.8818,69.4225],[29.8943,69.4197],[29.9003,69.4182],[29.904,69.4178],[29.9113,69.4184],[29.9152,69.4186],[29.9179,69.4179],[29.9202,69.4168],[29.9287,69.4146],[29.9323,69.413],[29.933,69.412],[29.9333,69.4107],[29.933,69.4082],[29.9349,69.407],[29.9378,69.406],[29.9414,69.4054],[29.9447,69.4053],[29.9493,69.4053],[29.9599,69.4064],[29.9702,69.4078],[29.9893,69.4114],[29.9963,69.4129],[29.999,69.4138],[30,69.414],[30.007,69.4153],[30.0133,69.4169],[30.0213,69.4196],[30.0316,69.4233],[30.0383,69.4264],[30.0469,69.431],[30.0519,69.4346],[30.06,69.4419],[30.0631,69.4444],[30.0646,69.4454],[30.067,69.4466],[30.0687,69.4477],[30.0771,69.454],[30.1095,69.4657],[30.1119,69.4668],[30.1153,69.4691],[30.1176,69.4716],[30.1144,69.4752],[30.1131,69.4773],[30.1125,69.4787],[30.1125,69.4801],[30.1142,69.4839],[30.1167,69.494],[30.1162,69.4994],[30.1169,69.5007],[30.117,69.503],[30.1175,69.5038],[30.1179,69.5079],[30.1192,69.5117],[30.1217,69.5159],[30.1257,69.5198],[30.1312,69.5232],[30.1336,69.524],[30.1409,69.5252],[30.1434,69.5263],[30.1454,69.5276],[30.1474,69.5295],[30.1498,69.5304],[30.1528,69.5313],[30.1585,69.5326],[30.1611,69.5334],[30.1651,69.5333],[30.1709,69.5327],[30.1743,69.5346],[30.177,69.537],[30.1781,69.5384],[30.1788,69.5397],[30.1799,69.545],[30.1812,69.5463],[30.1843,69.5486],[30.1853,69.5499],[30.1857,69.5511],[30.1853,69.5524],[30.1813,69.5562],[30.1807,69.5575],[30.1809,69.5587],[30.1822,69.5602],[30.1866,69.5626],[30.1877,69.5636],[30.1881,69.5664],[30.1867,69.5706],[30.1844,69.5733],[30.1791,69.5783],[30.1784,69.5798],[30.1799,69.5835],[30.1799,69.5851],[30.1791,69.5861],[30.1771,69.5871],[30.171,69.589],[30.1655,69.5926],[30.162,69.5963],[30.1599,69.5992],[30.158,69.6057],[30.157,69.6068],[30.1546,69.6077],[30.1529,69.6079],[30.1517,69.6088],[30.1518,69.6105],[30.1527,69.6115],[30.1531,69.6128],[30.1504,69.6154],[30.1506,69.6174],[30.1512,69.6186],[30.1509,69.6205],[30.1488,69.6245],[30.148,69.6288],[30.1455,69.6312],[30.1452,69.6326],[30.1373,69.6434],[30.091,69.6428],[30.0853,69.6581],[30.1116,69.6637],[30.1511,69.6692],[30.2238,69.653],[30.3036,69.6288],[30.3815,69.6021],[30.4178,69.5898],[30.4741,69.5634],[30.4815,69.5597],[30.5076,69.5478],[30.5155,69.5403],[30.5251,69.5406],[30.5334,69.5411],[30.55,69.5414],[30.559,69.5419],[30.5661,69.5421],[30.5832,69.5417],[30.6185,69.5413],[30.6642,69.5406],[30.746,69.5331],[30.7468,69.5332],[30.7508,69.5333],[30.756,69.5331],[30.7572,69.5331],[30.76,69.5336],[30.7607,69.5335],[30.762,69.5331],[30.7631,69.5326],[30.7683,69.5321],[30.7707,69.5317],[30.7731,69.5316],[30.7769,69.5319],[30.7822,69.5318],[30.783,69.532],[30.7874,69.5323],[30.7898,69.5319],[30.7943,69.5314],[30.7958,69.531],[30.7979,69.53],[30.8024,69.5289],[30.8044,69.5287],[30.8056,69.5291],[30.8083,69.5289],[30.8121,69.5286],[30.8151,69.5289],[30.8164,69.5286],[30.8175,69.5287],[30.8182,69.5288],[30.8177,69.5291],[30.8181,69.5293],[30.8193,69.5296],[30.8202,69.5301],[30.8213,69.5301],[30.8227,69.5304],[30.823,69.5307],[30.8227,69.5312],[30.8234,69.5313],[30.8244,69.531],[30.827,69.5309],[30.8279,69.5313],[30.8302,69.5314],[30.8355,69.5332],[30.8364,69.5338],[30.8374,69.5339],[30.8374,69.5342],[30.8392,69.535],[30.8416,69.5353],[30.8449,69.5354],[30.8487,69.5364],[30.8514,69.5363],[30.853,69.5367],[30.8583,69.537],[30.8604,69.5374],[30.8613,69.5374],[30.8623,69.5378],[30.865,69.5399],[30.8659,69.54],[30.8677,69.5397],[30.8682,69.5398],[30.8719,69.542],[30.8746,69.5425],[30.8768,69.5426],[30.8873,69.5462],[30.8884,69.5468],[30.8894,69.5488],[30.8907,69.5495],[30.896,69.5504],[30.899,69.5516],[30.8998,69.5521],[30.9009,69.5523],[30.907,69.5528],[30.9107,69.5528],[30.916,69.5536],[30.917,69.5543],[30.9168,69.5549],[30.9198,69.5556],[30.9219,69.5555],[30.9234,69.5564],[30.9251,69.5563],[30.9276,69.5571],[30.9291,69.5588],[30.9301,69.5591],[30.9313,69.5591],[30.9318,69.5592],[30.9329,69.56],[30.9388,69.5607],[30.9395,69.5628],[30.9381,69.5663],[30.9395,69.568],[30.9397,69.5694],[30.9387,69.5711],[30.9391,69.5723],[30.9411,69.5738],[30.9434,69.5747],[30.9456,69.5752],[30.9469,69.5761],[30.9465,69.5773],[30.9444,69.578],[30.9449,69.5806],[30.9431,69.5815],[30.9451,69.5834],[30.9455,69.5853],[30.9461,69.5878],[30.9475,69.5906],[30.9465,69.5925],[30.9423,69.5934],[30.9399,69.5944],[30.9388,69.5965],[30.941,69.5985],[30.9474,69.6002],[30.9488,69.6009],[30.9495,69.6019],[30.9493,69.6042],[30.9482,69.6056],[30.9481,69.6085],[30.9499,69.61],[30.9521,69.6109],[30.9521,69.6128],[30.953,69.614],[30.9523,69.6154],[30.9497,69.6174],[30.9491,69.6182],[30.9493,69.6188],[30.9503,69.622],[30.9502,69.6228],[30.952,69.6236],[30.9511,69.6251],[30.9525,69.6264],[30.9516,69.6278],[30.9526,69.6283],[30.9543,69.6287],[30.9538,69.6303],[30.9544,69.6324],[30.9537,69.6332],[30.9516,69.6343],[30.9514,69.6348],[30.9526,69.6374],[30.9525,69.6381],[30.9517,69.6384],[30.9492,69.6388],[30.9486,69.6391],[30.9485,69.6399],[30.9481,69.64],[30.9456,69.6401],[30.9433,69.6411],[30.9429,69.6424],[30.9403,69.6431],[30.9392,69.6437],[30.9401,69.6448],[30.9394,69.6466],[30.9373,69.6465],[30.935,69.6469],[30.934,69.6476],[30.9329,69.6503],[30.9337,69.6515],[30.9336,69.6524],[30.9341,69.6527],[30.9344,69.6537],[30.9329,69.6549],[30.9312,69.6557],[30.931,69.6566],[30.9299,69.6571],[30.9297,69.6576],[30.9297,69.6584],[30.9306,69.6596],[30.9303,69.6601],[30.931,69.6623],[30.9302,69.6631],[30.929,69.6639],[30.9277,69.6641],[30.926,69.664],[30.9254,69.6642],[30.9261,69.665],[30.926,69.6656],[30.9241,69.6669],[30.9238,69.668],[30.9229,69.6687],[30.9229,69.6689],[30.925,69.6717],[30.9281,69.6739],[30.928,69.6746],[30.9292,69.6747],[30.9339,69.6735],[30.9352,69.6736],[30.9367,69.6741],[30.9355,69.6749],[30.934,69.6751],[30.9336,69.6757],[30.9344,69.6763],[30.9358,69.6764],[30.9383,69.6757],[30.9391,69.6752],[30.9396,69.6742],[30.9409,69.6739],[30.9446,69.6739],[30.9464,69.6744],[30.9457,69.6749],[30.9429,69.6753],[30.9421,69.6757],[30.9421,69.6763],[30.9441,69.677],[30.9455,69.6773],[30.9459,69.6778],[30.9454,69.6793],[30.9426,69.6805],[30.9424,69.6808],[30.9425,69.6811],[30.9429,69.6821],[30.9444,69.6825],[30.9451,69.6831],[30.941,69.6852],[30.9399,69.6853],[30.9368,69.6853],[30.9356,69.6856],[30.9367,69.6864],[30.9365,69.687],[30.9345,69.6867],[30.9322,69.6852],[30.931,69.6848],[30.93,69.6848],[30.9283,69.6857],[30.9282,69.6872],[30.9272,69.6882],[30.9254,69.6892],[30.9247,69.6902],[30.9239,69.6909],[30.9226,69.6912],[30.9178,69.6909],[30.9164,69.6912],[30.9167,69.6923],[30.9177,69.6929],[30.9195,69.6935],[30.9198,69.6944],[30.9192,69.6949],[30.9172,69.6953],[30.9155,69.6962],[30.9125,69.697],[30.9096,69.698],[30.909,69.6987],[30.9094,69.7],[30.9089,69.7005],[30.9077,69.7008],[30.9059,69.7008],[30.9023,69.7017],[30.8995,69.7016],[30.8987,69.7014],[30.8976,69.6998],[30.8964,69.6996],[30.8949,69.6998],[30.8912,69.7014],[30.8907,69.7024],[30.8912,69.703],[30.8925,69.7032],[30.8947,69.7027],[30.8956,69.7026],[30.8979,69.7029],[30.8994,69.7034],[30.8989,69.7042],[30.8941,69.7044],[30.8929,69.7049],[30.8904,69.7065],[30.8876,69.7066],[30.8861,69.7068],[30.8852,69.7083],[30.8825,69.7092],[30.8816,69.7097],[30.881,69.7113],[30.8813,69.7121],[30.881,69.7127],[30.8793,69.7133],[30.8754,69.7142],[30.8742,69.7147],[30.8738,69.7151],[30.8742,69.7162],[30.8767,69.717],[30.8775,69.7174],[30.878,69.7185],[30.8788,69.7186],[30.8808,69.7184],[30.8825,69.7177],[30.8836,69.7176],[30.8845,69.7178],[30.8866,69.719],[30.8871,69.7192],[30.8896,69.7195],[30.8906,69.7198],[30.8905,69.7205],[30.8895,69.7212],[30.8904,69.7215],[30.8904,69.7218],[30.8882,69.7237],[30.888,69.725],[30.8902,69.7278],[30.8909,69.7283],[30.8922,69.7284],[30.8927,69.7286],[30.893,69.7292],[30.8919,69.7296],[30.8901,69.7296],[30.8866,69.7301],[30.8856,69.7305],[30.8853,69.731],[30.8859,69.7313],[30.8892,69.7315],[30.8907,69.7322],[30.8917,69.734],[30.8903,69.7349],[30.8891,69.735],[30.8883,69.7353],[30.8883,69.7357],[30.89,69.7367],[30.8904,69.7371],[30.8897,69.7377],[30.8882,69.7384],[30.8861,69.7389],[30.8834,69.7388],[30.8818,69.7377],[30.8802,69.7377],[30.8794,69.7379],[30.8787,69.7387],[30.8795,69.7404],[30.8776,69.7418],[30.8766,69.7419],[30.8758,69.7418],[30.8753,69.7413],[30.8748,69.7412],[30.8727,69.7416],[30.8735,69.7436],[30.8734,69.7445],[30.8724,69.7451],[30.8699,69.7462],[30.8698,69.7465],[30.8712,69.7475],[30.871,69.7489],[30.8702,69.7497],[30.868,69.7507],[30.868,69.7512],[30.8692,69.7516],[30.8713,69.7516],[30.8728,69.7514],[30.8747,69.7502],[30.8754,69.7501],[30.8767,69.7501],[30.8772,69.7505],[30.8764,69.751],[30.8707,69.7526],[30.8698,69.7533],[30.8698,69.7537],[30.8721,69.7549],[30.8722,69.7556],[30.8715,69.756],[30.8703,69.7562],[30.8675,69.7561],[30.8668,69.7556],[30.8672,69.7536],[30.8666,69.7527],[30.8659,69.7524],[30.8637,69.7523],[30.8627,69.7523],[30.8614,69.7529],[30.8611,69.7538],[30.8623,69.7562],[30.8664,69.7577],[30.8669,69.758],[30.8668,69.7585],[30.8638,69.7601],[30.8612,69.7622],[30.8605,69.7626],[30.859,69.763],[30.8575,69.763],[30.8564,69.7628],[30.8553,69.7622],[30.8552,69.7606],[30.8549,69.7604],[30.8524,69.7605],[30.8508,69.761],[30.8505,69.7618],[30.8528,69.7634],[30.8531,69.7646],[30.8529,69.7649],[30.8506,69.7658],[30.8504,69.7663],[30.8528,69.7686],[30.8529,69.7693],[30.8524,69.7695],[30.8515,69.7695],[30.8483,69.7691],[30.8469,69.7693],[30.8462,69.77],[30.8467,69.7708],[30.8464,69.771],[30.8459,69.7713],[30.8419,69.7719],[30.8405,69.7725],[30.84,69.7733],[30.8399,69.7756],[30.8416,69.7767],[30.8421,69.7778],[30.841,69.7789],[30.8382,69.7799],[30.8319,69.7814],[30.8297,69.7823],[30.8292,69.7836],[30.8266,69.7849],[30.8239,69.7859],[30.8224,69.7871],[30.8215,69.7886],[30.8213,69.7912],[30.8174,69.7944],[30.8177,69.7946],[30.8178,69.7947],[30.8333,69.8],[31.1333,70],[32.0833,70.1667],[32.05,71.397],[32.0833,71.5],[32.05,74],[35,74],[35,81],[32,81],[32,90],[169,90],[114.75,78],[89.5,77.3333],[81.8333,75.3333],[70.6833,74.5],[70.9167,73.6667],[68.6667,73.6667],[66.3042,71.519],[57.65,71.1667],[57.6,70.7167],[58.5667,69.4667],[59.3167,68.9667],[59.7,68.4667],[58.1881,67.1978],[57.9667,67],[55.1333,67.0333],[51.8833,66.7833],[50,65.8167],[50.2333,64.9667],[49.7069,64.6614],[46.85,62.85],[46.1667,62.5833],[43.7353,62.6008],[43.3167,62.6],[42.1833,61.7167],[37.1,61.9833],[36.4333,63.8333],[36,64.55],[35.1667,65.0667],[36.65,66],[35.0833,66.3333],[29.5833,66.4167],[29.4749,66.5425],[29.3017,66.6754],[29.0589,66.8487],[29.0346,66.9221]]]]}},{"type":"Feature","properties":{"key":"ULLL-MO#ocn"},"geometry":{"type":"MultiPolygon","coordinates":[[[[32.05,74],[35,74],[35,81],[32,81],[32,90],[169,90],[114.75,78],[89.5,77.3333],[81.8333,75.3333],[70.6833,74.5],[70.9167,73.6667],[68.6667,73.6667],[66.3042,71.519],[57.65,71.1667],[58,73.9],[48.6167,73],[49.5,70.5],[43.2667,68.6667],[32.0833,71.5],[32.05,74]]]]}},{"type":"Feature","properties":{"key":"WAAF#dom"},"geometry":{"type":"MultiPolygon","coordinates":[[[[113.5833,1.2167],[113.585,1.2456],[113.6333,1.1833],[113.8167,1.2833],[113.85,1.3667],[114.1333,1.45],[114.2,1.4],[114.4167,1.5],[114.5667,1.4],[114.7167,1.6333],[114.7333,1.8],[114.8833,1.9167],[114.9,2.05],[114.8167,2.05],[114.8167,2.2],[114.9667,2.2833],[114.9667,2.35],[115,2.3333],[115.2667,2.5],[115.1833,2.6167],[115.1,2.6167],[115.1667,2.8],[115.1167,2.8167],[115.3,3.0167],[115.3333,2.95],[115.5,3.0167],[115.5833,3.1667],[115.5333,3.2],[115.5667,3.4],[115.6667,3.4167],[115.5833,3.6667],[115.6333,3.8667],[115.5833,3.9167],[115.6333,3.9333],[115.7,4.1833],[115.85,4.2333],[115.9,4.3667],[116.0667,4.2667],[116.1833,4.3667],[116.3667,4.35],[116.4333,4.2833],[116.5833,4.35],[116.6167,4.3167],[116.75,4.35],[116.85,4.3],[117.25,4.3333],[117.5,4.1333],[117.9167,4.15],[118,4],[132.5714,4],[133,3.5],[141,3.5],[141,0],[141,-2.6],[141,-6.3167],[140.8703,-6.6042],[140.8983,-6.8422],[141.0183,-6.8928],[141.0333,-9.6167],[141,-9.8333],[139.6667,-9.8333],[136,-7.615],[135,-7],[133.6667,-7.3939],[130.4544,-8.3233],[126.8333,-9.3333],[124.3053,-11.2681],[123.3333,-12],[114.5,-12],[110.3833,-8.3333],[110.3833,-4.8833],[110.3833,-3],[111.35,-1.7167],[113.5833,1.2167]]]]}},{"type":"Feature","properties":{"key":"WAAF-BN#dom"},"geometry":{"type":"MultiPolygon","coordinates":[[[[121.25,4],[119.5167,-0.0333],[119.55,-5.0167],[114.7667,-3.8667],[113.6833,-6.2167],[112.7667,-7.4333],[112.3333,-6.3667],[110.3833,-4.8833],[110.3834,-2.9999],[111.35,-1.7167],[113.5833,1.2167],[113.585,1.2456],[113.6333,1.1833],[113.8167,1.2833],[113.85,1.3667],[114.1333,1.45],[114.2,1.4],[114.4167,1.5],[114.5667,1.4],[114.7167,1.6333],[114.7333,1.8],[114.8833,1.9167],[114.9,2.05],[114.8167,2.05],[114.8167,2.2],[114.9667,2.2833],[114.9667,2.35],[115,2.3333],[115.2667,2.5],[115.1833,2.6167],[115.1,2.6167],[115.1667,2.8],[115.1167,2.8167],[115.3,3.0167],[115.3333,2.95],[115.5,3.0167],[115.5833,3.1667],[115.5333,3.2],[115.5667,3.4],[115.6667,3.4167],[115.5833,3.6667],[115.6333,3.8667],[115.5833,3.9167],[115.6333,3.9333],[115.7,4.1833],[115.85,4.2333],[115.9,4.3667],[116.0667,4.2667],[116.1833,4.3667],[116.3667,4.35],[116.4333,4.2833],[116.5833,4.35],[116.6167,4.3167],[116.75,4.35],[116.85,4.3],[117.25,4.3333],[117.5,4.1333],[117.9167,4.15],[118,4],[121.25,4]]]]}},{"type":"Feature","properties":{"key":"WAAF-MO#dom"},"geometry":{"type":"MultiPolygon","coordinates":[[[[119.5167,-0.0333],[121.25,4],[132.5714,4],[133,3.5],[133.9333,3.5],[133.9333,1.2667],[129.3833,-0.9333],[132.0167,-3.6667],[134.4711,-7.1563],[133.6667,-7.3939],[130.4544,-8.3233],[126.8333,-9.3333],[125.8386,-10.0946],[123,-8.7667],[120.6833,-6.2667],[119.55,-5.0167],[119.5167,-0.0333]]]]}},{"type":"Feature","properties":{"key":"WAAF-PA#dom"},"geometry":{"type":"MultiPolygon","coordinates":[[[[133.9333,1.2667],[133.9333,3.5],[141,3.5],[141,-2.6],[141,-6.3167],[140.9306,-6.4678],[140.8703,-6.6042],[140.8983,-6.8422],[141.0183,-6.8928],[141.0333,-9.6167],[141,-9.8333],[139.6667,-9.8333],[136,-7.615],[135,-7],[134.4711,-7.1563],[132.0167,-3.6667],[129.3833,-0.9333],[133.9333,1.2667]]]]}},{"type":"Feature","properties":{"key":"WBFC#dom"},"geometry":{"type":"MultiPolygon","coordinates":[[[[112.25,1.4333],[112.15,1.1333],[111.95,1.1167],[111.85,0.9667],[111.6333,1.0167],[111.5333,0.9333],[111.25,1.0667],[110.9167,1],[110.8167,0.9],[110.55,0.8333],[110.2667,1],[110.1667,1.1833],[110.0667,1.2],[109.9833,1.2833],[109.9167,1.4167],[109.8333,1.4167],[109.65,1.6167],[109.6667,1.7833],[109.5667,1.8],[109.5333,1.9333],[109.6167,2],[109.6333,2.0667],[109.5833,1.9833],[109.35,1.9333],[109.3,1.65],[109.0667,1.5167],[109.05,1.3333],[108.95,1.1333],[108.9697,1.0043],[108.5,1],[108.5,2.25],[110.8085,4.0275],[116.5,8.4167],[117.5,7.5],[120,4],[118,4],[117.9167,4.15],[117.5,4.1333],[117.25,4.3333],[116.85,4.3],[116.75,4.35],[116.6167,4.3167],[116.5833,4.35],[116.4333,4.2833],[116.3667,4.35],[116.1833,4.3667],[116.0667,4.2667],[115.9,4.3667],[115.85,4.2333],[115.7,4.1833],[115.6333,3.9333],[115.5833,3.9167],[115.6333,3.8667],[115.5833,3.6667],[115.6667,3.4167],[115.5667,3.4],[115.5333,3.2],[115.5833,3.1667],[115.5,3.0167],[115.3333,2.95],[115.3,3.0167],[115.1167,2.8167],[115.1667,2.8],[115.1,2.6167],[115.1833,2.6167],[115.2667,2.5],[115,2.3333],[114.9667,2.35],[114.9667,2.2833],[114.8167,2.2],[114.8167,2.05],[114.9,2.05],[114.8833,1.9167],[114.7333,1.8],[114.7167,1.6333],[114.5667,1.4],[114.4167,1.5],[114.2,1.4],[114.1333,1.45],[113.85,1.3667],[113.8167,1.2833],[113.6333,1.1833],[113.585,1.2456],[113.5333,1.3],[113.45,1.2667],[113.0667,1.4],[112.95,1.4],[113.0333,1.55],[112.6833,1.5167],[112.5,1.55],[112.25,1.4333]]]]}},{"type":"Feature","properties":{"key":"YCOL#dom"},"geometry":{"type":"MultiPolygon","coordinates":[[[[148.5733,-12],[151.1058,-16.1664],[151.0753,-16.9714],[162.6625,-16.9714],[161.25,-14],[163,-14],[164.7611,-13.0003],[166.875,-11.8],[170,-10],[170,3.5],[160,3.5],[160,-4.8333],[159,-4.8333],[156.0367,-6.55],[156.04,-6.6633],[155.9233,-6.8467],[155.6933,-6.9267],[155.5933,-6.9267],[155,-7.3167],[155,-12],[155,-12],[148.5733,-12]]]]}},{"type":"Feature","properties":{"key":"YTSN#dom"},"geometry":{"type":"MultiPolygon","coordinates":[[[[150.3206,-38.1886],[150.565,-40],[150.6442,-40.5672],[151,-43],[150.6647,-43.8508],[150,-44.5658],[150,-45],[163,-45],[163,-33.2667],[163,-26.8164],[163,-17.6667],[162.6625,-16.9714],[161.25,-14],[163,-14],[164.7611,-13.0003],[166.875,-11.8],[170,-10],[170,3.5],[160,3.5],[160,-4.8333],[159,-4.8333],[156.0367,-6.55],[156.04,-6.6633],[155.9233,-6.8467],[155.6933,-6.9267],[155.5933,-6.9267],[155,-7.3167],[155,-12],[148.5733,-12],[151.1058,-16.1664],[151.0753,-16.9714],[151.0097,-18.6742],[151.1789,-19.2703],[151.8689,-21.6533],[152.0472,-22.2558],[153.2417,-23.2217],[154,-24.9819],[154.0825,-25.0135],[154.5203,-25.194],[154.9184,-25.4395],[155.2651,-25.7428],[155.5499,-26.0952],[155.764,-26.4863],[155.9002,-26.9046],[155.9053,-26.9606],[155.9537,-27.3376],[155.9219,-27.7723],[155.8048,-28.1955],[155.605,-28.5941],[155.3277,-28.9557],[154.981,-29.2688],[154.5754,-29.5235],[154.1234,-29.7116],[153.7161,-29.8203],[153.5294,-30.6722],[153.3086,-31.1306],[153.6912,-31.3648],[154.1855,-31.7646],[154.5952,-32.2299],[154.9073,-32.7475],[155.111,-33.3025],[155.1985,-33.8787],[155.1883,-33.9081],[155.1647,-34.4587],[155.0082,-35.025],[154.7313,-35.5599],[154.3405,-36.0465],[153.8463,-36.4689],[153.8131,-36.4911],[152.4231,-36.2267],[152.1319,-36.4717],[151.78,-36.6757],[151.3878,-36.8264],[150.9676,-36.9188],[150.7508,-36.9453],[150.3206,-38.1886]]]]}},{"type":"Feature","properties":{"key":"ZBAA#dom"},"geometry":{"type":"MultiPolygon","coordinates":[[[[119.5333,37.15],[119.8778,36.6708],[119.875,36.325],[119.7194,36.1306],[119.2583,35.0583],[118.2678,34.9157],[117.2628,34.7706],[116.1258,34.2389],[115.8347,32.9171],[114.0718,32.128],[113.8441,32.2285],[113.6152,32.3295],[111.345,33.3248],[110.8489,33.5408],[111.4163,34.2473],[112.4211,35.4839],[111.4275,38.1328],[111.0708,39.0375],[107.9711,39.0889],[105.2292,41.7475],[106.782,42.2956],[107.2283,42.3539],[107.5089,42.4578],[107.9498,42.4156],[109.3136,42.43],[110.3086,42.7316],[110.4405,42.7778],[110.6,42.9225],[110.6894,43.0553],[111.3637,43.4495],[111.4549,43.4987],[111.5903,43.4986],[111.7839,43.6725],[111.9181,43.6916],[111.9756,43.7761],[111.8926,43.8793],[111.8795,43.9389],[111.675,44.0511],[111.4228,44.3428],[111.4794,44.4883],[111.5744,44.6886],[111.8022,45.0075],[111.9964,45.0933],[112.0972,45.0753],[112.3203,45.0694],[112.4272,45.0806],[112.5511,44.9997],[112.6075,44.9264],[113.0397,44.8292],[113.1178,44.8],[113.5111,44.7772],[113.6523,44.7533],[113.7803,44.8353],[113.9319,44.9228],[114.0847,44.9444],[114.1786,45.0422],[114.457,45.2083],[114.5453,45.3894],[114.7636,45.4347],[115.3542,45.3881],[117.5167,43.245],[117.907,42.5613],[118.0833,42.25],[118.3028,42.0772],[118.9769,40.6931],[119.35,39.9],[119.8667,39.5],[119.9,39.25],[120,38.25],[119.5333,38.1],[119.5333,37.15]]]]}},{"type":"Feature","properties":{"key":"ZBAA-BJE#dom"},"geometry":{"type":"MultiPolygon","coordinates":[[[[117.4134,37.3679],[116.044,36.8912],[116.0342,37.4222],[116.2045,38.647],[115.5314,38.6675],[115.4717,39.2978],[115.9553,39.8258],[116.2286,39.9975],[116.2286,40.4564],[114.838,41.8642],[115.1789,42.4314],[117.907,42.5613],[118.0833,42.25],[118.3028,42.0772],[118.9769,40.6931],[119.35,39.9],[119.8667,39.5],[119.9,39.25],[120,38.25],[119.5333,38.1],[117.5808,37.426],[117.4134,37.3679]]]]}},{"type":"Feature","properties":{"key":"ZBAA-BJE2#dom"},"geometry":{"type":"MultiPolygon","coordinates":[[[[119.5333,38.1],[117.5808,37.426],[117.67,38.6056],[118.0292,38.5914],[118.0344,39.0703],[117.5003,39.1547],[117.3131,39.4267],[117.2058,40.0194],[118.9769,40.6931],[119.35,39.9],[119.8667,39.5],[119.9,39.25],[120,38.25],[119.5333,38.1]]]]}},{"type":"Feature","properties":{"key":"ZBPE#dom"},"geometry":{"type":"MultiPolygon","coordinates":[[[[119.5333,37.15],[119.8778,36.6708],[119.875,36.325],[119.7194,36.1306],[119.2583,35.0583],[118.2678,34.9157],[117.2628,34.7706],[116.1258,34.2389],[115.8347,32.9171],[114.0718,32.128],[113.8441,32.2285],[113.6152,32.3295],[111.345,33.3248],[110.8489,33.5408],[111.4163,34.2473],[112.4211,35.4839],[111.4275,38.1328],[111.0708,39.0375],[107.9711,39.0889],[105.2292,41.7475],[106.782,42.2956],[107.2283,42.3539],[107.5089,42.4578],[107.9498,42.4156],[109.3136,42.43],[110.3086,42.7316],[110.4405,42.7778],[110.6,42.9225],[110.6894,43.0553],[111.3637,43.4495],[111.4549,43.4987],[111.5903,43.4986],[111.7839,43.6725],[111.9181,43.6916],[111.9756,43.7761],[111.8926,43.8793],[111.8795,43.9389],[111.675,44.0511],[111.4228,44.3428],[111.4794,44.4883],[111.5744,44.6886],[111.8022,45.0075],[111.9964,45.0933],[112.0972,45.0753],[112.3203,45.0694],[112.4272,45.0806],[112.5511,44.9997],[112.6075,44.9264],[113.0397,44.8292],[113.1178,44.8],[113.5111,44.7772],[113.6523,44.7533],[113.7803,44.8353],[113.9319,44.9228],[114.0847,44.9444],[114.1786,45.0422],[114.457,45.2083],[114.5453,45.3894],[114.7636,45.4347],[115.3542,45.3881],[117.5167,43.245],[117.907,42.5613],[118.0833,42.25],[118.3028,42.0772],[118.9769,40.6931],[119.35,39.9],[119.8667,39.5],[119.9,39.25],[120,38.25],[119.5333,38.1],[119.5333,37.15]]]]}},{"type":"Feature","properties":{"key":"ZKKP#dom"},"geometry":{"type":"MultiPolygon","coordinates":[[[[124,38],[124.1683,39.8281],[124.35,40],[124.3333,40.0667],[124.9,40.4667],[125.7833,40.8833],[125.9901,40.8948],[126.1167,41.0833],[126.5167,41.3667],[126.6,41.6167],[126.7,41.75],[126.7833,41.6833],[126.9333,41.8],[127.0644,41.7022],[127.0478,41.6689],[127.1811,41.6023],[127.0997,41.5431],[127.5333,41.4667],[127.65,41.4167],[127.9185,41.4348],[128.1167,41.3667],[128.2167,41.4],[128.3167,41.5667],[128.3,41.6167],[128.1833,41.7167],[128.0833,41.8],[128.0833,41.8833],[128.0333,42],[128.3,42.0333],[128.95,42.025],[128.9667,42.0833],[129.0833,42.15],[129.15,42.15],[129.2167,42.2167],[129.2333,42.3667],[129.4167,42.45],[129.5641,42.3689],[129.6308,42.4689],[129.6641,42.4355],[129.7308,42.4522],[129.75,42.5667],[129.8807,43.0021],[129.9641,43.0188],[129.9641,42.9855],[130.1307,42.9855],[130.1141,42.9022],[130.2724,42.9022],[130.241,42.7319],[130.4307,42.6022],[130.4301,42.5511],[130.475,42.55],[130.4833,42.6167],[130.514,42.6022],[130.5807,42.4356],[130.65,42.4],[130.6667,42.3667],[130.6967,42.2933],[130.8807,42.1523],[131.514,41.669],[135.9303,40.5025],[135.322,40.0054],[135.0872,39.8303],[133.6472,38.6361],[128.3667,38.6333],[128.3139,38.5972],[128.3,38.4722],[128.2556,38.4111],[128.1361,38.3389],[128.0472,38.3167],[127.8917,38.3333],[127.8222,38.3194],[127.7861,38.3472],[127.6644,38.3389],[127.5694,38.3333],[127.5083,38.3028],[127.3917,38.3333],[127.3,38.3222],[127.2333,38.3417],[127.1417,38.3194],[126.9694,38.2167],[126.9611,38.1444],[126.8778,38.1],[126.8694,38.0417],[126.7861,37.9667],[126.6833,37.9528],[126.6833,37.8083],[126.5917,37.7722],[126.4389,37.8472],[126.3556,37.8472],[126.2101,37.8151],[126.1797,37.7263],[126.0184,37.6641],[125.7544,37.7189],[125.5242,37.6864],[125.3825,37.6354],[125.3261,37.6167],[125.1528,37.6167],[124.9556,37.7583],[124.8917,37.875],[124.9028,37.9528],[124.85,38],[124,38]]]]}},{"type":"Feature","properties":{"key":"ZSAM#dom"},"geometry":{"type":"MultiPolygon","coordinates":[[[[122.09,27.1328],[120,25],[117.5,23],[116.5014,22.6825],[116.0947,22.8197],[115.7589,23.2597],[115.5806,25.3611],[116.4861,26.8389],[117.4075,26.3161],[119.45,27.3444],[119.4558,27.485],[122.09,27.1328]]]]}},{"type":"Feature","properties":{"key":"ZSHA#dom"},"geometry":{"type":"MultiPolygon","coordinates":[[[[124,35.1417],[124,36.36],[124,36.6256],[123.6681,36.6239],[123.1331,37.0156],[123.12,37.4753],[122.2844,38.1239],[122.2158,38.25],[120,38.25],[119.5333,38.1],[116.044,36.8912],[115.3306,36.6417],[115.0667,35.3],[116.1258,34.2389],[115.8336,32.9172],[115.675,32.1833],[115.9333,30.0833],[114.5667,29.0333],[114.1603,27.5053],[116.4861,26.8389],[115.5806,25.3611],[115.7589,23.2597],[116.0947,22.8197],[116.5014,22.6825],[117.5,23],[120,25],[121.4489,26.4856],[122.09,27.1328],[124,29],[124,30],[124,32.6506],[124,33.9718],[124,35.1417]]]]}},{"type":"Feature","properties":{"key":"ZSQD#dom"},"geometry":{"type":"MultiPolygon","coordinates":[[[[120,38.25],[119.5333,38.1],[119.5333,37.15],[119.8778,36.6708],[119.875,36.325],[119.7194,36.1306],[119.2583,35.0583],[119.9111,35.1417],[124,35.1417],[124,36.36],[124,36.6256],[123.6681,36.6239],[123.1331,37.0156],[123.12,37.4753],[122.2844,38.1239],[122.2158,38.25],[120,38.25]]]]}},{"type":"Feature","properties":{"key":"ZSSS#dom"},"geometry":{"type":"MultiPolygon","coordinates":[[[[124,35.1417],[119.9111,35.1417],[119.2583,35.0583],[117.2628,34.7706],[116.1258,34.2389],[115.8336,32.9172],[115.675,32.1833],[115.9333,30.0833],[114.5667,29.0333],[114.1603,27.5053],[116.4861,26.8389],[115.5806,25.3611],[115.7589,23.2597],[116.0947,22.8197],[116.5014,22.6825],[117.5,23],[120,25],[121.4489,26.4856],[122.09,27.1328],[124,29],[124,30],[124,32.6506],[124,33.9718],[124,35.1417]]]]}},{"type":"Feature","properties":{"key":"ZSSS-C#dom"},"geometry":{"type":"MultiPolygon","coordinates":[[[[122.09,27.1328],[119.4558,27.485],[118.5317,27.92],[117.9633,28.445],[117.45,29.4778],[117.5064,29.855],[115.9333,30.0833],[115.675,32.1833],[115.8336,32.9172],[116.1258,34.2389],[117.2628,34.7706],[117.5483,34.0617],[117.8831,32.6667],[117.8831,32.6667],[118.5781,32.6725],[120.5267,33.45],[120.6644,33.1833],[122.6469,33.1833],[122.9567,32.4433],[124,32.6506],[124,30],[124,29],[122.09,27.1328]]]]}},{"type":"Feature","properties":{"key":"ZSSS-N#dom"},"geometry":{"type":"MultiPolygon","coordinates":[[[[117.2628,34.7706],[119.2583,35.0583],[119.9111,35.1417],[124,35.1417],[124,33.9718],[124,32.6506],[122.9567,32.4433],[122.6469,33.1833],[120.6644,33.1833],[120.5267,33.45],[118.5781,32.6725],[117.8831,32.6667],[117.5483,34.0617],[117.2628,34.7706]]]]}},{"type":"Feature","properties":{"key":"ZSSS-S#dom"},"geometry":{"type":"MultiPolygon","coordinates":[[[[119.4558,27.485],[122.09,27.1328],[120,25],[117.5,23],[116.5014,22.6825],[116.0947,22.8197],[115.7589,23.2597],[115.5806,25.3611],[116.4861,26.8389],[114.1603,27.5053],[114.5667,29.0333],[115.9333,30.0833],[117.5064,29.855],[117.45,29.4778],[117.9633,28.445],[118.5317,27.92],[119.4558,27.485]]]]}},{"type":"Feature","properties":{"key":"ZYHB#dom"},"geometry":{"type":"MultiPolygon","coordinates":[[[[122.3333,53.5],[122.4,53.4333],[122.4833,53.4667],[122.85,53.45],[123.0333,53.5083],[123.15,53.5],[123.2667,53.55],[123.4333,53.5333],[123.4833,53.5],[123.475,53.5333],[123.5,53.55],[123.5333,53.5333],[123.5333,53.5],[123.5667,53.5],[123.6,53.55],[123.7167,53.4833],[123.8833,53.4833],[124.1333,53.35],[124.2333,53.3667],[124.4333,53.2167],[124.65,53.2],[124.7333,53.15],[124.8167,53.15],[124.8833,53.1],[124.8833,53.1667],[125.1667,53.2],[125.4833,53.1],[125.5,53.05],[125.6,53.0833],[125.75,52.9833],[125.6667,52.9167],[125.6833,52.85],[125.8333,52.8833],[125.9667,52.7667],[126.0333,52.8],[126.1167,52.7667],[126.05,52.75],[126.0667,52.6833],[125.9833,52.6667],[126,52.5833],[126.05,52.6],[126.2,52.5333],[126.1833,52.4667],[126.25,52.4667],[126.35,52.4],[126.3167,52.3167],[126.4333,52.2833],[126.2833,52.2167],[126.5667,52.1167],[126.5,52.0333],[126.45,52.0333],[126.6667,51.7333],[126.7167,51.7167],[126.6667,51.6],[126.8333,51.5333],[126.7833,51.45],[126.8833,51.4],[126.9167,51.35],[126.8333,51.3333],[126.8167,51.3],[126.8667,51.25],[126.8667,51.3],[126.9833,51.3167],[126.9167,51.0667],[127.1,50.9333],[127.3667,50.5667],[127.3,50.4667],[127.35,50.4333],[127.35,50.3167],[127.6,50.2333],[127.4833,50],[127.5333,49.8],[127.6667,49.7167],[127.9,49.5667],[127.9667,49.5833],[128.25,49.5],[128.3667,49.5833],[128.7,49.5667],[128.7667,49.5833],[128.75,49.4833],[128.8667,49.4833],[129,49.45],[129.1,49.35],[129.2167,49.4],[129.35,49.35],[129.4,49.4333],[129.5167,49.4167],[129.5667,49.2833],[129.7167,49.2833],[129.75,49.1833],[129.8667,49.1167],[129.9167,49.0333],[130.25,48.8667],[130.4333,48.9],[130.5,48.85],[130.65,48.8667],[130.6333,48.8],[130.5167,48.6167],[130.6,48.5833],[130.6167,48.4833],[130.75,48.5],[130.7333,48.4333],[130.7667,48.35],[130.8,48.3333],[130.8167,48.3],[130.7833,48.2667],[130.75,48.1833],[130.65,48.1167],[130.6667,48.05],[130.75,48],[130.8667,47.9167],[130.95,47.8167],[130.95,47.7],[131.15,47.7],[131.25,47.7333],[131.3667,47.7333],[131.4667,47.7333],[131.6,47.6667],[131.6833,47.7167],[131.8,47.6833],[131.8833,47.6833],[131.9667,47.6667],[132,47.7167],[132.0667,47.7],[132.25,47.7167],[132.2833,47.75],[132.3667,47.75],[132.5667,47.7167],[132.5833,47.7833],[132.6667,47.9],[132.6667,47.95],[132.8,47.9333],[132.8667,48],[133,48.0167],[133,48.05],[133.15,48.1],[133.2667,48.0833],[133.3333,48.1],[133.45,48.0667],[133.55,48.1167],[133.65,48.15],[133.7833,48.2],[133.8667,48.1833],[133.8667,48.2167],[133.8833,48.25],[133.9667,48.3],[134.0333,48.3333],[134.1,48.3333],[134.3833,48.3833],[134.5167,48.35],[134.55,48.3667],[134.5667,48.3333],[134.75,48.2833],[134.6667,48.25],[134.6667,48.15],[134.55,48.05],[134.55,47.9833],[134.5833,47.95],[134.5833,47.9167],[134.65,47.9],[134.6667,47.8333],[134.7667,47.75],[134.6833,47.6333],[134.6667,47.6167],[134.6667,47.6],[134.5833,47.5333],[134.5667,47.5],[134.4833,47.45],[134.3333,47.45],[134.2667,47.4],[134.2333,47.35],[134.2,47.3333],[134.15,47.25],[134.2167,47.2],[134.2167,47.1167],[134.1333,47.1],[134.05,46.9667],[134.0667,46.9333],[134.0333,46.8667],[134.0167,46.8167],[134.0333,46.75],[134.0167,46.6667],[133.9167,46.5833],[133.8333,46.4667],[133.9,46.45],[133.9333,46.3833],[133.8667,46.35],[133.85,46.2],[133.8167,46.2333],[133.7,46.15],[133.7333,46.05],[133.6667,45.9333],[133.6333,45.9333],[133.5833,45.8667],[133.5333,45.9],[133.4833,45.85],[133.4833,45.7833],[133.4167,45.6167],[133.3167,45.5],[133.2333,45.5167],[133.15,45.4667],[133.0833,45.25],[133.15,45.15],[133.1333,45.1167],[132.9333,45.0167],[132.8667,45.05],[131.9833,45.2667],[131.8833,45.35],[131.7667,45.2167],[131.6833,45.2333],[131.65,45.1667],[131.6833,45.1167],[131.4833,45],[131.5,44.9833],[131.3333,44.9833],[131.2833,44.9167],[131.15,44.9333],[131.0833,44.9167],[130.9667,44.8333],[131.0833,44.7],[131.2967,44.0517],[131.25,44.0167],[131.25,43.8833],[131.2,43.8333],[131.2206,43.7164],[128.5264,43.7444],[127.2833,43.6233],[126.2822,43.8778],[125.8492,43.7717],[124.3917,44.2517],[123.075,44.81],[122.0733,46.07],[119.7675,46.6153],[119.8547,46.6566],[119.935,46.72],[119.9089,46.7697],[119.9211,46.9128],[119.8527,46.9633],[119.7814,47.1014],[119.5309,47.2978],[119.3086,47.4245],[119.3445,47.4786],[119.1494,47.5339],[119.1108,47.6686],[118.7567,47.7839],[118.5422,47.9964],[118.3067,48.0053],[118.218,48.0356],[118.1397,48.0317],[118.0675,48.0178],[117.9648,47.9931],[117.8675,48.0186],[117.7877,47.9975],[117.5403,47.7875],[117.3631,47.6542],[117.1111,47.8136],[116.8256,47.8844],[116.4703,47.8392],[116.2422,47.8711],[116.0972,47.8044],[115.9594,47.6883],[115.9119,47.697],[115.5922,47.9194],[115.5481,48.1447],[115.835,48.2633],[115.8192,48.5295],[116.0842,48.8158],[116.0868,48.8954],[116.7,49.8333],[117,49.7],[117.2833,49.6333],[117.4667,49.6333],[117.8667,49.5],[118.3667,49.7667],[118.3833,49.8167],[118.6667,49.95],[118.9833,49.9667],[119.1833,50.0167],[119.3167,50.1167],[119.35,50.2333],[119.3667,50.3167],[119.3333,50.35],[119.1667,50.35],[119.1167,50.3833],[119.2,50.4],[119.25,50.5667],[119.3667,50.6833],[119.4833,50.75],[119.5167,50.9],[119.6167,51],[119.6833,51.0167],[119.7667,51.1333],[119.75,51.2167],[119.8167,51.2167],[119.9333,51.3667],[120.05,51.5667],[120.0833,51.6333],[120.0833,51.6833],[120.1667,51.6667],[120.4667,51.8333],[120.55,51.8667],[120.65,51.9167],[120.7167,52],[120.6833,52.0333],[120.7833,52.1667],[120.75,52.25],[120.6333,52.3167],[120.6167,52.35],[120.65,52.3667],[120.7333,52.5333],[120.6,52.5833],[120.45,52.6333],[120.4,52.6167],[120.2667,52.6167],[120.1833,52.5833],[120.0667,52.5833],[120.0333,52.6833],[120.0167,52.7667],[120.0833,52.7833],[120.1333,52.8],[120.1667,52.8],[120.2167,52.8333],[120.2833,52.8667],[120.2833,52.9],[120.3333,52.9],[120.35,52.9333],[120.4,52.95],[120.4333,53],[120.55,53.0833],[120.6333,53.1],[120.65,53.1333],[120.6833,53.1667],[120.8,53.2333],[120.8333,53.25],[120.8167,53.2667],[120.8833,53.2833],[121.0333,53.2833],[121.0833,53.3],[121.1167,53.2833],[121.3,53.3],[121.3333,53.3167],[121.4,53.3167],[121.6833,53.3833],[121.7333,53.3833],[121.85,53.4],[121.95,53.4167],[122.0833,53.4167],[122.15,53.4667],[122.25,53.4667],[122.3333,53.5]]]]}},{"type":"Feature","properties":{"key":"ZYSH#dom"},"geometry":{"type":"MultiPolygon","coordinates":[[[[116.7,49.8333],[117,49.7],[117.2833,49.6333],[117.4667,49.6333],[117.8667,49.5],[118.3667,49.7667],[118.3833,49.8167],[118.6667,49.95],[118.9833,49.9667],[119.1833,50.0167],[119.3167,50.1167],[119.35,50.2333],[119.3667,50.3167],[119.3333,50.35],[119.1667,50.35],[119.1167,50.3833],[119.2,50.4],[119.25,50.5667],[119.3667,50.6833],[119.4833,50.75],[119.5167,50.9],[119.6167,51],[119.6833,51.0167],[119.7667,51.1333],[119.75,51.2167],[119.8167,51.2167],[119.9333,51.3667],[120.05,51.5667],[120.0833,51.6333],[120.0833,51.6833],[120.1667,51.6667],[120.4667,51.8333],[120.55,51.8667],[120.65,51.9167],[120.7167,52],[120.6833,52.0333],[120.7833,52.1667],[120.75,52.25],[120.6333,52.3167],[120.6167,52.35],[120.65,52.3667],[120.7333,52.5333],[120.6,52.5833],[120.45,52.6333],[120.4,52.6167],[120.2667,52.6167],[120.1833,52.5833],[120.0667,52.5833],[120.0333,52.6833],[120.0167,52.7667],[120.0833,52.7833],[120.1333,52.8],[120.1667,52.8],[120.2167,52.8333],[120.2833,52.8667],[120.2833,52.9],[120.3333,52.9],[120.35,52.9333],[120.4,52.95],[120.4333,53],[120.55,53.0833],[120.6333,53.1],[120.65,53.1333],[120.6833,53.1667],[120.8,53.2333],[120.8333,53.25],[120.8167,53.2667],[120.8833,53.2833],[121.0333,53.2833],[121.0833,53.3],[121.1167,53.2833],[121.3,53.3],[121.3333,53.3167],[121.4,53.3167],[121.6833,53.3833],[121.7333,53.3833],[121.85,53.4],[121.95,53.4167],[122.0833,53.4167],[122.15,53.4667],[122.25,53.4667],[122.3333,53.5],[122.4,53.4333],[122.4833,53.4667],[122.85,53.45],[123.0333,53.5083],[123.15,53.5],[123.2667,53.55],[123.4333,53.5333],[123.4833,53.5],[123.475,53.5333],[123.5,53.55],[123.5333,53.5333],[123.5333,53.5],[123.5667,53.5],[123.6,53.55],[123.7167,53.4833],[123.8833,53.4833],[124.1333,53.35],[124.2333,53.3667],[124.4333,53.2167],[124.65,53.2],[124.7333,53.15],[124.8167,53.15],[124.8833,53.1],[124.8833,53.1667],[125.1667,53.2],[125.4833,53.1],[125.5,53.05],[125.6,53.0833],[125.75,52.9833],[125.6667,52.9167],[125.6833,52.85],[125.8333,52.8833],[125.9667,52.7667],[126.0333,52.8],[126.1167,52.7667],[126.05,52.75],[126.0667,52.6833],[125.9833,52.6667],[126,52.5833],[126.05,52.6],[126.2,52.5333],[126.1833,52.4667],[126.25,52.4667],[126.35,52.4],[126.3167,52.3167],[126.4333,52.2833],[126.2833,52.2167],[126.5667,52.1167],[126.5,52.0333],[126.45,52.0333],[126.6667,51.7333],[126.7167,51.7167],[126.6667,51.6],[126.8333,51.5333],[126.7833,51.45],[126.8833,51.4],[126.9167,51.35],[126.8333,51.3333],[126.8167,51.3],[126.8667,51.25],[126.8667,51.3],[126.9833,51.3167],[126.9167,51.0667],[127.1,50.9333],[127.3667,50.5667],[127.3,50.4667],[127.35,50.4333],[127.35,50.3167],[127.6,50.2333],[127.4833,50],[127.5333,49.8],[127.6667,49.7167],[127.9,49.5667],[127.9667,49.5833],[128.25,49.5],[128.3667,49.5833],[128.7,49.5667],[128.7667,49.5833],[128.75,49.4833],[128.8667,49.4833],[129,49.45],[129.1,49.35],[129.2167,49.4],[129.35,49.35],[129.4,49.4333],[129.5167,49.4167],[129.5667,49.2833],[129.7167,49.2833],[129.75,49.1833],[129.8667,49.1167],[129.9167,49.0333],[130.25,48.8667],[130.4333,48.9],[130.5,48.85],[130.65,48.8667],[130.6333,48.8],[130.5167,48.6167],[130.6,48.5833],[130.6167,48.4833],[130.75,48.5],[130.7333,48.4333],[130.7667,48.35],[130.8,48.3333],[130.8167,48.3],[130.7833,48.2667],[130.75,48.1833],[130.65,48.1167],[130.6667,48.05],[130.75,48],[130.8667,47.9167],[130.95,47.8167],[130.95,47.7],[131.15,47.7],[131.25,47.7333],[131.3667,47.7333],[131.4667,47.7333],[131.6,47.6667],[131.6833,47.7167],[131.8,47.6833],[131.8833,47.6833],[131.9667,47.6667],[132,47.7167],[132.0667,47.7],[132.25,47.7167],[132.2833,47.75],[132.3667,47.75],[132.5667,47.7167],[132.5833,47.7833],[132.6667,47.9],[132.6667,47.95],[132.8,47.9333],[132.8667,48],[133,48.0167],[133,48.05],[133.15,48.1],[133.2667,48.0833],[133.3333,48.1],[133.45,48.0667],[133.55,48.1167],[133.65,48.15],[133.7833,48.2],[133.8667,48.1833],[133.8667,48.2167],[133.8833,48.25],[133.9667,48.3],[134.0333,48.3333],[134.1,48.3333],[134.3833,48.3833],[134.5167,48.35],[134.55,48.3667],[134.5667,48.3333],[134.75,48.2833],[134.6667,48.25],[134.6667,48.15],[134.55,48.05],[134.55,47.9833],[134.5833,47.95],[134.5833,47.9167],[134.65,47.9],[134.6667,47.8333],[134.7667,47.75],[134.6833,47.6333],[134.6667,47.6167],[134.6667,47.6],[134.5833,47.5333],[134.5667,47.5],[134.4833,47.45],[134.3333,47.45],[134.2667,47.4],[134.2333,47.35],[134.2,47.3333],[134.15,47.25],[134.2167,47.2],[134.2167,47.1167],[134.1333,47.1],[134.05,46.9667],[134.0667,46.9333],[134.0333,46.8667],[134.0167,46.8167],[134.0333,46.75],[134.0167,46.6667],[133.9167,46.5833],[133.8333,46.4667],[133.9,46.45],[133.9333,46.3833],[133.8667,46.35],[133.85,46.2],[133.8167,46.2333],[133.7,46.15],[133.7333,46.05],[133.6667,45.9333],[133.6333,45.9333],[133.5833,45.8667],[133.5333,45.9],[133.4833,45.85],[133.4833,45.7833],[133.4167,45.6167],[133.3167,45.5],[133.2333,45.5167],[133.15,45.4667],[133.0833,45.25],[133.15,45.15],[133.1333,45.1167],[132.9333,45.0167],[132.8667,45.05],[131.9833,45.2667],[131.8833,45.35],[131.7667,45.2167],[131.6833,45.2333],[131.65,45.1667],[131.6833,45.1167],[131.4833,45],[131.5,44.9833],[131.3333,44.9833],[131.2833,44.9167],[131.15,44.9333],[131.0833,44.9167],[130.9667,44.8333],[131.0833,44.7],[131.2967,44.0517],[131.25,44.0167],[131.25,43.8833],[131.2,43.8333],[131.2206,43.7164],[131.2167,43.6167],[131.1833,43.5667],[131.1833,43.5333],[131.3,43.4667],[131.2833,43.4333],[131.3167,43.4],[131.2667,43.3667],[131.25,43.2667],[131.2,43.2167],[131.2,43.15],[131.1,43.0167],[131.1333,42.9667],[131.1,42.9],[131.0167,42.9167],[131.0333,42.8667],[130.9333,42.8667],[130.8667,42.85],[130.8167,42.8667],[130.7833,42.8333],[130.7,42.8333],[130.4,42.7167],[130.5333,42.7],[130.6333,42.6],[130.6167,42.55],[130.5667,42.55],[130.6333,42.4333],[130.65,42.4],[130.5807,42.4356],[130.514,42.6022],[130.4833,42.6167],[130.475,42.55],[130.4301,42.5511],[130.4307,42.6022],[130.241,42.7319],[130.2724,42.9022],[130.1141,42.9022],[130.1307,42.9855],[129.9641,42.9855],[129.9641,43.0188],[129.8807,43.0021],[129.75,42.5667],[129.7308,42.4522],[129.6641,42.4355],[129.6308,42.4689],[129.5641,42.3689],[129.4167,42.45],[129.2333,42.3667],[129.2167,42.2167],[129.15,42.15],[129.0833,42.15],[128.9667,42.0833],[128.95,42.025],[128.3,42.0333],[128.0333,42],[128.0833,41.8833],[128.0833,41.8],[128.1833,41.7167],[128.3,41.6167],[128.3167,41.5667],[128.2167,41.4],[128.1167,41.3667],[127.9185,41.4348],[127.65,41.4167],[127.5333,41.4667],[127.0997,41.5431],[127.1811,41.6023],[127.0478,41.6689],[127.0644,41.7022],[126.9333,41.8],[126.7833,41.6833],[126.7,41.75],[126.6,41.6167],[126.5167,41.3667],[126.1167,41.0833],[125.9901,40.8948],[125.7833,40.8833],[124.9,40.4667],[124.3333,40.0667],[124.35,40],[124.1683,39.8281],[124,38],[124,36.6256],[123.6681,36.6239],[123.1331,37.0156],[123.12,37.4753],[122.2844,38.1239],[122.2158,38.25],[120,38.25],[119.9,39.25],[119.8667,39.5],[119.35,39.9],[118.9769,40.6931],[118.3028,42.0772],[118.0833,42.25],[117.5167,43.245],[115.3542,45.3881],[115.7116,45.4675],[116.0314,45.6855],[116.1864,45.7073],[116.282,45.8122],[116.2432,45.9165],[116.5876,46.2934],[116.8417,46.3936],[117.0639,46.3636],[117.3778,46.3841],[117.4008,46.4869],[117.4389,46.5397],[117.4211,46.5783],[117.4883,46.5897],[117.5295,46.5816],[117.7336,46.5175],[117.8564,46.5475],[118.3283,46.7331],[118.4725,46.6936],[118.6309,46.7155],[118.7061,46.6894],[118.7817,46.7036],[118.8497,46.7686],[118.9058,46.7547],[118.9178,46.7205],[119.0075,46.7355],[119.0617,46.6778],[119.2136,46.6509],[119.363,46.6144],[119.4553,46.6386],[119.5358,46.6347],[119.7075,46.5986],[119.7675,46.6153],[119.8547,46.6566],[119.935,46.72],[119.9089,46.7697],[119.9211,46.9128],[119.8527,46.9633],[119.7814,47.1014],[119.5309,47.2978],[119.3086,47.4245],[119.3445,47.4786],[119.1494,47.5339],[119.1108,47.6686],[118.7567,47.7839],[118.5422,47.9964],[118.3067,48.0053],[118.218,48.0356],[118.1397,48.0317],[118.0675,48.0178],[117.9648,47.9931],[117.8675,48.0186],[117.7877,47.9975],[117.5403,47.7875],[117.3631,47.6542],[117.1111,47.8136],[116.8256,47.8844],[116.4703,47.8392],[116.2422,47.8711],[116.0972,47.8044],[115.9594,47.6883],[115.9119,47.697],[115.5922,47.9194],[115.5481,48.1447],[115.835,48.2633],[115.8192,48.5295],[116.0842,48.8158],[116.0868,48.8954],[116.7,49.8333]]]]}},{"type":"Feature","properties":{"key":"ZYTL#dom"},"geometry":{"type":"MultiPolygon","coordinates":[[[[131.2206,43.7164],[131.2167,43.6167],[131.1833,43.5667],[131.1833,43.5333],[131.3,43.4667],[131.2833,43.4333],[131.3167,43.4],[131.2667,43.3667],[131.25,43.2667],[131.2,43.2167],[131.2,43.15],[131.1,43.0167],[131.1333,42.9667],[131.1,42.9],[131.0167,42.9167],[131.0333,42.8667],[130.9333,42.8667],[130.8667,42.85],[130.8167,42.8667],[130.7833,42.8333],[130.7,42.8333],[130.4,42.7167],[130.5333,42.7],[130.6333,42.6],[130.6167,42.55],[130.5667,42.55],[130.6333,42.4333],[130.65,42.4],[130.5807,42.4356],[130.514,42.6022],[130.4833,42.6167],[130.475,42.55],[130.4301,42.5511],[130.4307,42.6022],[130.241,42.7319],[130.2724,42.9022],[130.1141,42.9022],[130.1307,42.9855],[129.9641,42.9855],[129.9641,43.0188],[129.8807,43.0021],[129.75,42.5667],[129.7308,42.4522],[129.6641,42.4355],[129.6308,42.4689],[129.5641,42.3689],[129.4167,42.45],[129.2333,42.3667],[129.2167,42.2167],[129.15,42.15],[129.0833,42.15],[128.9667,42.0833],[128.95,42.025],[128.3,42.0333],[128.0333,42],[128.0833,41.8833],[128.0833,41.8],[128.1833,41.7167],[128.3,41.6167],[128.3167,41.5667],[128.2167,41.4],[128.1167,41.3667],[127.9185,41.4348],[127.65,41.4167],[127.5333,41.4667],[127.0997,41.5431],[127.1811,41.6023],[127.0478,41.6689],[127.0644,41.7022],[126.9333,41.8],[126.7833,41.6833],[126.7,41.75],[126.6,41.6167],[126.5167,41.3667],[126.1167,41.0833],[125.9901,40.8948],[125.7833,40.8833],[124.9,40.4667],[124.3333,40.0667],[124.35,40],[124.1683,39.8281],[124,38],[124,36.6256],[123.6681,36.6239],[123.1331,37.0156],[123.12,37.4753],[122.2844,38.1239],[122.2158,38.25],[120,38.25],[119.9,39.25],[121.9583,40.8083],[121.9861,41.1917],[122.9083,41.2167],[123.0333,41.1667],[123.0167,40.9833],[123.6083,40.55],[123.8167,40.7333],[124.75,41.7333],[124.9,42.7667],[128.5264,43.7444],[131.2206,43.7164]]]]}},{"type":"Feature","properties":{"key":"ZYTX#dom"},"geometry":{"type":"MultiPolygon","coordinates":[[[[119.8667,39.5],[119.35,39.9],[118.9769,40.6931],[118.3028,42.0772],[118.0833,42.25],[117.5167,43.245],[115.3542,45.3881],[115.7116,45.4675],[116.0314,45.6855],[116.1864,45.7073],[116.282,45.8122],[116.2432,45.9165],[116.5876,46.2934],[116.8417,46.3936],[117.0639,46.3636],[117.3778,46.3841],[117.4008,46.4869],[117.4389,46.5397],[117.4211,46.5783],[117.4883,46.5897],[117.5295,46.5816],[117.7336,46.5175],[117.8564,46.5475],[118.3283,46.7331],[118.4725,46.6936],[118.6309,46.7155],[118.7061,46.6894],[118.7817,46.7036],[118.8497,46.7686],[118.9058,46.7547],[118.9178,46.7205],[119.0075,46.7355],[119.0617,46.6778],[119.2136,46.6509],[119.363,46.6144],[119.4553,46.6386],[119.5358,46.6347],[119.7075,46.5986],[119.7675,46.6153],[122.0733,46.07],[123.075,44.81],[124.3917,44.2517],[125.8492,43.7717],[126.2822,43.8778],[127.2833,43.6233],[128.5264,43.7444],[124.9,42.7667],[124.75,41.7333],[123.8167,40.7333],[123.6083,40.55],[123.0167,40.9833],[123.0333,41.1667],[122.9083,41.2167],[121.9861,41.1917],[121.9583,40.8083],[119.9,39.25],[119.8667,39.5]]]]}}]}