{"type":"FeatureCollection","source":{"tag":"v1.2.13","publishedAt":"2026-09-14T07:48:32Z","url":"https://github.com/vatsimnetwork/simaware-tracon-project/releases/tag/v1.2.13"},"features":[{"type":"Feature","properties":{"id":"A11","name":"ANCHORAGE APPROACH","prefixes":["ANC"],"labelLat":61.2444,"labelLon":-150.1607,"artcc":"ZAN"},"geometry":{"type":"MultiPolygon","coordinates":[[[[-149.7167,61.7167],[-149.0645,61.4722],[-149.5661,60.8594],[-150.1167,60.7833],[-150.2587,60.7721],[-150.8024,60.915],[-150.8536,60.9026],[-151.1692,61.0117],[-151.25,61.0833],[-151.2569,61.2167],[-150.4333,61.7124],[-149.7167,61.7167]]]]}},{"type":"Feature","properties":{"id":"A80","name":"ATLANTA APPROACH","prefixes":["AHN","ATL","CSG","MCN"],"labelLat":33.1346,"labelLon":-84.2104,"artcc":"ZTL"},"geometry":{"type":"MultiPolygon","coordinates":[[[[-83.6392,33.4506],[-83.0819,33.4981],[-82.8297,34.0067],[-83.3172,34.3352],[-84.1381,34.4413],[-84.1583,34.3333],[-83.7625,34.0333],[-83.625,33.7],[-83.6269,33.6642],[-83.6333,33.4639],[-83.6392,33.4506]]],[[[-84.7056,34.2792],[-84.4258,34.3072],[-84.4206,34.3078],[-84.1583,34.3333],[-83.7625,34.0333],[-83.625,33.7],[-83.6269,33.6642],[-83.6333,33.4639],[-83.6392,33.4506],[-83.7083,33.2958],[-83.8944,33.1292],[-84.15,33.0042],[-84.3056,32.9806],[-84.425,32.9625],[-84.7167,33.0083],[-84.9458,33.1208],[-85.0833,33.2333],[-85.1781,33.3089],[-85.225,33.3458],[-85.225,33.7583],[-85.1681,33.8708],[-85.1561,33.8942],[-85.1167,33.9722],[-84.95,34.1625],[-84.7917,34.2389],[-84.7056,34.2792]]],[[[-85.775,32.8],[-85.75,32.4556],[-85.6958,32.0083],[-85.2389,31.8278],[-85.075,31.85],[-84.6944,31.9236],[-84.5792,31.9528],[-84.2389,32.0133],[-84.2778,32.5167],[-84.3056,32.9806],[-84.425,32.9625],[-84.7167,33.0083],[-84.9458,33.1208],[-85.0833,33.2333],[-85.1781,33.3089],[-85.225,33.3458],[-85.2667,33.2167],[-85.4667,33.2],[-85.5444,33.1],[-85.775,32.8]]],[[[-84.3056,32.9806],[-84.2778,32.5167],[-84.2389,32.0133],[-83.9083,32.075],[-83.8,32.0917],[-83.5583,32.1167],[-83.4958,32.125],[-83.1,32.2778],[-82.6458,32.4472],[-82.6686,32.6208],[-82.6625,32.8875],[-82.7,33],[-83.0819,33.4981],[-83.6392,33.4506],[-83.7083,33.2958],[-83.8944,33.1292],[-84.15,33.0042],[-84.3056,32.9806]]]]}},{"type":"Feature","properties":{"id":"A90","name":"BOSTON APPROACH","prefixes":["A90","A90_N","A90_S","ACK","BOS","MHT"],"labelLat":42.2982,"labelLon":-70.7416,"artcc":"ZBW"},"geometry":{"type":"MultiPolygon","coordinates":[[[[-70.9917,43.4167],[-70.65,43.2917],[-70.2834,43.0335],[-70.4167,42.8124],[-70.4167,42.7207],[-70.2759,42.4854],[-71.5462,42.2678],[-71.5833,42.3667],[-71.7333,42.4333],[-71.8333,42.45],[-71.875,42.55],[-71.9,42.6167],[-71.8833,42.8667],[-71.909,42.9392],[-71.9667,43.0749],[-71.9832,43.1333],[-71.9419,43.3322],[-71.8999,43.7081],[-71.3834,43.7584],[-71.1833,43.7167],[-70.9917,43.4167]]],[[[-71.4833,42.1],[-71.5462,42.2678],[-70.2759,42.4854],[-70.1677,42.303],[-69.825,42.2833],[-69.5,41.775],[-69.5001,41.305],[-69.9322,41],[-70.6002,40.838],[-71.0295,40.9639],[-71.0309,41.0154],[-71.0306,41.4372],[-70.8333,41.5639],[-70.7875,41.7028],[-70.7001,41.7999],[-70.8833,41.9061],[-70.925,41.8943],[-71.2206,41.9169],[-71.3606,42.0155],[-71.4833,42.1]]],[[[-70.9917,43.4167],[-70.65,43.2917],[-70.2834,43.0335],[-70.4167,42.8124],[-70.4167,42.7207],[-70.3084,42.5389],[-70.1677,42.303],[-69.825,42.2833],[-69.5,41.775],[-69.5001,41.305],[-69.9322,41],[-70.6002,40.838],[-71.0295,40.9639],[-71.0309,41.0154],[-71.0306,41.4372],[-70.8333,41.5639],[-70.7875,41.7028],[-70.7001,41.7999],[-70.8833,41.9061],[-70.925,41.8943],[-70.925,41.8944],[-71.0464,41.9037],[-71.2206,41.9169],[-71.3606,42.0155],[-71.4836,42.1008],[-71.5833,42.3667],[-71.7333,42.4333],[-71.8333,42.45],[-71.875,42.55],[-71.9,42.6167],[-71.8833,42.8667],[-71.909,42.9392],[-71.9667,43.0749],[-71.9832,43.1333],[-71.9419,43.3322],[-71.8999,43.7081],[-71.3834,43.7584],[-71.1833,43.7167],[-70.9917,43.4167]]],[[[-70.3167,42.3111],[-69.825,42.2833],[-69.5,41.775],[-69.5001,41.305],[-69.9322,41],[-70.6002,40.838],[-71.0295,40.9639],[-71.0309,41.0154],[-71.0306,41.4372],[-70.8333,41.5639],[-70.7875,41.7028],[-70.7001,41.7999],[-70.8824,41.9064],[-70.4656,42.0348],[-70.3167,42.2389],[-70.3167,42.3111]]],[[[-71.0464,41.9037],[-70.925,41.8944],[-70.4656,42.0348],[-70.3167,42.2389],[-70.3167,42.3111],[-70.1677,42.303],[-70.3084,42.5389],[-70.4167,42.7208],[-70.7167,42.75],[-70.9,42.7833],[-71.1112,42.8583],[-71.2667,42.7],[-71.424,42.6616],[-71.8757,42.5518],[-71.8333,42.4498],[-71.7333,42.4333],[-71.5833,42.3667],[-71.4833,42.1],[-71.3606,42.0155],[-71.2206,41.9169],[-71.0464,41.9037]]],[[[-71.3834,43.7584],[-71.3834,43.7584],[-71.1833,43.7167],[-70.9917,43.4167],[-70.65,43.2917],[-70.2834,43.0335],[-70.4167,42.8124],[-70.4167,42.7207],[-70.7167,42.75],[-70.9,42.7833],[-71.1112,42.8583],[-71.2667,42.7],[-71.8757,42.5518],[-71.9,42.6167],[-71.8833,42.8667],[-71.909,42.9392],[-71.9667,43.0749],[-71.9832,43.1333],[-71.8999,43.7081],[-71.3834,43.7584]]]]}},{"type":"Feature","properties":{"id":"ABE","name":"ALLENTOWN APPROACH","prefixes":["ABE"],"labelLat":40.817,"labelLon":-75.5132,"artcc":"ZNY"},"geometry":{"type":"MultiPolygon","coordinates":[[[[-76.1625,40.6889],[-76.1556,40.8264],[-75.7333,40.9153],[-75.6022,40.9569],[-75.4653,41],[-75.3667,40.9736],[-75.2783,41.0376],[-75.1792,41.25],[-75.1608,41.3086],[-74.9392,41.2306],[-74.9875,41.1917],[-74.9164,41.1544],[-74.8639,41.1139],[-74.875,41.0542],[-74.9211,41.0136],[-74.9447,40.9928],[-74.9425,40.9647],[-74.9889,40.9542],[-74.9833,40.8897],[-74.9778,40.7442],[-74.97,40.6792],[-74.9703,40.6425],[-74.9708,40.63],[-75.0147,40.5961],[-75.1069,40.525],[-75.0667,40.4833],[-75.3933,40.4597],[-75.4714,40.4247],[-75.5717,40.3781],[-75.6844,40.3253],[-75.7458,40.3361],[-75.7678,40.3397],[-75.8805,40.4639],[-75.9131,40.5411],[-75.9166,40.6869],[-76.1625,40.6889]]]]}},{"type":"Feature","properties":{"id":"ABI","name":"ABILENE APPROACH","prefixes":["ABI"],"labelLat":32.3932,"labelLon":-99.6819,"artcc":"ZFW"},"geometry":{"type":"MultiPolygon","coordinates":[[[[-100.5,32.2917],[-100.4583,32.175],[-100.4083,32.075],[-100.4167,31.9917],[-99.7458,31.6753],[-98.9917,32.0378],[-98.9542,32.1056],[-98.9083,32.175],[-98.875,32.2917],[-98.8639,32.4194],[-98.8667,32.4667],[-98.8722,32.5417],[-98.9139,32.65],[-98.9778,32.7611],[-99.0583,32.8694],[-99.1086,32.9094],[-99.1583,32.9472],[-99.275,33.0194],[-99.4028,33.0639],[-99.5472,33.1],[-99.6889,33.1111],[-99.8114,33.1025],[-99.9694,33.0639],[-100.1,33.0194],[-100.2167,32.9472],[-100.3139,32.8694],[-100.4,32.7611],[-100.4639,32.65],[-100.5,32.5417],[-100.5,32.2917]]]]}},{"type":"Feature","properties":{"id":"ABQ","name":"ALBUQUERQUE APPROACH","prefixes":["ABQ"],"labelLat":34.9566,"labelLon":-106.717,"artcc":"ZAB"},"geometry":{"type":"MultiPolygon","coordinates":[[[[-107.3422,34.9083],[-106.9519,34.4867],[-106.65,34.4833],[-106.3861,34.475],[-106.0919,34.7844],[-106.1142,34.9569],[-106.1192,35.1636],[-106.285,35.1594],[-106.6494,35.4381],[-106.9917,35.425],[-107.0922,35.4181],[-107.2417,35.2739],[-107.2517,35.2306],[-107.3422,34.9083]]]]}},{"type":"Feature","properties":{"id":"ACT","name":"WACO APPROACH","prefixes":["ACT"],"labelLat":31.7417,"labelLon":-97.0208,"artcc":"ZFW"},"geometry":{"type":"MultiPolygon","coordinates":[[[[-97.775,31.75],[-97.5292,31.5458],[-97.125,31.2],[-97,31.2042],[-96.6833,31.2042],[-96.5125,31.2667],[-96.2667,31.3583],[-96.6897,32.2833],[-96.9833,32.2833],[-97.3392,32.2833],[-97.775,31.75]]]]}},{"type":"Feature","properties":{"id":"ACY","name":"ATLANTIC CITY APPROACH","prefixes":["ACY"],"labelLat":39.1431,"labelLon":-74.485,"artcc":"ZDC"},"geometry":{"type":"MultiPolygon","coordinates":[[[[-75.3117,39.4319],[-75.25,39.4722],[-75.2392,39.4808],[-75.1667,39.5167],[-75.0958,39.5472],[-74.9744,39.655],[-74.9111,39.7097],[-74.8225,39.7164],[-74.7761,39.7203],[-74.725,39.725],[-74.5,39.6556],[-74.4403,39.7167],[-74.4111,39.7472],[-74.3944,39.7492],[-74.3222,39.7472],[-74.2931,39.7236],[-74.1722,39.7167],[-74.0608,39.6642],[-73.9333,39.575],[-74.0492,39.4217],[-73.9989,39.3861],[-73.9033,39.2903],[-73.6583,39.0347],[-73.8611,38.7375],[-74,38.5369],[-74.3333,38.75],[-74.6167,38.75],[-74.8833,38.75],[-74.8694,38.8506],[-74.8939,38.8761],[-74.9542,38.9022],[-74.9833,38.9417],[-75.1625,39.0972],[-75.0667,39.2403],[-75.2131,39.3608],[-75.2542,39.3944],[-75.2869,39.4158],[-75.3117,39.4319]]]]}},{"type":"Feature","properties":{"id":"AGS","name":"AUGUSTA APPROACH","prefixes":["AGS"],"labelLat":33.482,"labelLon":-82.27,"artcc":"ZTL"},"geometry":{"type":"MultiPolygon","coordinates":[[[[-82.2664,34.0664],[-81.8917,34.0833],[-81.8044,33.9853],[-81.6447,33.7786],[-81.4581,33.3564],[-81.5042,33.0111],[-81.8436,32.8917],[-81.875,32.8806],[-82.7,33],[-83.0819,33.4981],[-82.8275,34.0064],[-82.35,34.0542],[-82.2664,34.0664]]]]}},{"type":"Feature","properties":{"id":"ALB","name":"ALBANY APPROACH","prefixes":["ALB"],"labelLat":42.7556,"labelLon":-73.7208,"artcc":"ZBW"},"geometry":{"type":"MultiPolygon","coordinates":[[[[-72.8583,43.1084],[-73.0167,43.0223],[-72.9998,42.6329],[-73.3875,42.1833],[-73.3778,42.0528],[-73.4667,41.975],[-74.0456,41.9883],[-74,42.1417],[-74.3,42.175],[-74.4458,42.3611],[-74.5833,42.5417],[-74.5618,42.6748],[-74.5167,43],[-74.4,43.2667],[-74.0354,43.3264],[-73.8222,43.3711],[-73.75,43.5361],[-73.4875,43.525],[-73.425,43.3667],[-73.4192,43.3378],[-73.2406,43.2667],[-73.1059,43.2114],[-72.8583,43.1084]]]]}},{"type":"Feature","properties":{"id":"AMA","name":"AMARILLO APPROACH","prefixes":["AMA"],"labelLat":35.2307,"labelLon":-101.7173,"artcc":"ZAB"},"geometry":{"type":"MultiPolygon","coordinates":[[[[-102.0433,34.7114],[-102.2303,34.8322],[-102.3867,35.0475],[-102.4233,35.2411],[-102.3725,35.4436],[-102.2578,35.6036],[-102.0336,35.7483],[-101.7861,35.81],[-101.5464,35.7967],[-101.3094,35.7119],[-101.0939,35.5236],[-101.0114,35.3419],[-101.0311,35.055],[-101.2175,34.8058],[-101.5081,34.6678],[-101.82,34.6514],[-102.0433,34.7114]]]]}},{"type":"Feature","properties":{"id":"APN","name":"ALPENA APPROACH","prefixes":["APN"],"labelLat":45.2671,"labelLon":-83.3329,"artcc":"ZMP"},"geometry":{"type":"MultiPolygon","coordinates":[[[[-82.35,44.6667],[-84.0333,44.6667],[-84.0556,45.1611],[-84.0597,45.3314],[-84.3158,45.8675],[-84.1333,45.7833],[-83.5,45.7833],[-82.5,45.3333],[-82.4214,44.9156],[-82.35,44.6667]]]]}},{"type":"Feature","properties":{"id":"ASE","name":"ASPEN APPROACH","prefixes":["ASE"],"labelLat":39.3277,"labelLon":-106.9278,"artcc":"ZDV"},"geometry":{"type":"MultiPolygon","coordinates":[[[[-107.2206,39.5636],[-107.0481,39.5331],[-106.9981,39.5331],[-106.5394,39.6214],[-106.4458,39.5236],[-106.4417,39.4333],[-106.4278,39.1428],[-106.6886,39.0339],[-107.2442,39.0339],[-107.4278,39.1692],[-107.4164,39.235],[-107.4028,39.3078],[-107.3683,39.4919],[-107.2206,39.4919],[-107.2206,39.5636]]]]}},{"type":"Feature","properties":{"id":"AUS","name":"AUSTIN APPROACH","prefixes":["AUS"],"labelLat":30.1552,"labelLon":-97.5325,"artcc":"ZHU"},"geometry":{"type":"MultiPolygon","coordinates":[[[[-96.8167,30.15],[-96.8167,30.1628],[-96.815,30.2486],[-96.8217,30.3372],[-96.8472,30.3667],[-96.9081,30.4367],[-97.1119,30.6536],[-97.1,30.8],[-97.6367,30.8],[-97.6725,30.8],[-98.0833,30.8],[-98.1608,30.4961],[-98.25,30.1167],[-98.0778,29.8931],[-97.9944,29.8542],[-97.8667,29.8],[-97.8042,29.8028],[-97.7917,29.7667],[-97.7944,29.7167],[-97.8083,29.5917],[-97.8256,29.5303],[-97.0686,29.5153],[-96.9317,29.5103],[-96.8208,29.7336],[-96.8167,30.15]]]]}},{"type":"Feature","properties":{"id":"AVL","name":"ASHEVILLE APPROACH","prefixes":["AVL"],"labelLat":35.5602,"labelLon":-82.5867,"artcc":"ZTL"},"geometry":{"type":"MultiPolygon","coordinates":[[[[-83.1333,35.9833],[-82.6111,35.9833],[-82.2778,35.9833],[-82.1231,36.0592],[-82.0667,35.55],[-82.0464,35.4158],[-82.04,35.3642],[-82.1,35.3614],[-82.1,35.2919],[-82.1678,35.2256],[-82.1669,35.1483],[-82.2333,35.0833],[-82.315,35.0811],[-83.0147,35.0611],[-83.0278,35.2625],[-82.9542,35.5292],[-82.9389,35.6111],[-83.0083,35.6306],[-83.0417,35.8375],[-83.1333,35.9833]]]]}},{"type":"Feature","properties":{"id":"AVP","name":"WILKES-BARRE APPROACH","prefixes":["AVP"],"labelLat":41.3232,"labelLon":-75.7513,"artcc":"ZNY"},"geometry":{"type":"MultiPolygon","coordinates":[[[[-76.3,41.501],[-76.4322,41.6444],[-76.4114,41.6746],[-76.0881,41.6911],[-75.1964,41.7318],[-75.1667,41.772],[-75.1133,41.82],[-74.9128,41.575],[-74.7842,41.5225],[-74.8514,41.3028],[-74.9392,41.2306],[-75.1608,41.3086],[-75.1792,41.25],[-75.2783,41.0376],[-75.3667,40.9736],[-75.4653,41],[-75.6022,40.9569],[-75.7333,40.9153],[-76.1556,40.8264],[-76.3389,40.8345],[-76.689,40.9265],[-76.7184,40.9877],[-76.4664,41.0684],[-76.3319,41.0523],[-76.3312,41.0609],[-76.3014,41.3778],[-76.3,41.501]]]]}},{"type":"Feature","properties":{"id":"AZO","name":"GREAT LAKES APPROACH","prefixes":["AZO","LAN"],"labelLat":42.8945,"labelLon":-85.0236,"artcc":"ZAU"},"geometry":{"type":"MultiPolygon","coordinates":[[[[-87,42.8],[-86.5625,42.6042],[-86.3383,42.5239],[-86.3167,42.3833],[-86.2003,42.3872],[-86.0139,42.3889],[-86.0208,42.2667],[-86.025,42.1625],[-85.8417,41.9333],[-85.6833,41.9667],[-85.5944,41.8667],[-85.4917,41.7417],[-85.4708,41.6708],[-85.0472,41.6403],[-84.8333,41.625],[-84.7667,41.8],[-84.6953,41.9869],[-84.6667,42.0625],[-84.7444,42.1383],[-84.8417,42.2333],[-84.825,42.4361],[-85,42.5992],[-85.0278,42.625],[-85.05,42.6833],[-85.0333,42.95],[-85,42.9667],[-85,43.5],[-84.9636,43.5867],[-85.7417,43.6281],[-86.2167,43.6511],[-87,43.685],[-87,42.8]]],[[[-85.05,42.6833],[-85.0278,42.625],[-85,42.5992],[-84.825,42.4361],[-84.8417,42.2333],[-84.7444,42.1383],[-84.6667,42.0625],[-84.6953,41.9869],[-84.3386,42.01],[-84.2992,42.0133],[-84.1472,42.0219],[-84.1511,42.1353],[-84.1519,42.1517],[-84.1547,42.2175],[-84.1567,42.2689],[-84.1583,42.3011],[-84.1611,42.3842],[-84.1653,42.4678],[-84.1661,42.4939],[-84.27,42.4967],[-84.2514,42.5894],[-84.1406,42.5772],[-84.1342,42.5889],[-84.0583,42.6583],[-83.9444,42.7403],[-83.9056,42.7622],[-83.8825,42.775],[-83.7381,42.8367],[-83.6617,42.8592],[-83.6681,42.9144],[-83.5717,42.9583],[-83.4753,42.8914],[-83.4261,42.8956],[-83.3139,42.8961],[-83.2006,42.8861],[-83.0911,42.8661],[-83.0472,42.9792],[-83.0583,43.0903],[-83.0667,43.1667],[-83.2847,43.1847],[-83.2906,43.5783],[-83.2933,43.7558],[-83.2958,43.9167],[-83.6669,44.0911],[-83.97,44.1603],[-84.0583,44.1625],[-84.1233,44.1639],[-84.3492,44.1336],[-84.4897,44.0903],[-84.7769,43.9108],[-84.8878,43.7661],[-84.9228,43.6833],[-84.9636,43.5867],[-85,43.5],[-85,42.9667],[-85.0333,42.95],[-85.05,42.6833]]]]}},{"type":"Feature","properties":{"id":"BFL","name":"BAKERSFIELD APPROACH","prefixes":["BFL"],"labelLat":35.4951,"labelLon":-119.0885,"artcc":"ZLA"},"geometry":{"type":"MultiPolygon","coordinates":[[[[-119.7103,35.6775],[-119.5019,35.6364],[-119.1711,36.1333],[-118.5833,36.1333],[-118.5833,35.25],[-118.4667,35.0917],[-118.6195,34.9833],[-118.7597,34.9583],[-119.0556,34.8569],[-119.4542,35.1667],[-119.7103,35.6775]]]]}},{"type":"Feature","properties":{"id":"BGM","name":"BINGHAMTON APPROACH","prefixes":["BGM"],"labelLat":42.0972,"labelLon":-75.7653,"artcc":"ZNY"},"geometry":{"type":"MultiPolygon","coordinates":[[[[-76.2597,42.4542],[-76.1861,42.55],[-76.0092,42.5306],[-75.7333,42.5],[-75.5542,42.2403],[-75.3319,42.2403],[-75.25,42.1208],[-74.9139,42.1139],[-75.0583,41.8694],[-75.1133,41.82],[-75.1667,41.772],[-75.1964,41.7318],[-76.0881,41.6911],[-76.4114,41.6746],[-76.4322,41.6444],[-76.6167,41.6736],[-76.4194,41.9333],[-76.5361,41.9833],[-76.5125,42.2069],[-76.2597,42.4542]]]]}},{"type":"Feature","properties":{"id":"BGR","name":"BANGOR APPROACH","prefixes":["BGR"],"labelLat":44.5748,"labelLon":-68.8542,"artcc":"ZBW"},"geometry":{"type":"MultiPolygon","coordinates":[[[[-68.1449,44.7717],[-67.9917,44.4167],[-68,44.2833],[-68.7992,43.8663],[-68.8167,44.1001],[-69,44.1833],[-69.4,44.2639],[-69.7167,44.5],[-69.6789,44.8481],[-69.3667,45.1335],[-69,45.2375],[-68.6333,45.2833],[-68.3583,45.1917],[-68.1449,44.7717]]]]}},{"type":"Feature","properties":{"id":"BHM","name":"BIRMINGHAM APPROACH","prefixes":["BHM"],"labelLat":33.5424,"labelLon":-86.8472,"artcc":"ZTL"},"geometry":{"type":"MultiPolygon","coordinates":[[[[-86.175,34.3875],[-86.0167,34.2444],[-85.8928,34.0164],[-85.825,33.8917],[-85.8167,33.8611],[-85.7083,33.5],[-86.0042,33.2667],[-86.1489,33.1106],[-86.1806,33.0722],[-87,32.9722],[-87.1292,33.0167],[-87.3,33.0167],[-87.3958,33.0167],[-87.85,32.6972],[-87.9861,33.0431],[-87.8083,33.1833],[-87.725,33.2417],[-87.6742,33.2861],[-87.6333,33.3167],[-87.6167,33.4458],[-87.6139,33.5125],[-87.5917,33.6708],[-87.5667,33.8903],[-87.55,34.0167],[-87.25,34.1],[-87.0333,34.1],[-86.7133,34.1],[-86.6,34.15],[-86.4503,34.2339],[-86.175,34.3875]]]]}},{"type":"Feature","properties":{"id":"BIL","name":"BILLINGS APPROACH","prefixes":["BIL"],"labelLat":45.8167,"labelLon":-108.5333,"artcc":"ZLC"},"geometry":{"type":"MultiPolygon","coordinates":[[[[-108.6242,46.4778],[-108.5333,46.4831],[-108.3658,46.4728],[-108.2036,46.4422],[-108.0519,46.3928],[-107.9153,46.3256],[-107.7978,46.2428],[-107.7031,46.1469],[-107.6342,46.0411],[-107.5931,45.9286],[-107.5803,45.8128],[-107.5967,45.6972],[-107.6239,45.6292],[-107.6414,45.5853],[-107.7128,45.4806],[-107.8089,45.3861],[-107.9261,45.3047],[-108.0617,45.2386],[-108.2108,45.19],[-108.3697,45.1603],[-108.5333,45.1503],[-108.6969,45.1603],[-108.8556,45.19],[-109.005,45.2386],[-109.1403,45.3047],[-109.2578,45.3861],[-109.3539,45.4806],[-109.4253,45.5853],[-109.47,45.6972],[-109.4864,45.8128],[-109.4736,45.9286],[-109.4325,46.0411],[-109.3633,46.1469],[-109.2689,46.2428],[-109.1514,46.3256],[-109.0147,46.3928],[-108.8628,46.4422],[-108.7575,46.4622],[-108.7006,46.4728],[-108.6242,46.4778]]]]}},{"type":"Feature","properties":{"id":"BIS","name":"BISMARCK APPROACH","prefixes":["BIS"],"labelLat":46.775,"labelLon":-100.75,"artcc":"ZMP"},"geometry":{"type":"MultiPolygon","coordinates":[[[[-100.2,47.2333],[-99.9,46.8333],[-100.0917,46.4],[-100.6667,46.1917],[-101.2833,46.3167],[-101.6,46.7167],[-101.4167,47.15],[-100.8333,47.3583],[-100.2,47.2333]]]]}},{"type":"Feature","properties":{"id":"BNA","name":"NASHVILLE APPROACH","prefixes":["BNA"],"labelLat":36.1007,"labelLon":-86.6921,"artcc":"ZME"},"geometry":{"type":"MultiPolygon","coordinates":[[[[-87.501,36.3425],[-87.45,36.35],[-87.3347,36.4222],[-87.0736,36.5889],[-86.9333,36.6833],[-86.8707,36.723],[-86.2853,36.6948],[-86.2031,36.6906],[-86.1667,36.65],[-85.9833,36.45],[-85.8833,36.2333],[-85.9,35.9],[-86.0833,35.6836],[-86.4461,35.4783],[-86.6896,35.4931],[-86.8952,35.5342],[-87.1571,35.5859],[-87.4765,35.8284],[-87.501,36.3425]]]]}},{"type":"Feature","properties":{"id":"BOI","name":"BIG SKY APPROACH","prefixes":["BOI"],"labelLat":43.5939,"labelLon":-116.2134,"artcc":"ZLC"},"geometry":{"type":"MultiPolygon","coordinates":[[[[-116.9206,43.1281],[-116.9944,43.2036],[-117.0533,43.2861],[-117.0958,43.3739],[-117.1217,43.465],[-117.1297,43.5578],[-117.12,43.6503],[-117.0925,43.7411],[-117.0475,43.8283],[-116.9864,43.91],[-116.91,43.985],[-116.8194,44.0511],[-116.7169,44.1075],[-116.6044,44.1531],[-116.4842,44.1869],[-116.3581,44.2081],[-116.2294,44.2161],[-116.1003,44.2114],[-115.9733,44.1933],[-115.8514,44.1628],[-115.7367,44.1203],[-115.6314,44.0664],[-115.5378,44.0025],[-115.4514,43.9225],[-115.3922,43.8494],[-115.3433,43.7636],[-115.3114,43.6733],[-115.2972,43.5808],[-115.3008,43.4881],[-115.3222,43.3961],[-115.3606,43.3075],[-115.4156,43.2236],[-115.4594,43.1725],[-115.5072,43.1267],[-115.5661,43.0792],[-115.6325,43.035],[-115.8306,43.1583],[-116.0333,43.2833],[-116.2008,43.2833],[-116.6678,42.9717],[-116.7342,43.0025],[-116.8333,43.0606]]]]}},{"type":"Feature","properties":{"id":"BTR","name":"BATON ROUGE APPROACH","prefixes":["BTR"],"labelLat":30.6093,"labelLon":-91.279,"artcc":"ZHU"},"geometry":{"type":"MultiPolygon","coordinates":[[[[-91.5,30.1917],[-91.8083,30.6083],[-91.95,30.8],[-91.6083,31.1972],[-91.1667,31.1583],[-90.925,31.15],[-90.8833,31.15],[-90.7167,30.825],[-90.675,30.75],[-90.6081,30.6033],[-90.7322,30.4311],[-90.7764,30.3778],[-90.8833,30.2167],[-91.0583,30.2167],[-91.0583,30.0214],[-91.4333,30.0333],[-91.5,30.0333],[-91.5,30.1917]]]]}},{"type":"Feature","properties":{"id":"BTV","name":"BURLINGTON APPROACH","prefixes":["BTV"],"labelLat":44.4416,"labelLon":-73.2194,"artcc":"ZBW"},"geometry":{"type":"MultiPolygon","coordinates":[[[[-73.25,45],[-72.4222,44.9944],[-72.7278,44.5486],[-72.7569,44.0889],[-73.2833,43.8833],[-73.4333,43.8833],[-73.55,43.8833],[-73.875,44],[-73.8833,44.7417],[-74.0167,44.775],[-73.975,45],[-73.25,45]]]]}},{"type":"Feature","properties":{"id":"BUF","name":"BUFFALO APPROACH","prefixes":["BUF"],"labelLat":42.6042,"labelLon":-79.6055,"artcc":"ZOB"},"geometry":{"type":"MultiPolygon","coordinates":[[[[-81.2111,42],[-80.9875,41.7644],[-80.8722,41.6417],[-80.7147,41.6531],[-80.375,41.6778],[-80.1333,41.6625],[-79.8625,41.6583],[-79.5125,41.6472],[-79.5139,41.575],[-79.3194,41.7083],[-78.9306,42.1139],[-78.8094,42.2344],[-78.8,42.25],[-78.8,42.3972],[-78.5222,42.35],[-78.1583,42.5917],[-78.1517,42.6758],[-78.1433,42.7731],[-78.1292,42.9444],[-78.1806,43.0944],[-78.2167,43.1917],[-78.2,43.25],[-78,43.4],[-78.35,43.6333],[-78.6778,43.6333],[-78.75,43.6],[-78.75,43.4333],[-78.95,43.2417],[-79.0244,43.1931],[-79.3375,42.9083],[-79.75,42.85],[-79.8444,42.8361],[-80.2667,42.8139],[-80.4417,42.7556],[-80.9486,42.3911],[-81.0639,42.2056],[-81.2111,42]]]]}},{"type":"Feature","properties":{"id":"BZN","name":"BIG SKY APPROACH","prefixes":["BZN"],"labelLat":45.6929,"labelLon":-111.0519,"artcc":"ZLC"},"geometry":{"type":"MultiPolygon","coordinates":[[[[-111.8897,46.1925],[-111.7878,46.2064],[-111.6897,46.2322],[-111.6014,46.2686],[-111.0942,46.2375],[-110.98,46.2292],[-110.8125,46.2161],[-110.4667,46.0806],[-110,45.8833],[-110.0203,45.4769],[-110.3325,45.4478],[-110.4289,45.3531],[-110.4922,45.3094],[-110.5467,45.2714],[-110.6825,45.2056],[-110.8322,45.1569],[-110.9917,45.1272],[-111.1556,45.1172],[-111.3194,45.1272],[-111.4789,45.1569],[-111.6286,45.2056],[-111.7644,45.2714],[-111.8822,45.3531],[-111.9778,45.4467],[-112.05,45.5514],[-112.0953,45.6644],[-112.1039,45.7275],[-111.9964,46.1022],[-111.9886,46.1142],[-111.9422,46.1608],[-111.9111,46.1922],[-111.8897,46.1925]]]]}},{"type":"Feature","properties":{"id":"C90","name":"CHICAGO APPROACH","prefixes":["CHI"],"labelLat":41.9252,"labelLon":-87.91,"artcc":"ZAU"},"geometry":{"type":"MultiPolygon","coordinates":[[[[-88.4611,42.5],[-88.3289,42.5],[-88.275,42.5],[-87.5833,42.5],[-87.4294,42.5],[-87.4139,42.3347],[-87.3167,42.34],[-87,42.3569],[-87.0583,42.2361],[-87.0594,42.0689],[-87.0583,42.0256],[-87.0583,41.7],[-87.1342,41.4342],[-87.1367,41.4311],[-87.2019,41.3503],[-87.3306,41.3806],[-87.4278,41.4056],[-87.5261,41.425],[-87.6222,41.4222],[-87.8008,41.4144],[-87.9539,41.4086],[-88.2167,41.3972],[-88.25,41.4022],[-88.3014,41.4097],[-88.4792,41.4344],[-88.6389,41.6625],[-88.7333,41.6639],[-88.7458,41.6806],[-88.82,41.7933],[-88.8194,41.8472],[-88.8189,41.8686],[-88.8197,42.0311],[-88.6489,42.2158],[-88.5444,42.3094],[-88.4611,42.5]]]]}},{"type":"Feature","properties":{"id":"CAE","name":"COLUMBIA APPROACH","prefixes":["CAE"],"labelLat":33.8668,"labelLon":-81.2781,"artcc":"ZJX"},"geometry":{"type":"MultiPolygon","coordinates":[[[[-81.2333,34.5083],[-80.8517,34.5922],[-80.7553,34.2669],[-80.8697,34.0844],[-80.8622,33.7717],[-80.6644,33.3756],[-80.7497,33.3364],[-80.8947,33.1414],[-81.4581,33.3564],[-81.6447,33.7786],[-81.8044,33.9853],[-81.8917,34.0833],[-81.8333,34.3],[-81.3708,34.475],[-81.2333,34.5083]]]]}},{"type":"Feature","properties":{"id":"CBM","name":"COLUMBUS APPROACH","prefixes":["CBM"],"labelLat":33.618,"labelLon":-88.4333,"artcc":"ZME"},"geometry":{"type":"MultiPolygon","coordinates":[[[[-87.9861,33.0431],[-88.2875,32.8528],[-88.4,33.0583],[-88.4306,33.2],[-88.825,33.2222],[-88.9992,33.2094],[-89.1356,33.3925],[-89.3,33.3903],[-89.2917,33.5583],[-89.2167,33.925],[-89.0306,34.1111],[-88.75,34.3833],[-88.3917,34.2444],[-88.2833,34.2],[-88.0667,34.1167],[-87.5667,33.8903],[-87.5917,33.6708],[-87.6139,33.5125],[-87.6167,33.4458],[-87.6333,33.3167],[-87.6742,33.2861],[-87.725,33.2417],[-87.8083,33.1833],[-87.9861,33.0431]]]]}},{"type":"Feature","properties":{"id":"CHA","name":"CHATTANOOGA APPROACH","prefixes":["CHA"],"labelLat":35.0597,"labelLon":-85.1959,"artcc":"ZTL"},"geometry":{"type":"MultiPolygon","coordinates":[[[[-85.2583,35.5375],[-84.8444,35.5833],[-84.5278,35.3361],[-84.4611,35.2833],[-84.6306,34.6361],[-84.9472,34.5361],[-84.9722,34.5361],[-85.3583,34.5361],[-85.9306,34.8111],[-85.7917,34.975],[-85.5,35.3333],[-85.2583,35.5375]]]]}},{"type":"Feature","properties":{"id":"CHS","name":"CHARLESTON APPROACH","prefixes":["CHS"],"labelLat":32.9585,"labelLon":-80.0697,"artcc":"ZJX"},"geometry":{"type":"MultiPolygon","coordinates":[[[[-80.6644,33.3756],[-80.625,33.2931],[-80.2056,33.375],[-79.975,33.4125],[-79.7903,33.4056],[-79.5833,33.3958],[-79.4375,33.2917],[-79.1858,33.0933],[-79.2831,33.0003],[-79.5567,32.6253],[-79.7575,32.7028],[-80.1331,32.5044],[-80.2497,32.5128],[-80.3581,32.5669],[-80.4506,32.6192],[-80.5083,32.7667],[-80.4667,32.8625],[-80.8236,32.8958],[-80.8972,32.9028],[-80.9536,32.9078],[-80.8947,33.1414],[-80.7497,33.3364]]]]}},{"type":"Feature","properties":{"id":"CID","name":"CEDAR RAPIDS APPROACH","prefixes":["CID"],"labelLat":41.8243,"labelLon":-91.6312,"artcc":"ZAU"},"geometry":{"type":"MultiPolygon","coordinates":[[[[-92.2853,42.1992],[-91.7042,42.25],[-91.7,42.3],[-91.15,42.3417],[-90.9936,42.09],[-90.9583,42.0439],[-90.925,42],[-90.925,41.8458],[-91.3417,41.35],[-91.8167,41.3194],[-92.0161,41.3069],[-92.2833,41.6417],[-92.3208,41.9667],[-92.3375,42.125],[-92.2853,42.1992]]]]}},{"type":"Feature","properties":{"id":"CKB","name":"CLARKSBURG APPROACH","prefixes":["CKB"],"labelLat":39.3383,"labelLon":-80.2,"artcc":"ZOB"},"geometry":{"type":"MultiPolygon","coordinates":[[[[-80.4806,40.0278],[-80.4008,40.0081],[-80.2328,39.9911],[-80.0642,40.0081],[-79.9069,40.0575],[-79.8136,40.1072],[-79.5806,40.045],[-79.2083,39.5833],[-79.2333,39.4667],[-79.2722,39.3],[-79.375,39.1417],[-79.4208,39.05],[-79.6333,38.7],[-80,38.7],[-80.6125,38.5694],[-80.9917,38.9417],[-80.7778,39.3167],[-81.1028,39.5042],[-81.1917,39.55],[-80.6333,39.9],[-80.4806,40.0278]]]]}},{"type":"Feature","properties":{"id":"CLE","name":"CLEVELAND APPROACH","prefixes":["CLE"],"labelLat":41.1593,"labelLon":-82.1061,"artcc":"ZOB"},"geometry":{"type":"MultiPolygon","coordinates":[[[[-83.65,40.7375],[-83.5,40.5583],[-83.3333,40.5083],[-83.1622,40.5206],[-83.0619,40.5278],[-82.7417,40.55],[-82.5917,40.5542],[-82.3444,40.5736],[-82.1667,40.5875],[-81.8917,40.6],[-81.7833,40.6],[-81.7544,40.5272],[-81.6997,40.3872],[-80.8467,40.3186],[-80.8642,40.3603],[-80.8878,40.4894],[-80.8667,40.6192],[-80.8375,40.6833],[-80.8022,40.7403],[-80.6967,40.8464],[-80.5622,40.9278],[-80.925,41.0667],[-81.1083,41.2583],[-81.0961,41.3039],[-81.0694,41.4056],[-81.0553,41.4433],[-81.0633,41.5872],[-80.8722,41.6417],[-80.9875,41.7644],[-81.2111,42],[-81.4833,41.8833],[-81.5558,41.8447],[-82.1569,41.9219],[-82.5433,41.9697],[-82.5972,41.8917],[-82.6214,41.8644],[-82.6506,41.8281],[-82.6844,41.7969],[-82.7211,41.7669],[-82.7597,41.7389],[-82.7906,41.7183],[-82.8917,41.6644],[-82.8483,41.3458],[-83.0172,41.2503],[-83.005,41.0697],[-83.1833,41.025],[-83.3542,40.9875],[-83.65,40.7375]]]]}},{"type":"Feature","properties":{"id":"CLT","name":"CHARLOTTE APPROACH","prefixes":["CLT"],"labelLat":35.1013,"labelLon":-80.8625,"artcc":"ZTL"},"geometry":{"type":"MultiPolygon","coordinates":[[[[-81.2322,35.6892],[-80.5917,35.8083],[-80.2292,35.5],[-80,35.3],[-80,35.1083],[-80.1472,34.8556],[-80.1797,34.7586],[-80.3436,34.6869],[-80.4528,34.6389],[-80.4994,34.6694],[-80.5783,34.7033],[-80.7242,34.6442],[-80.8517,34.5922],[-81.2417,34.4322],[-81.3333,34.3944],[-81.3708,34.475],[-81.7111,35.2125],[-81.725,35.2389],[-81.7211,35.255],[-81.6792,35.4317],[-81.6667,35.4833],[-81.5542,35.5861],[-81.4361,35.6292],[-81.3528,35.6589],[-81.2322,35.6892]]]]}},{"type":"Feature","properties":{"id":"CMH","name":"COLUMBUS APPROACH","prefixes":["CMH","CMH_C","DAY"],"labelLat":40.0057,"labelLon":-83.6794,"artcc":"ZID"},"geometry":{"type":"MultiPolygon","coordinates":[[[[-83.5667,40.4],[-83.5,40.5583],[-83.3333,40.5083],[-83.1622,40.5206],[-83.0619,40.5278],[-82.7417,40.55],[-82.5917,40.5542],[-82.3444,40.5736],[-82.3667,40.5083],[-82.125,40.2542],[-82.1889,39.6833],[-82.2056,39.5333],[-82.4956,39.4739],[-82.825,39.4056],[-83.1228,39.4361],[-83.2944,39.3722],[-83.3678,39.4611],[-83.4633,39.5761],[-83.5495,39.8468],[-83.5667,40.4]]],[[[-84.3875,40.6],[-84.3472,40.8631],[-83.7458,40.7833],[-83.65,40.7375],[-83.5,40.5583],[-83.3333,40.5083],[-83.1622,40.5206],[-83.0619,40.5278],[-82.7417,40.55],[-82.5917,40.5542],[-82.3444,40.5736],[-82.3667,40.5083],[-82.125,40.2542],[-82.1889,39.6833],[-82.2056,39.5333],[-82.4956,39.4739],[-82.825,39.4056],[-83.1228,39.4361],[-83.2944,39.3722],[-83.8867,39.1483],[-83.8833,39.1792],[-83.9139,39.2933],[-83.9669,39.4789],[-84.205,39.5228],[-84.2956,39.5389],[-84.725,39.5833],[-84.8469,39.5825],[-85.2339,39.5789],[-85.225,39.775],[-85.1917,39.9861],[-85.1858,40],[-85.1575,40.0831],[-85.0917,40.3],[-84.825,40.4083],[-84.3875,40.6]]],[[[-84.3875,40.6],[-84.3472,40.8631],[-83.7458,40.7833],[-83.65,40.7375],[-83.5,40.5583],[-83.5667,40.4],[-83.5495,39.8468],[-83.4633,39.5761],[-83.3678,39.4611],[-83.2944,39.3722],[-83.8867,39.1483],[-83.8833,39.1792],[-83.9139,39.2933],[-83.9669,39.4789],[-84.205,39.5228],[-84.2956,39.5389],[-84.725,39.5833],[-84.8469,39.5825],[-85.2339,39.5789],[-85.225,39.775],[-85.1917,39.9861],[-85.1858,40],[-85.1575,40.0831],[-85.0917,40.3],[-84.825,40.4083],[-84.3875,40.6]]]]}},{"type":"Feature","properties":{"id":"CMI","name":"CHAMPAIGN APPROACH","prefixes":["CMI"],"labelLat":39.9292,"labelLon":-88.2479,"artcc":"ZAU"},"geometry":{"type":"MultiPolygon","coordinates":[[[[-89.1833,40.0167],[-89.2458,40.075],[-88.8583,40.2833],[-88.7017,40.37],[-88.5667,40.4417],[-88.0875,40.5083],[-87.4042,40.4917],[-87.3833,40.3833],[-87.25,40.3],[-87.8417,39.7167],[-87.9667,39.4167],[-88.1292,39.3861],[-88.3208,39.35],[-89.15,39.5667],[-89.2167,39.8083],[-89.1847,40],[-89.1833,40.0167]]]]}},{"type":"Feature","properties":{"id":"COS","name":"COLORADO SPRINGS APPROACH","prefixes":["COS"],"labelLat":38.8162,"labelLon":-104.5653,"artcc":"ZDV"},"geometry":{"type":"MultiPolygon","coordinates":[[[[-104.2525,39.1967],[-104.2064,39.1025],[-104.0833,38.85],[-104.0536,38.6008],[-104.0456,38.4992],[-104.0753,38.4986],[-104.25,38.4833],[-104.8167,38.4375],[-104.9589,38.4356],[-105.0044,38.4439],[-104.9869,38.5411],[-104.95,38.7044],[-105.0542,38.9775],[-105.085,39.1289],[-104.8667,39.1131],[-104.7744,39.1044],[-104.7017,39.1683],[-104.3286,39.1692],[-104.2525,39.1967]]]]}},{"type":"Feature","properties":{"id":"CPR","name":"CASPER APPROACH","prefixes":["CPR"],"labelLat":42.9286,"labelLon":-106.4028,"artcc":"ZDV"},"geometry":{"type":"MultiPolygon","coordinates":[[[[-107.0389,43.2347],[-106.4411,43.5083],[-106.1164,43.3669],[-105.8458,43.2125],[-105.7667,42.6222],[-106.4097,42.3489],[-106.9625,42.6361],[-107.0389,43.2347]]]]}},{"type":"Feature","properties":{"id":"CPTL","name":"OTTAWA & QUEBEC TERMINALS","prefixes":["CPTL"],"labelLat":45.9728,"labelLon":-73.5238},"geometry":{"type":"MultiPolygon","coordinates":[[[[-75.009,45.3531],[-75.008,45.3369],[-75.0084,45.3043],[-75.012,45.2718],[-75.015,45.2557],[-75.0233,45.2237],[-75.0348,45.1921],[-75.0494,45.1612],[-75.0578,45.1461],[-75.0596,45.1433],[-75.0768,45.1164],[-75.0874,45.102],[-75.0987,45.0878],[-75.1107,45.0739],[-75.1234,45.0603],[-75.1367,45.047],[-75.1506,45.034],[-75.1652,45.0215],[-75.1803,45.0092],[-75.2124,44.9859],[-75.2293,44.9749],[-75.2646,44.9541],[-75.283,44.9444],[-75.3211,44.9263],[-75.3408,44.9179],[-75.3813,44.9028],[-75.4021,44.8959],[-75.4233,44.8896],[-75.5026,44.8666],[-75.655,44.8408],[-76.2129,44.7396],[-76.2239,44.9627],[-76.2356,45.1667],[-76.25,45.5167],[-76.2586,45.682],[-76.2667,45.8375],[-75.9005,45.776],[-75.6758,45.7389],[-75.1172,45.6444],[-75.1015,45.6081],[-75.0261,45.4336],[-75.009,45.3531]]],[[[-72.0664,46.8583],[-71.8611,47.1517],[-71.8083,47.1014],[-71.6957,47.1498],[-71.599,47.1807],[-71.4958,47.1996],[-71.3893,47.206],[-71.2828,47.1996],[-71.1797,47.1807],[-71.083,47.1498],[-70.9958,47.1078],[-70.9208,47.0562],[-70.8603,46.9965],[-70.816,46.9304],[-70.7892,46.8601],[-70.7808,46.7877],[-70.7908,46.7154],[-70.819,46.6454],[-70.8643,46.5798],[-70.9255,46.5206],[-71.0005,46.4695],[-71.0871,46.4281],[-71.1827,46.3976],[-71.3028,46.3844],[-71.4083,46.2083],[-71.5,46.2],[-72,46.5167],[-72.1333,46.7667],[-72.0664,46.8583]]]]}},{"type":"Feature","properties":{"id":"CRP","name":"CORPUS APPROACH","prefixes":["CRP"],"labelLat":27.6097,"labelLon":-97.264,"artcc":"ZHU"},"geometry":{"type":"MultiPolygon","coordinates":[[[[-97.9667,28.0333],[-98,28.1333],[-97.9044,28.1789],[-97.7417,28.2625],[-97.5997,28.2667],[-97.1917,28.2833],[-96.9083,28.2389],[-96.5281,28.0514],[-96.5917,28],[-96.75,27.8667],[-96.8306,27.7686],[-96.7667,27.4667],[-96.9333,27.25],[-97.0889,27.3458],[-97.1125,27.2806],[-97.1458,27.1583],[-97.1597,27.0208],[-97.1503,26.9361],[-97.7717,26.9694],[-97.7422,27.08],[-97.6333,27.4667],[-97.6,27.6],[-97.7333,27.7583],[-97.9383,28],[-97.9667,28.0333]]]]}},{"type":"Feature","properties":{"id":"CRW","name":"CHARLESTON APPROACH","prefixes":["CRW"],"labelLat":38.2355,"labelLon":-81.4229,"artcc":"ZID"},"geometry":{"type":"MultiPolygon","coordinates":[[[[-82.2333,38.1403],[-82.2128,37.9614],[-82.2086,37.9242],[-81.9583,37.85],[-81.2833,37.6417],[-80.825,37.5292],[-80.7894,37.7083],[-80.7167,38.0417],[-80.6447,38.3825],[-80.6125,38.5694],[-80.9917,38.9417],[-81.05,38.9361],[-81.4125,38.8736],[-81.7,38.8542],[-81.9,38.8333],[-81.8792,38.7],[-82.0153,38.5444],[-82.1333,38.4375],[-82.2333,38.1403]]]]}},{"type":"Feature","properties":{"id":"CVG","name":"CINCINNATI APPROACH","prefixes":["CVG"],"labelLat":39.0101,"labelLon":-84.6918,"artcc":"ZID"},"geometry":{"type":"MultiPolygon","coordinates":[[[[-85.2339,39.5789],[-84.8469,39.5825],[-84.725,39.5833],[-84.2956,39.5389],[-84.205,39.5228],[-83.9669,39.4789],[-83.9139,39.2933],[-83.8833,39.1792],[-83.8867,39.1483],[-83.9125,38.9111],[-83.9439,38.7689],[-84.0183,38.4369],[-84.3878,38.4517],[-84.9667,38.4733],[-85.1019,38.5257],[-85.2714,38.5935],[-85.2915,38.601],[-85.3136,38.6103],[-85.4622,38.6683],[-85.4609,38.8335],[-85.4605,38.9172],[-85.4987,38.9563],[-85.5,39.0833],[-85.5003,39.4556],[-85.3175,39.5781],[-85.2339,39.5789]]]]}},{"type":"Feature","properties":{"id":"CVS","name":"CLOVIS APPROACH","prefixes":["CVS"],"labelLat":34.3875,"labelLon":-103.2125,"artcc":"ZAB"},"geometry":{"type":"MultiPolygon","coordinates":[[[[-103.9167,34.65],[-103.9167,35.0269],[-103.5,35.0417],[-102.9833,35.1375],[-102.8167,34.8083],[-102.325,34.55],[-102.6625,34.3889],[-102.8,34.3167],[-103.3667,33.775],[-103.4083,33.7194],[-103.4875,33.6375],[-104.1,33.8292],[-103.9167,34.0833],[-103.9167,34.65]]]]}},{"type":"Feature","properties":{"id":"CYBG","name":"BAGOTVILLE TERMINAL","prefixes":["CYBG"],"labelLat":48.3306,"labelLon":-70.9966},"geometry":{"type":"MultiPolygon","coordinates":[[[[-72.1237,48.3355],[-72.1195,48.4008],[-72.1067,48.4656],[-72.0854,48.5295],[-72.0557,48.5918],[-72.0178,48.6522],[-71.972,48.7102],[-71.9186,48.7653],[-71.858,48.8171],[-71.8438,48.8272],[-71.7907,48.8651],[-71.7171,48.9091],[-71.6378,48.9487],[-71.5535,48.9835],[-71.4648,49.0132],[-71.3724,49.0377],[-71.2769,49.0568],[-71.1793,49.0702],[-71.1508,49.0728],[-71.0802,49.078],[-70.9804,49.08],[-70.8808,49.0761],[-70.782,49.0666],[-70.685,49.0513],[-70.5905,49.0305],[-70.4991,49.0043],[-70.4118,48.9729],[-70.329,48.9365],[-70.2515,48.8955],[-70.1798,48.8502],[-70.1146,48.8009],[-70.0563,48.748],[-70.0111,48.6984],[-70.0053,48.692],[-69.962,48.6332],[-69.9267,48.5721],[-69.8996,48.5092],[-69.881,48.445],[-69.871,48.38],[-69.8695,48.3146],[-69.8766,48.2494],[-69.8839,48.2269],[-70.1556,48.075],[-70.6597,47.6161],[-70.8353,47.5908],[-70.9151,47.5831],[-71.012,47.5812],[-71.1087,47.5849],[-71.2045,47.5942],[-71.299,47.609],[-71.3912,47.6293],[-71.4805,47.6548],[-71.5663,47.6854],[-71.648,47.7208],[-71.7166,47.7559],[-71.7248,47.7609],[-71.7963,47.8052],[-71.8619,47.8536],[-71.921,47.9056],[-71.9733,47.9607],[-72.0184,48.0188],[-72.0558,48.0792],[-72.0852,48.1415],[-72.1065,48.2054],[-72.1193,48.2702],[-72.1237,48.3355]]]]}},{"type":"Feature","properties":{"id":"CYEG","name":"EDMONTON ARRIVAL/DEPARTURE","prefixes":["CYEG"],"labelLat":53.3217,"labelLon":-113.5796},"geometry":{"type":"MultiPolygon","coordinates":[[[[-114.1987,53.5015],[-114.3562,53.5016],[-114.5028,53.5014],[-114.543,53.4055],[-114.5551,53.3039],[-114.5402,53.2029],[-114.494,53.1045],[-114.4213,53.0133],[-114.3186,52.9285],[-114.2023,52.8595],[-114.0615,52.8013],[-113.9056,52.7619],[-113.7493,52.7341],[-113.5805,52.7261],[-113.4117,52.7334],[-113.2486,52.7595],[-113.0967,52.8013],[-112.9579,52.8594],[-112.8399,52.9309],[-112.743,53.0146],[-112.6669,53.105],[-112.6209,53.2027],[-112.6041,53.3039],[-112.6157,53.4048],[-112.6578,53.5039],[-112.7267,53.5963],[-112.8245,53.6804],[-112.9457,53.7531],[-113.0849,53.8107],[-113.2411,53.8557],[-113.4098,53.8821],[-113.5795,53.8913],[-113.6591,53.8891],[-113.7074,53.9028],[-113.7781,53.9135],[-113.8532,53.9172],[-113.9259,53.9135],[-113.9972,53.9023],[-114.0639,53.8837],[-114.1242,53.8589],[-114.1767,53.8272],[-114.2191,53.7915],[-114.2492,53.7521],[-114.2687,53.71],[-114.2749,53.6676],[-114.2675,53.6236],[-114.2483,53.5817],[-114.1987,53.5015]]]]}},{"type":"Feature","properties":{"id":"CYHZ","name":"HALIFAX TERMINAL","prefixes":["CYHZ"],"labelLat":44.794,"labelLon":-63.4311},"geometry":{"type":"MultiPolygon","coordinates":[[[[-64.4544,45.2253],[-64.5008,44.6942],[-64.1856,44.4225],[-64.3619,44.3086],[-64.2411,44.2278],[-64.1331,44.1714],[-64.0228,44.1272],[-63.9031,44.0914],[-63.7814,44.0672],[-63.6303,44.0483],[-63.4936,44.0433],[-63.3381,44.0542],[-63.1958,44.0772],[-63.04,44.1167],[-62.8736,44.1797],[-62.7597,44.2414],[-62.6269,44.3325],[-62.5367,44.4172],[-62.4647,44.5014],[-62.4097,44.5933],[-62.3614,44.7047],[-62.5919,44.7553],[-62.5786,44.8506],[-62.5786,44.945],[-62.5944,45.0144],[-62.6281,45.0992],[-62.675,45.1828],[-62.7425,45.2575],[-62.8275,45.3342],[-62.9233,45.3986],[-63.0361,45.4514],[-63.1678,45.4978],[-63.3031,45.5275],[-63.4342,45.5428],[-63.5642,45.5447],[-63.6975,45.53],[-63.8344,45.5014],[-64.0033,45.4461],[-64.4544,45.2253]]]]}},{"type":"Feature","properties":{"id":"CYLW","name":"KELOWNA APPROACH","prefixes":["CYLW"],"labelLat":49.9,"labelLon":-119.4},"geometry":{"type":"MultiPolygon","coordinates":[[[[-120.5167,49.4675],[-120.5167,49.3314],[-121.0403,48.85],[-120.09,48.835],[-120,49],[-118.6667,49],[-118.4442,50.2486],[-118.45,50.6417],[-118.8536,50.6383],[-119.0365,51.0004],[-119.5007,50.9999],[-119.6767,51.026],[-119.6822,50.9843],[-119.6974,50.9171],[-119.6621,50.8736],[-119.6308,50.8203],[-119.6123,50.7727],[-119.6006,50.7162],[-119.5985,50.6675],[-119.6102,50.6031],[-119.6274,50.5553],[-119.6511,50.5086],[-119.6851,50.4645],[-119.7165,50.4303],[-119.7506,50.4179],[-119.7894,50.4025],[-119.8071,50.3936],[-119.8398,50.3782],[-119.8596,50.3655],[-119.9063,50.3347],[-119.9432,50.3046],[-119.9726,50.2756],[-120.1067,50.2389],[-120.2073,50.2237],[-120.3092,50.2168],[-120.4002,50.2184],[-120.4637,50.2237],[-120.5149,50.2308],[-120.5629,50.2403],[-120.6113,50.2512],[-120.6495,50.2614],[-120.6857,50.2732],[-121.035,49.9761],[-120.7819,49.7287],[-120.7819,49.7286],[-120.5167,49.4694],[-120.5167,49.4675]]]]}},{"type":"Feature","properties":{"id":"CYMJ","name":"MOOSE JAW TERMINAL","prefixes":["CYMJ"],"labelLat":49.8386,"labelLon":-105.8897},"geometry":{"type":"MultiPolygon","coordinates":[[[[-107.2794,49.9533],[-107.2769,49.9493],[-107.2175,49.8561],[-107.1457,49.7659],[-107.0621,49.68],[-106.9677,49.5991],[-106.863,49.5237],[-106.7489,49.4545],[-106.6263,49.3918],[-106.4961,49.3362],[-106.3592,49.288],[-106.2166,49.2476],[-106.0693,49.2153],[-105.9185,49.1913],[-105.7652,49.1758],[-105.6104,49.1688],[-105.4553,49.1705],[-105.3009,49.1809],[-105.1484,49.1997],[-104.9989,49.227],[-104.8533,49.2626],[-104.7129,49.3061],[-104.5785,49.3572],[-104.5,49.3897],[-104.5,49.7231],[-104.5,50.1417],[-105,50.275],[-105.4583,50.5083],[-105.7583,50.4667],[-106.2542,50.35],[-106.8111,50.325],[-106.9917,50.2958],[-107.2794,49.9533]]]]}},{"type":"Feature","properties":{"id":"CYOD","name":"COLD LAKE TERMINAL","prefixes":["CYOD"],"labelLat":54.3961,"labelLon":-110.2964},"geometry":{"type":"MultiPolygon","coordinates":[[[[-111.7056,54.9836],[-111.8401,54.849],[-111.9392,54.7027],[-111.9983,54.5519],[-112.0115,54.3951],[-111.9834,54.2358],[-111.9138,54.0875],[-111.808,53.9447],[-111.7526,53.8914],[-111.6672,53.8122],[-111.491,53.6922],[-111.2885,53.5942],[-111.058,53.5162],[-110.8138,53.4554],[-110.5569,53.422],[-110.2944,53.4089],[-109.7778,53.4537],[-109.5372,53.5129],[-109.4933,53.5317],[-109.3125,53.5933],[-109.1005,53.6951],[-108.9318,53.8105],[-108.7832,53.9421],[-108.6754,54.088],[-108.6081,54.2384],[-108.5813,54.393],[-108.5986,54.5497],[-108.655,54.7015],[-108.7488,54.8471],[-108.8896,54.9829],[-109.0589,55.1044],[-109.2707,55.2077],[-109.6538,55.3296],[-109.9682,55.3696],[-110.3277,55.3832],[-110.6323,55.3676],[-110.9455,55.3303],[-111.0932,55.2938],[-111.3293,55.2099],[-111.5345,55.1065],[-111.7056,54.9836]]]]}},{"type":"Feature","properties":{"id":"CYOW","name":"OTTAWA ARRIVAL/DEPARTURE","prefixes":["CYOW"],"labelLat":45.2886,"labelLon":-75.5945},"geometry":{"type":"MultiPolygon","coordinates":[[[[-74.9223,45.0857],[-74.9667,45.0667],[-74.95,44.9806],[-75.0367,44.9453],[-75.5026,44.8666],[-75.655,44.8408],[-76.2129,44.7396],[-76.2239,44.9627],[-76.2356,45.1667],[-76.25,45.5167],[-76.2586,45.682],[-76.2667,45.8375],[-75.9005,45.776],[-75.6758,45.7389],[-75.1172,45.6444],[-75.1015,45.6081],[-75.0261,45.4336],[-75.009,45.3531],[-75.008,45.3369],[-75.0084,45.3043],[-75.012,45.2718],[-75.015,45.2557],[-75.0233,45.2237],[-75.0348,45.1921],[-75.0494,45.1612],[-75.0578,45.1461],[-75.0596,45.1433],[-74.9223,45.0857]]]]}},{"type":"Feature","properties":{"id":"CYQB","name":"QUEBEC TERMINAL","prefixes":["CYQB"],"labelLat":46.703,"labelLon":-71.4571},"geometry":{"type":"MultiPolygon","coordinates":[[[[-72.1333,46.7667],[-72,46.5167],[-71.5,46.2],[-71.4083,46.2083],[-71.3028,46.3844],[-71.1827,46.3976],[-71.0871,46.4281],[-71.0005,46.4695],[-70.9255,46.5206],[-70.8643,46.5798],[-70.819,46.6454],[-70.7908,46.7154],[-70.7808,46.7877],[-70.7892,46.8601],[-70.816,46.9304],[-70.8603,46.9965],[-70.9208,47.0562],[-70.9958,47.1078],[-71.083,47.1498],[-71.1797,47.1807],[-71.2828,47.1996],[-71.3893,47.206],[-71.4958,47.1996],[-71.599,47.1807],[-71.6957,47.1498],[-71.8083,47.1014],[-71.8611,47.1517],[-72.0664,46.8583],[-72.1333,46.7667]]]]}},{"type":"Feature","properties":{"id":"CYQM","name":"MONCTON CENTRE","prefixes":["CYQM"],"labelLat":45.6755,"labelLon":-65.0847},"geometry":{"type":"MultiPolygon","coordinates":[[[[-67.2167,46.2],[-67.2167,46.1431],[-67.5833,45.825],[-67.8069,45.7833],[-67.775,45.625],[-67.3492,45.2489],[-67,44.9333],[-67,44.6833],[-66.9996,44.5043],[-65.7608,44.6753],[-65.4494,44.7906],[-64.4544,45.2253],[-64.0033,45.4461],[-63.8344,45.5014],[-63.6975,45.53],[-63.5642,45.5447],[-63.4342,45.5428],[-63.3031,45.5275],[-63.1678,45.4978],[-63.0361,45.4514],[-62.3625,46.2814],[-62.9503,46.8467],[-64.0972,46.6925],[-65.3097,46.5136],[-67.2167,46.2]]]]}},{"type":"Feature","properties":{"id":"CYQQ","name":"COMOX APPROACH","prefixes":["CYQQ"],"labelLat":49.8,"labelLon":-125.2},"geometry":{"type":"MultiPolygon","coordinates":[[[[-123.9577,49.4821],[-124.1343,49.6133],[-124.3256,49.7542],[-124.0829,49.891],[-123.9498,50.4924],[-123.8347,50.9997],[-125.533,51.0042],[-126.1711,51.0058],[-125.9126,49.9391],[-125.8475,49.6701],[-125.8302,49.6029],[-125.8099,49.5707],[-125.7764,49.5074],[-125.7228,49.4495],[-125.6977,49.4193],[-125.6498,49.3789],[-125.5965,49.3414],[-125.5385,49.307],[-125.476,49.2761],[-125.4095,49.2487],[-125.3397,49.2252],[-125.2669,49.2057],[-125.1918,49.1904],[-125.1031,49.1791],[-125.0368,49.1728],[-124.9581,49.1706],[-124.8794,49.1728],[-124.8013,49.1794],[-124.7244,49.1904],[-124.6493,49.2057],[-124.5765,49.2252],[-124.314,49.3163],[-124.003,49.4214],[-123.9909,49.4415],[-123.9577,49.4821]]]]}},{"type":"Feature","properties":{"id":"CYQT","name":"THUNDER BAY TERMINAL","prefixes":["CYQT"],"labelLat":48.373,"labelLon":-89.3209},"geometry":{"type":"MultiPolygon","coordinates":[[[[-89.4452,47.796],[-89.3701,47.7909],[-89.2944,47.7903],[-89.2189,47.794],[-89.1441,47.8021],[-89.0707,47.8145],[-88.9991,47.8311],[-88.9299,47.8518],[-88.8636,47.8765],[-88.8006,47.9048],[-88.7415,47.9367],[-88.6867,47.9719],[-88.6366,48.0102],[-88.5917,48.0512],[-88.5521,48.0947],[-88.5184,48.1403],[-88.4906,48.1876],[-88.4691,48.2364],[-88.4541,48.2863],[-88.4456,48.3368],[-88.4437,48.3877],[-88.4485,48.4384],[-88.46,48.4887],[-88.4781,48.5381],[-88.5027,48.5863],[-88.5336,48.6329],[-88.5706,48.6775],[-88.6133,48.7198],[-88.6616,48.7595],[-88.715,48.7962],[-88.7732,48.8296],[-88.8356,48.8596],[-88.9018,48.8859],[-88.9714,48.9082],[-89.0436,48.9264],[-89.1181,48.9403],[-89.1941,48.9499],[-89.2712,48.955],[-89.3486,48.9557],[-89.4258,48.9518],[-89.5023,48.9435],[-89.5772,48.9309],[-89.6502,48.9139],[-89.7206,48.8928],[-89.7878,48.8676],[-89.8514,48.8387],[-89.9108,48.8063],[-89.9657,48.7705],[-90.0155,48.7316],[-90.0986,48.6461],[-90.1577,48.5523],[-90.1777,48.5032],[-90.1911,48.4531],[-90.1979,48.4024],[-90.198,48.3516],[-90.1914,48.3009],[-90.1782,48.2508],[-90.1586,48.2017],[-90.1326,48.1539],[-90.1006,48.1077],[-90.0193,48.0218],[-89.9706,47.9828],[-89.9172,47.9466],[-89.8593,47.9137],[-89.7974,47.8843],[-89.732,47.8586],[-89.6636,47.8367],[-89.5926,47.8189],[-89.5197,47.8053],[-89.4452,47.796]]]]}},{"type":"Feature","properties":{"id":"CYQX","name":"GANDER TERMINAL","prefixes":["CYQX"],"labelLat":48.9334,"labelLon":-54.5833},"geometry":{"type":"MultiPolygon","coordinates":[[[[-54.5833,49.6],[-54.7595,49.5899],[-54.9304,49.5598],[-55.0907,49.5107],[-55.2356,49.444],[-55.3607,49.3619],[-55.4622,49.2667],[-55.5369,49.1613],[-55.5827,49.0491],[-55.5981,48.9333],[-55.5827,48.8176],[-55.5369,48.7053],[-55.4622,48.6],[-55.3607,48.5048],[-55.2356,48.4226],[-55.0907,48.356],[-54.9304,48.3069],[-54.7595,48.2768],[-54.5833,48.2667],[-54.4071,48.2768],[-54.2362,48.3069],[-54.0759,48.356],[-53.931,48.4226],[-53.8059,48.5048],[-53.7045,48.6],[-53.6297,48.7053],[-53.5839,48.8176],[-53.5685,48.9333],[-53.5839,49.0491],[-53.6297,49.1613],[-53.7045,49.2667],[-53.8059,49.3618],[-53.931,49.444],[-54.0759,49.5107],[-54.2362,49.5598],[-54.4071,49.5899],[-54.5833,49.6]]]]}},{"type":"Feature","properties":{"id":"CYS","name":"CHEYENNE APPROACH","prefixes":["CYS"],"labelLat":41.1375,"labelLon":-104.6636,"artcc":"ZDV"},"geometry":{"type":"MultiPolygon","coordinates":[[[[-104.9656,40.9194],[-105.1708,41.0667],[-105.1389,41.4],[-104.85,41.5],[-104.1803,41.3458],[-104.1564,41.1767],[-104.3658,40.9308],[-104.4556,40.8],[-104.5333,40.775],[-104.8,40.8],[-104.9656,40.9194]]]]}},{"type":"Feature","properties":{"id":"CYSJ","name":"MONCTON CENTRE","prefixes":["CYSJ"],"labelLat":45.6755,"labelLon":-65.0847},"geometry":{"type":"MultiPolygon","coordinates":[[[[-67.2167,46.2],[-67.2167,46.1431],[-67.5833,45.825],[-67.8069,45.7833],[-67.775,45.625],[-67.3492,45.2489],[-67,44.9333],[-67,44.6833],[-66.9996,44.5043],[-65.7608,44.6753],[-65.4494,44.7906],[-64.4544,45.2253],[-64.0033,45.4461],[-63.8344,45.5014],[-63.6975,45.53],[-63.5642,45.5447],[-63.4342,45.5428],[-63.3031,45.5275],[-63.1678,45.4978],[-63.0361,45.4514],[-62.3625,46.2814],[-62.9503,46.8467],[-64.0972,46.6925],[-65.3097,46.5136],[-67.2167,46.2]]]]}},{"type":"Feature","properties":{"id":"CYTR","name":"TRENTON TERMINAL","prefixes":["CYTR"],"labelLat":44.2844,"labelLon":-77.6128},"geometry":{"type":"MultiPolygon","coordinates":[[[[-76.4597,44.0564],[-76.7186,44.1245],[-76.7207,44.1669],[-76.7292,44.2174],[-76.7439,44.2672],[-76.7646,44.3159],[-76.7911,44.3631],[-76.8233,44.4084],[-76.861,44.4515],[-76.8628,44.4533],[-77.5547,44.2978],[-77.6128,44.2844],[-78.3295,44.0402],[-78.3242,44.0148],[-78.3082,43.9652],[-78.2864,43.9168],[-78.2589,43.87],[-78.2259,43.8251],[-78.1877,43.7824],[-78.1445,43.7422],[-78.0967,43.705],[-78.0447,43.6708],[-77.9888,43.6401],[-77.9775,43.6347],[-77.1767,43.6322],[-76.7967,43.6311],[-76.4597,44.0564]]]]}},{"type":"Feature","properties":{"id":"CYUL","name":"MONTREAL ARRIVAL/DEPARTURE","prefixes":["CYUL"],"labelLat":45.4371,"labelLon":-73.8701},"geometry":{"type":"MultiPolygon","coordinates":[[[[-73.6333,44.8075],[-73.7169,45.0028],[-73.975,44.9972],[-74.1217,44.9917],[-74.1944,44.9764],[-74.2028,44.9917],[-74.2111,45.0167],[-74.215,45.0406],[-74.2943,45.1057],[-74.3675,45.1688],[-74.4567,45.2459],[-74.4874,45.2723],[-74.5581,45.3333],[-74.5765,45.3553],[-74.6068,45.3932],[-74.6322,45.4329],[-74.6527,45.4739],[-74.668,45.516],[-74.6781,45.5589],[-74.6827,45.6022],[-74.682,45.6457],[-74.6788,45.668],[-74.6758,45.6889],[-74.6644,45.7339],[-74.337,45.8332],[-74.2068,45.8726],[-74.0832,45.9101],[-73.5667,46.0667],[-73.2532,45.9576],[-73.1475,45.9209],[-73.0923,45.7636],[-73.0615,45.6756],[-73.0575,45.6664],[-73.0577,45.5404],[-73.0583,45.0167],[-73.25,45.0125],[-73.4067,45.0097],[-73.4414,44.8081],[-73.6333,44.8075]]]]}},{"type":"Feature","properties":{"id":"CYVR_DEP","name":"VANCOUVER DEPARTURE","prefixes":["CYVR"],"labelLat":48.8675,"labelLon":-122.8321},"geometry":{"type":"MultiPolygon","coordinates":[[[[-123.5734,49.2858],[-124.0808,49.3653],[-123.5833,49.4417],[-123.522,49.4744],[-123.4706,49.5005],[-123.4102,49.5217],[-123.3222,49.5434],[-123.2457,49.5548],[-123.193,49.562],[-123.1148,49.5644],[-123.0336,49.5629],[-122.5639,49.5545],[-122.4631,49.535],[-122.4009,49.5201],[-122.3451,49.5001],[-122.2808,49.47],[-122.2317,49.4415],[-122.1856,49.4113],[-122.1432,49.3735],[-122.1027,49.332],[-122.0723,49.2859],[-122.0515,49.2507],[-122.0449,49.2358],[-121.4943,49.2551],[-121.4818,49.2121],[-121.4739,49.1824],[-121.4711,49.1327],[-121.4717,49.1132],[-121.5449,49.041],[-121.585,49.0021],[-122.1609,48.5122],[-122.1606,48.3824],[-123.0122,48.3821],[-123.0657,48.2529],[-123.1455,48.1705],[-123.2736,48.2124],[-123.3912,48.3055],[-123.5203,48.3553],[-124.0126,48.4135],[-124.0941,48.4846],[-124.1447,48.5537],[-124.1752,49.0205],[-124.1931,49.1008],[-124.1924,49.1459],[-124.1848,49.1904],[-124.0024,49.2522],[-123.5734,49.2858]]]]}},{"type":"Feature","properties":{"id":"CYWG","name":"WINNIPEG ARRIVAL/DEPARTURE","prefixes":["CYWG"],"labelLat":49.9277,"labelLon":-97.4964},"geometry":{"type":"MultiPolygon","coordinates":[[[[-98.0271,50.2144],[-98.0605,50.2245],[-98.0961,50.2333],[-98.1325,50.2405],[-98.1697,50.246],[-98.2073,50.2498],[-98.2453,50.252],[-98.2834,50.2524],[-98.3215,50.2511],[-98.3594,50.2481],[-98.3968,50.2435],[-98.4336,50.2371],[-98.4696,50.2291],[-98.5047,50.2195],[-98.5386,50.2084],[-98.5711,50.1957],[-98.6022,50.1817],[-98.6069,50.1791],[-98.63,50.1252],[-98.6472,50.0623],[-98.6575,49.9988],[-98.6559,49.976],[-98.5083,49.9732],[-98.5153,49.9625],[-98.5212,49.9515],[-98.5258,49.9403],[-98.5292,49.9288],[-98.5313,49.9173],[-98.5322,49.9057],[-98.5318,49.8941],[-98.5302,49.8825],[-98.5273,49.8711],[-98.5232,49.8598],[-98.5179,49.8487],[-98.5113,49.8379],[-98.5037,49.8273],[-98.4949,49.8172],[-98.4851,49.8075],[-98.4742,49.7982],[-98.4624,49.7895],[-98.4496,49.7813],[-98.436,49.7737],[-98.4216,49.7667],[-98.4065,49.7604],[-98.3908,49.7548],[-98.3745,49.7499],[-98.3577,49.7458],[-98.3405,49.7424],[-98.323,49.7398],[-98.3053,49.738],[-98.2874,49.737],[-98.2694,49.7368],[-98.2515,49.7374],[-98.2336,49.7388],[-98.216,49.741],[-98.1986,49.744],[-98.1816,49.7477],[-98.1651,49.7523],[-98.149,49.7575],[-98.1336,49.7635],[-98.1189,49.7701],[-98.1088,49.7754],[-98.0912,49.735],[-98.068,49.6972],[-98.0408,49.6606],[-98.0098,49.6252],[-97.9751,49.5914],[-97.9369,49.5591],[-97.8954,49.5287],[-97.8508,49.5002],[-97.8032,49.4738],[-97.753,49.4496],[-97.7004,49.4277],[-97.6456,49.4082],[-97.5888,49.3912],[-97.5305,49.3768],[-97.4707,49.365],[-97.4099,49.356],[-97.3482,49.3497],[-97.2861,49.3462],[-97.2237,49.3455],[-97.1614,49.3476],[-97.0995,49.3525],[-97.0382,49.3602],[-96.9779,49.3706],[-96.9188,49.3836],[-96.8612,49.3993],[-96.8054,49.4176],[-96.7516,49.4383],[-96.7001,49.4614],[-96.6512,49.4867],[-96.6051,49.5142],[-96.562,49.5437],[-96.5221,49.575],[-96.4857,49.6081],[-96.4528,49.6427],[-96.4237,49.6787],[-96.3985,49.716],[-96.3774,49.7543],[-96.3604,49.7934],[-96.3476,49.8332],[-96.3392,49.8735],[-96.3352,49.914],[-96.3355,49.9547],[-96.3402,49.9952],[-96.3494,50.0354],[-96.3629,50.0751],[-96.3807,50.1141],[-96.4028,50.1522],[-96.4289,50.1892],[-96.4591,50.225],[-96.4932,50.2593],[-96.531,50.292],[-96.5723,50.3229],[-96.6169,50.3519],[-96.6647,50.3788],[-96.7153,50.4035],[-96.7686,50.4259],[-96.8242,50.4458],[-96.8819,50.4632],[-96.9414,50.4779],[-97.0024,50.4899],[-97.0646,50.4992],[-97.1277,50.5056],[-97.1914,50.5092],[-97.2553,50.5099],[-97.3191,50.5077],[-97.3825,50.5027],[-97.4452,50.4949],[-97.5069,50.4842],[-97.5672,50.4709],[-97.6258,50.4548],[-97.6825,50.4361],[-97.737,50.415],[-97.789,50.3914],[-97.8382,50.3656],[-97.8844,50.3377],[-97.9274,50.3077],[-97.967,50.2759],[-98.0029,50.2423],[-98.0271,50.2144]]]]}},{"type":"Feature","properties":{"id":"CYXE","name":"SASKATOON TERMINAL","prefixes":["CYXE"],"labelLat":52.1715,"labelLon":-106.7},"geometry":{"type":"MultiPolygon","coordinates":[[[[-106.8925,52.7421],[-106.9734,52.7297],[-107.0526,52.7129],[-107.129,52.692],[-107.2021,52.6671],[-107.2712,52.6384],[-107.3358,52.6061],[-107.3955,52.5704],[-107.4497,52.5318],[-107.498,52.4903],[-107.5402,52.4465],[-107.5758,52.4006],[-107.6047,52.3529],[-107.6266,52.3039],[-107.6414,52.2539],[-107.649,52.2033],[-107.6494,52.1525],[-107.6425,52.1018],[-107.6286,52.0517],[-107.6076,52.0026],[-107.5798,51.9548],[-107.5454,51.9086],[-107.5046,51.8644],[-107.4579,51.8226],[-107.4055,51.7834],[-107.348,51.7472],[-107.2856,51.7142],[-107.2189,51.6846],[-107.1484,51.6588],[-107.0746,51.6367],[-106.998,51.6187],[-106.9193,51.6049],[-106.8389,51.5953],[-106.7576,51.5901],[-106.6758,51.5892],[-106.5942,51.5927],[-106.5134,51.6006],[-106.4339,51.6127],[-106.3564,51.6291],[-106.2814,51.6495],[-106.2096,51.6739],[-106.1413,51.702],[-106.0771,51.7336],[-106.0176,51.7686],[-105.9631,51.8066],[-105.9141,51.8474],[-105.8709,51.8907],[-105.834,51.9361],[-105.8035,51.9833],[-105.7797,52.032],[-105.763,52.0818],[-105.7533,52.1322],[-105.7507,52.183],[-105.7555,52.2338],[-105.7674,52.2841],[-105.7865,52.3335],[-105.8126,52.3818],[-105.8456,52.4284],[-105.8852,52.4731],[-105.9311,52.5156],[-105.983,52.5554],[-106.0406,52.5923],[-106.1033,52.6259],[-106.1706,52.6561],[-106.2422,52.6826],[-106.3173,52.7051],[-106.3955,52.7235],[-106.4761,52.7377],[-106.5584,52.7475],[-106.6419,52.7529],[-106.7259,52.7537],[-106.8096,52.7501],[-106.8925,52.7421]]]]}},{"type":"Feature","properties":{"id":"CYYC","name":"CALGARY ARRIVAL/DEPARTURE","prefixes":["CYYC"],"labelLat":51.1131,"labelLon":-114.0212},"geometry":{"type":"MultiPolygon","coordinates":[[[[-114.5884,51.4642],[-114.6167,51.4496],[-114.6699,51.4033],[-114.7327,51.3371],[-114.7786,51.2644],[-114.8078,51.1891],[-114.8172,51.1088],[-114.8035,51.0329],[-114.7745,50.9563],[-114.7256,50.8849],[-114.6595,50.8183],[-114.5781,50.7587],[-114.4849,50.7085],[-114.378,50.6686],[-114.264,50.6393],[-114.144,50.6207],[-114.0208,50.6136],[-113.8981,50.62],[-113.7781,50.6376],[-113.6633,50.6672],[-113.5574,50.7078],[-113.4638,50.7592],[-113.3729,50.8286],[-113.3152,50.8844],[-113.2667,50.9569],[-113.2369,51.0321],[-113.2252,51.1102],[-113.2325,51.1885],[-113.2612,51.2634],[-113.3084,51.3367],[-113.3728,51.404],[-113.4543,51.4646],[-113.5487,51.5156],[-113.656,51.5571],[-113.7728,51.5877],[-113.8957,51.6058],[-114.0198,51.6126],[-114.1471,51.6059],[-114.2694,51.5874],[-114.3854,51.5578],[-114.4919,51.5161],[-114.5884,51.4642]]]]}},{"type":"Feature","properties":{"id":"CYYR","name":"GOOSE BAY TERMINAL","prefixes":["CYYR"],"labelLat":53.3378,"labelLon":-60.3658},"geometry":{"type":"MultiPolygon","coordinates":[[[[-60.3658,54.7883],[-60.7877,54.7663],[-61.1967,54.7008],[-61.5805,54.594],[-61.9274,54.4489],[-62.2268,54.2702],[-62.4697,54.063],[-62.6486,53.8339],[-62.7582,53.5897],[-62.7952,53.3378],[-62.7582,53.0859],[-62.6486,52.8417],[-62.4697,52.6125],[-62.2268,52.4054],[-61.9274,52.2266],[-61.5805,52.0816],[-61.1967,51.9747],[-60.7877,51.9093],[-60.3658,51.8872],[-59.944,51.9093],[-59.535,51.9747],[-59.1512,52.0816],[-58.8043,52.2266],[-58.5049,52.4054],[-58.262,52.6125],[-58.083,52.8417],[-57.9734,53.0859],[-57.9365,53.3378],[-57.9734,53.5897],[-58.083,53.8339],[-58.262,54.063],[-58.5049,54.2702],[-58.8043,54.4489],[-59.1512,54.594],[-59.535,54.7008],[-59.944,54.7663],[-60.3658,54.7883]]]]}},{"type":"Feature","properties":{"id":"CYYT","name":"GANDER CENTRE","prefixes":["CYYT"],"labelLat":47.6167,"labelLon":-52.75},"geometry":{"type":"MultiPolygon","coordinates":[[[[-52.75,48.2833],[-52.9217,48.2732],[-53.0882,48.2431],[-53.2445,48.194],[-53.3857,48.1274],[-53.5076,48.0452],[-53.6065,47.95],[-53.6793,47.8447],[-53.724,47.7324],[-53.739,47.6167],[-53.724,47.5009],[-53.6793,47.3887],[-53.6065,47.2833],[-53.5076,47.1881],[-53.3857,47.106],[-53.2445,47.0393],[-53.0883,46.9902],[-52.9217,46.9601],[-52.75,46.95],[-52.5783,46.9601],[-52.4117,46.9902],[-52.2555,47.0393],[-52.1143,47.106],[-51.9924,47.1881],[-51.8935,47.2833],[-51.8206,47.3887],[-51.776,47.5009],[-51.761,47.6167],[-51.776,47.7324],[-51.8206,47.8447],[-51.8935,47.95],[-51.9924,48.0452],[-52.1143,48.1274],[-52.2555,48.194],[-52.4117,48.2431],[-52.5783,48.2732],[-52.75,48.2833]]]]}},{"type":"Feature","properties":{"id":"CYZX","name":"GREENWOOD TERMINAL","prefixes":["CYZX"],"labelLat":44.8794,"labelLon":-65.0514},"geometry":{"type":"MultiPolygon","coordinates":[[[[-65.1467,44.5939],[-65.0502,44.5728],[-64.9278,44.5637],[-64.8053,44.5728],[-64.6882,44.5997],[-64.5816,44.6432],[-64.5008,44.6942],[-64.4177,44.772],[-64.3676,44.8515],[-64.342,44.9367],[-64.342,45.0238],[-64.3676,45.109],[-64.4177,45.1886],[-64.4544,45.2253],[-64.4901,45.259],[-64.5816,45.3173],[-64.6882,45.3609],[-64.8053,45.3878],[-64.9278,45.3969],[-65.0502,45.3878],[-65.1673,45.3609],[-65.274,45.3173],[-65.3655,45.259],[-65.4379,45.1886],[-65.4879,45.109],[-65.5135,45.0238],[-65.5135,44.9367],[-65.4879,44.8515],[-65.4494,44.7906],[-65.7608,44.6753],[-65.7439,44.647],[-65.6497,44.5518],[-65.5335,44.4696],[-65.399,44.403],[-65.2769,44.3619],[-65.1467,44.5939]]]]}},{"type":"Feature","properties":{"id":"CZEG","name":"CALGARY-EDMONTON ARRIVAL","prefixes":["CZEG"],"labelLat":52.2662,"labelLon":-113.7096},"geometry":{"type":"MultiPolygon","coordinates":[[[[-114.197,53.5037],[-114.501,53.5031],[-114.5428,53.4065],[-114.556,53.305],[-114.8065,51.188],[-114.8156,51.11],[-114.8044,51.0322],[-114.7747,50.9563],[-114.7256,50.8849],[-114.6604,50.8177],[-114.5787,50.7584],[-114.4848,50.7079],[-114.378,50.6687],[-114.2652,50.6384],[-114.1443,50.6198],[-114.0195,50.6144],[-113.8984,50.6194],[-113.7765,50.6383],[-113.6631,50.6682],[-113.557,50.7085],[-113.4631,50.758],[-113.372,50.8269],[-113.3144,50.8839],[-113.2362,51.0318],[-112.6217,53.2028],[-112.6037,53.3049],[-112.6169,53.4058],[-112.6591,53.5052],[-112.7275,53.5981],[-112.8257,53.6799],[-112.9457,53.7538],[-113.0858,53.8131],[-113.2411,53.8565],[-113.4082,53.8827],[-113.5799,53.8923],[-113.6598,53.8903],[-113.7075,53.9022],[-113.7793,53.9139],[-113.8523,53.918],[-113.9257,53.9142],[-113.9975,53.9028],[-114.0642,53.8843],[-114.1247,53.8589],[-114.1764,53.828],[-114.2185,53.792],[-114.2494,53.7529],[-114.268,53.7102],[-114.2743,53.6675],[-114.2669,53.6239],[-114.2479,53.582],[-114.197,53.5037]]]]}},{"type":"Feature","properties":{"id":"CZQM","name":"MONCTON CENTRE","prefixes":["CZQM"],"labelLat":45.4491,"labelLon":-65.0838},"geometry":{"type":"MultiPolygon","coordinates":[[[[-63.038,45.4516],[-62.9121,45.3887],[-62.8291,45.3349],[-62.7574,45.272],[-62.6777,45.1867],[-62.6318,45.0984],[-62.5986,45.0304],[-62.5781,44.9426],[-62.5793,44.8593],[-62.5926,44.7553],[-62.3608,44.7041],[-62.4074,44.6018],[-62.4582,44.5181],[-62.5278,44.428],[-62.6279,44.3311],[-62.7567,44.2421],[-62.8858,44.1754],[-63.0374,44.1168],[-63.2052,44.0763],[-63.3432,44.055],[-63.4914,44.045],[-63.6075,44.0464],[-63.7562,44.0629],[-63.867,44.084],[-64.0187,44.1278],[-64.1267,44.1692],[-64.2454,44.2302],[-64.3628,44.3071],[-64.1872,44.4212],[-64.5012,44.6936],[-64.6574,44.6093],[-64.8646,44.5671],[-65.0259,44.568],[-65.1344,44.5894],[-65.2783,44.3621],[-65.4068,44.4087],[-65.5264,44.4662],[-65.666,44.5693],[-65.7625,44.6752],[-67,44.5],[-67,44.9333],[-67.775,45.625],[-67.8069,45.7833],[-67.5833,45.825],[-67.2167,46.1431],[-65.3097,46.5136],[-64.0972,46.6925],[-62.9075,46.8531],[-62.3625,46.2814],[-63.038,45.4516]]]]}},{"type":"Feature","properties":{"id":"D01","name":"DENVER APPROACH","prefixes":["D01","DEN","GJT","PUB"],"labelLat":39.5599,"labelLon":-105.8482,"artcc":"ZDV"},"geometry":{"type":"MultiPolygon","coordinates":[[[[-104.0753,38.4986],[-104.0456,38.4992],[-104.0003,38.4161],[-103.9836,38.3542],[-103.9797,38.3306],[-103.9822,38.2433],[-104.0078,38.1583],[-104.055,38.0797],[-104.1217,38.0103],[-104.205,37.9533],[-104.3017,37.9111],[-104.4069,37.8858],[-104.5164,37.8783],[-104.6256,37.8889],[-104.7297,37.9169],[-104.8714,37.9936],[-105.1394,38.1764],[-105.3633,38.3253],[-105.3503,38.415],[-105.3244,38.5014],[-105.1683,38.4733],[-105.0044,38.4439],[-104.9589,38.4356],[-104.8167,38.4375],[-104.25,38.4833],[-104.0753,38.4986]]],[[[-108.6878,39.4808],[-108.2158,39.3133],[-107.9214,39.0906],[-108.4197,38.7606],[-108.6664,38.6542],[-108.8683,38.7539],[-109.2108,38.9217],[-109.2208,39.3103],[-109.1606,39.3633],[-108.9961,39.4456],[-108.8281,39.4756],[-108.6878,39.4808]]],[[[-104.1047,40.4406],[-104.1444,40.3994],[-104.0489,40.3306],[-103.9606,40.2439],[-103.9092,40.1808],[-103.865,40.0994],[-103.8275,39.9969],[-103.8111,39.9],[-103.8122,39.8022],[-103.8347,39.6939],[-103.8672,39.6119],[-103.9244,39.5103],[-103.9517,39.4808],[-104.0067,39.4211],[-104.0914,39.3492],[-104.1631,39.3014],[-104.2442,39.2606],[-104.2642,39.2503],[-104.2606,39.2333],[-104.2525,39.1967],[-104.3286,39.1692],[-104.7017,39.1683],[-104.7744,39.1044],[-104.8667,39.1131],[-105.085,39.1289],[-105.1556,39.1342],[-105.195,39.2578],[-105.2736,39.3014],[-105.3564,39.3575],[-105.4425,39.4308],[-105.4811,39.4761],[-105.5453,39.5669],[-105.5897,39.6583],[-105.6172,39.7536],[-105.6264,39.8267],[-105.6247,39.9122],[-105.6061,40.0089],[-105.57,40.1028],[-105.5142,40.1964],[-105.4672,40.2542],[-105.3878,40.3306],[-105.3072,40.39],[-105.2353,40.4303],[-105.2589,40.6161],[-105.2736,40.7292],[-104.9656,40.9194],[-104.8,40.8],[-104.5333,40.775],[-104.4556,40.8],[-104.1047,40.4406]]]]}},{"type":"Feature","properties":{"id":"D10","name":"LONE STAR APPROACH","prefixes":["D10"],"labelLat":32.8897,"labelLon":-97.0325,"artcc":"ZFW"},"geometry":{"type":"MultiPolygon","coordinates":[[[[-97.7283,32.4689],[-97.4861,32.2794],[-97.3392,32.2833],[-96.9833,32.2833],[-96.6897,32.2833],[-96.5831,32.2842],[-96.3317,32.4672],[-96.3333,32.6286],[-96.3333,33.1719],[-96.3339,33.2633],[-96.5967,33.4503],[-96.6686,33.5],[-97.3539,33.5],[-97.4642,33.4531],[-97.7333,33.2661],[-97.7283,32.4689]]]]}},{"type":"Feature","properties":{"id":"D21","name":"DETROIT APPROACH","prefixes":["DTW"],"labelLat":42.2593,"labelLon":-83.3038,"artcc":"ZOB"},"geometry":{"type":"MultiPolygon","coordinates":[[[[-83.8825,42.775],[-83.7039,42.8042],[-83.2006,42.8861],[-83.0911,42.8661],[-83.04,42.8531],[-82.9158,42.6625],[-82.6294,42.6131],[-82.4122,42.6328],[-82.2689,42.4161],[-82.4892,42.3858],[-82.4767,42.3339],[-82.4731,42.3083],[-82.4686,42.2825],[-82.4678,42.1989],[-82.4808,42.1153],[-82.5117,42.0308],[-82.5228,41.9997],[-82.5433,41.9697],[-82.5972,41.8917],[-82.6214,41.8644],[-82.6506,41.8281],[-82.6844,41.7969],[-82.7211,41.7669],[-82.7597,41.7389],[-82.7906,41.7183],[-82.8917,41.6644],[-82.9608,41.6325],[-83.1525,41.7147],[-83.2514,41.7119],[-83.8969,41.6964],[-84.0131,41.7014],[-84.2017,41.7097],[-84.3244,41.8442],[-84.3386,42.01],[-84.2992,42.0133],[-84.1472,42.0219],[-84.1511,42.1353],[-84.1519,42.1517],[-84.1547,42.2175],[-84.1567,42.2689],[-84.1583,42.3011],[-84.1611,42.3842],[-84.1653,42.4678],[-84.1661,42.4939],[-84.1672,42.5281],[-84.1406,42.5772],[-84.1342,42.5889],[-84.0583,42.6583],[-83.9444,42.7403],[-83.9056,42.7622],[-83.8825,42.775]]]]}},{"type":"Feature","properties":{"id":"DAB","name":"DAYTONA APPROACH","prefixes":["DAB"],"labelLat":29.4271,"labelLon":-81.0858,"artcc":"ZJX"},"geometry":{"type":"MultiPolygon","coordinates":[[[[-81.5667,29.8236],[-81.2961,29.8394],[-81.0339,29.8542],[-81,29.7333],[-80.9744,29.6831],[-80.9,29.5361],[-80.8753,29.4833],[-80.8072,29.3375],[-80.7667,29.25],[-80.6911,29.1306],[-80.655,29.0736],[-80.6431,29.0544],[-80.605,29],[-80.8039,29.0003],[-80.8931,29],[-81.1167,29],[-81.2458,29],[-81.5,29],[-81.5,29.0333],[-81.4997,29.2086],[-81.5219,29.3808],[-81.5331,29.4919],[-81.5386,29.6058],[-81.5667,29.8236]]]]}},{"type":"Feature","properties":{"id":"DLF","name":"DEL RIO APPROACH","prefixes":["DLF"],"labelLat":29.5233,"labelLon":-100.8494,"artcc":"ZHU"},"geometry":{"type":"MultiPolygon","coordinates":[[[[-101.7903,29.7789],[-102.0111,29.7906],[-101.9408,29.9172],[-101.8222,30.0789],[-102.0556,30.2375],[-101.9831,30.3103],[-101.8992,30.3861],[-101.8086,30.4567],[-101.7125,30.5208],[-101.6564,30.4528],[-101.5528,30.5114],[-101.4389,30.5644],[-101.3253,30.6075],[-101.2903,30.5297],[-101.1561,30.5683],[-101.0133,30.5961],[-100.8728,30.6108],[-100.7311,30.6133],[-100.585,30.6033],[-100.4458,30.5814],[-100.2861,30.5403],[-100.0881,30.4633],[-100.0486,30.4442],[-100.2042,30.2133],[-100.1547,30.1853],[-99.9581,30.0444],[-99.8339,29.9067],[-99.7433,29.7617],[-99.6786,29.5967],[-99.6492,29.4267],[-99.6433,29.2478],[-99.6653,29.1297],[-99.7028,29.0275],[-99.75,28.9],[-99.8167,28.8],[-99.9167,28.6833],[-100.0667,28.5667],[-100.3333,28.4333],[-100.6483,29],[-100.8,29.1667],[-101.5167,29.7583],[-101.6167,29.7708],[-101.7903,29.7789]]]]}},{"type":"Feature","properties":{"id":"DLH","name":"DULUTH APPROACH","prefixes":["DLH"],"labelLat":46.9445,"labelLon":-92.3,"artcc":"ZMP"},"geometry":{"type":"MultiPolygon","coordinates":[[[[-92.1333,47.5],[-91.3667,47.125],[-91.3667,47.025],[-91.3667,46.5333],[-91.85,46.2167],[-92.1739,46.1889],[-92.5,46.2167],[-92.9925,46.3781],[-93.0353,46.5656],[-93.1667,47.1333],[-93.2333,47.4917],[-93.1503,47.5686],[-93.0333,47.6708],[-93,47.7],[-92.5167,47.7],[-92.4553,47.6669],[-92.1333,47.5]]]]}},{"type":"Feature","properties":{"id":"DOV","name":"DOVER APPROACH","prefixes":["DOV"],"labelLat":38.9304,"labelLon":-75.3726,"artcc":"ZDC"},"geometry":{"type":"MultiPolygon","coordinates":[[[[-75.8361,39.2667],[-75.7753,39.2728],[-75.5511,39.2956],[-75.5156,39.2994],[-75.4708,39.3081],[-75.4381,39.3144],[-75.2203,39.3589],[-75.2131,39.3608],[-75.0667,39.2403],[-75.1625,39.0972],[-74.9833,38.9417],[-74.9542,38.9022],[-74.8939,38.8761],[-74.8694,38.8506],[-74.8833,38.75],[-74.9969,38.6139],[-74.9892,38.5],[-75.1,38.5],[-75.55,38.6167],[-75.59,38.7058],[-75.6667,38.7],[-75.8325,38.8631],[-75.8758,38.9694],[-75.8361,39.2667]]]]}},{"type":"Feature","properties":{"id":"DPG","name":"CLOVER APPROACH","prefixes":["DPG"],"labelLat":40.2256,"labelLon":-114.2903,"artcc":"ZLC"},"geometry":{"type":"MultiPolygon","coordinates":[[[[-114.2725,38.8596],[-114.8225,39.3874],[-115.1,39.8611],[-116.0035,39.4998],[-116.0081,39.7665],[-116.0048,40.0519],[-116.0002,40.4183],[-116.0463,40.418],[-116.0001,40.4416],[-114.8505,40.5996],[-114.4512,40.6],[-114.4342,40.8989],[-114.4442,41.0151],[-116.0004,41.4365],[-115.2167,41.7833],[-114.5008,41.6664],[-113.9092,41.8773],[-113.451,41.95],[-113.2508,41.875],[-113.1065,41.4851],[-113.1033,41.4833],[-113.0043,41.2096],[-112.7584,41.1925],[-112.651,41.1177],[-112.6507,41.0173],[-112.8428,40.9171],[-112.9508,40.8673],[-113.6675,40.8167],[-113.7146,40.8218],[-113.7822,40.6546],[-112.9998,40.6551],[-112.9402,40.5732],[-112.6175,40.5167],[-112.5344,39.9847],[-112.6008,39.783],[-113.0675,38.7],[-113.5978,38.5011],[-113.8187,38.6427],[-113.9342,38.7167],[-114.2725,38.8596]]]]}},{"type":"Feature","properties":{"id":"DSM","name":"DES MOINES APPROACH","prefixes":["DSM"],"labelLat":42.1,"labelLon":-93.0997,"artcc":"ZMP"},"geometry":{"type":"MultiPolygon","coordinates":[[[[-94.5328,41.8472],[-94.3722,41.3],[-93.75,40.9583],[-93.5625,40.9444],[-93.3167,40.925],[-92.9167,41.2333],[-92.75,41.4],[-92.8444,41.925],[-92.3208,41.9667],[-92.3375,42.125],[-92.2853,42.1992],[-91.7042,42.25],[-91.7,42.3],[-91.6667,42.7833],[-91.9833,42.9167],[-92.2667,43.275],[-92.6528,43.2417],[-92.8722,43.2111],[-93,42.7833],[-93.05,42.6667],[-93.2667,42.6625],[-93.3556,42.2375],[-93.3542,42.2167],[-93.9375,42.1708],[-94.4194,41.9],[-94.5328,41.8472]]]]}},{"type":"Feature","properties":{"id":"ELM","name":"ELMIRA APPROACH","prefixes":["ELM"],"labelLat":42.1237,"labelLon":-76.9139,"artcc":"ZNY"},"geometry":{"type":"MultiPolygon","coordinates":[[[[-76.7139,42.7389],[-76.7083,42.775],[-76.1861,42.55],[-76.2597,42.4542],[-76.5125,42.2069],[-76.5361,41.9833],[-76.4194,41.9333],[-76.6167,41.6736],[-77.1666,41.729],[-77.207,41.4724],[-77.6417,41.5417],[-77.6333,41.5556],[-77.5667,41.6375],[-77.4556,41.8208],[-77.4502,42.2247],[-77.5883,42.3008],[-77.0999,42.6583],[-76.8912,42.6406],[-76.8028,42.6083],[-76.7139,42.7389]]]]}},{"type":"Feature","properties":{"id":"ELP","name":"EL PASO APPROACH","prefixes":["ELP"],"labelLat":31.8483,"labelLon":-106.2608,"artcc":"ZAB"},"geometry":{"type":"MultiPolygon","coordinates":[[[[-106.1181,32.3883],[-106.1506,32.4133],[-106.3439,32.325],[-106.3724,32.3268],[-106.6606,32.325],[-106.6503,32.3],[-106.5672,32.3],[-106.5672,32.1869],[-106.725,32.0833],[-106.8275,31.9256],[-106.8383,31.7294],[-106.7542,31.5667],[-106.45,31.5667],[-106.0833,31.2833],[-105.8333,31.4333],[-105.6833,31.6667],[-105.7,32],[-105.8022,32.1511],[-105.7006,32.25],[-105.9083,32.25],[-105.961,32.2501],[-106.2083,32.25],[-106.1719,32.3],[-106.1181,32.3883]]]]}},{"type":"Feature","properties":{"id":"END","name":"VANCE APPROACH","prefixes":["END"],"labelLat":36.5917,"labelLon":-98.5833,"artcc":"ZKC"},"geometry":{"type":"MultiPolygon","coordinates":[[[[-99.7833,36.2792],[-99.7508,36.0797],[-99.5228,35.875],[-99.4169,35.8833],[-99.3836,35.8333],[-99.2278,35.8167],[-98.8,35.8167],[-98.5,35.8167],[-98.4667,35.8167],[-98.1483,35.8625],[-98.0167,35.8833],[-97.8833,35.925],[-97.7472,35.9744],[-97.5836,36.0333],[-97.3836,36.4667],[-97.3833,36.6333],[-97.3836,36.8333],[-97.6,36.9167],[-97.7386,36.9778],[-98.0003,37.0833],[-98.2003,37.0764],[-98.2894,37.1114],[-98.9503,37.3667],[-99.3,37.3],[-99.3794,37.2806],[-99.6,37.0167],[-99.7083,36.7875],[-99.7708,36.5417],[-99.7833,36.2792]]]]}},{"type":"Feature","properties":{"id":"EUG","name":"CASCADE APPROACH","prefixes":["EUG","MFR"],"labelLat":43.3813,"labelLon":-123.1917,"artcc":"ZSE"},"geometry":{"type":"MultiPolygon","coordinates":[[[[-123.5,44.75],[-123.2028,44.7625],[-123.1528,44.7597],[-122.9944,44.5653],[-122.8833,44.55],[-122.7167,44.3833],[-122.5,44.15],[-122.5667,43.9667],[-122.5864,43.9303],[-122.6167,43.8667],[-122.7667,43.75],[-122.8667,43.6667],[-123.1333,43.6],[-123.25,43.6],[-123.3167,43.6],[-123.4333,43.6167],[-123.5514,43.6531],[-123.65,43.6833],[-123.9667,43.9333],[-123.9333,44],[-123.5,44.75]]],[[[-122.875,42.9333],[-122.4167,42.7],[-122.4167,42.4333],[-122.4167,42.3833],[-122.4167,42],[-123.2333,42],[-123.4833,42.3167],[-123.4528,42.4181],[-123.4042,42.6528],[-123.3833,42.7417],[-123.0833,42.9333],[-122.875,42.9333]]]]}},{"type":"Feature","properties":{"id":"EVV","name":"EVANSVILLE APPROACH","prefixes":["EVV"],"labelLat":38.0207,"labelLon":-87.4322,"artcc":"ZID"},"geometry":{"type":"MultiPolygon","coordinates":[[[[-87.8344,37.4108],[-88.3167,37.725],[-88.27,37.9628],[-88.2333,38.15],[-88.0944,38.4853],[-88.1008,38.6514],[-88.1028,38.7036],[-88.1067,38.8081],[-86.9856,38.7792],[-86.7452,38.7362],[-86.75,38.7],[-86.7125,38.6083],[-86.65,38.3542],[-86.5944,37.9306],[-86.5667,37.6583],[-86.5478,37.4844],[-86.9167,37.2889],[-87.3972,37.275],[-87.575,37.2333],[-87.8344,37.4108]]]]}},{"type":"Feature","properties":{"id":"F11","name":"ORLANDO APPROACH","prefixes":["MCO"],"labelLat":28.4623,"labelLon":-81.1042,"artcc":"ZJX"},"geometry":{"type":"MultiPolygon","coordinates":[[[[-81.7083,29],[-81.5167,29],[-81.5,29],[-81.4833,29],[-81.1167,29],[-80.5956,29],[-80.5408,28.9392],[-80.2017,29.0078],[-80.1667,28.8333],[-80.1667,28.0167],[-80.3833,27.9167],[-80.7133,27.9272],[-80.925,27.9333],[-81.0417,28],[-81.2333,28],[-81.375,28],[-81.6667,27.95],[-81.8333,27.9333],[-81.8333,28.0083],[-81.8917,28.1],[-81.9119,28.1625],[-81.9689,28.375],[-81.9631,28.4617],[-81.9569,28.5639],[-82.0417,28.6333],[-81.9417,28.7292],[-81.9281,28.9661],[-81.7083,29]]]]}},{"type":"Feature","properties":{"id":"FAI","name":"FAIRBANKS APPROACH","prefixes":["FAI"],"labelLat":64.7375,"labelLon":-147.4166,"artcc":"ZAN"},"geometry":{"type":"MultiPolygon","coordinates":[[[[-146,65.25],[-146,64.8333],[-146.1875,64.7694],[-146.1875,64.5883],[-146.3083,64.5567],[-146.4167,64.5569],[-146.7208,64.2458],[-147.5333,64.225],[-147.9667,64.375],[-148.5,64.5],[-148.8333,65],[-148.5,65.2333],[-146,65.25]]]]}},{"type":"Feature","properties":{"id":"FAR","name":"FARGO APPROACH","prefixes":["FAR"],"labelLat":46.9292,"labelLon":-96.8167,"artcc":"ZMP"},"geometry":{"type":"MultiPolygon","coordinates":[[[[-97.0333,46.4375],[-97.55,46.5333],[-97.6333,47.35],[-96.425,47.4833],[-96,47.0667],[-96.1333,46.5833],[-96.7167,46.375],[-97.0333,46.4375]]]]}},{"type":"Feature","properties":{"id":"FAT","name":"FRESNO APPROACH","prefixes":["FAT"],"labelLat":37.1507,"labelLon":-119.7624,"artcc":"ZOA"},"geometry":{"type":"MultiPolygon","coordinates":[[[[-120.2881,36.8939],[-120.1889,37.1056],[-120.0917,37.1806],[-120.0167,37.1736],[-119.5083,37.1278],[-119.2667,37.0806],[-119.25,36.7139],[-119.2333,36.55],[-119.0828,36.2278],[-119.0389,36.1333],[-119.1667,36.1333],[-119.2083,36.075],[-119.3722,35.8278],[-119.4628,36.0017],[-119.4733,36.0219],[-119.4969,36.0669],[-119.5494,36.1669],[-119.5917,36.2475],[-119.6683,36.3953],[-119.7281,36.5064],[-119.7642,36.5744],[-120.0011,36.6647],[-120.0483,36.6828],[-120.1897,36.7361],[-120.2881,36.8939]]]]}},{"type":"Feature","properties":{"id":"FAY","name":"FAYETTEVILLE APPROACH","prefixes":["FAY"],"labelLat":34.9656,"labelLon":-79.2354,"artcc":"ZDC"},"geometry":{"type":"MultiPolygon","coordinates":[[[[-80.1472,34.8556],[-79.9167,34.85],[-79.7281,34.7133],[-79.3333,34.425],[-79.2633,34.4275],[-79.0667,34.4342],[-78.75,34.4444],[-78.685,34.3969],[-78.3236,34.9869],[-78.4089,34.9978],[-78.6175,35.4778],[-79.0583,35.5297],[-79.0836,35.5344],[-79.5789,35.4261],[-79.8042,35.3833],[-80,35.3],[-80,35.1083],[-80.1472,34.8556]]]]}},{"type":"Feature","properties":{"id":"FHU","name":"LIBBY APPROACH","prefixes":["FHU"],"labelLat":31.6167,"labelLon":-110.3833,"artcc":"ZAB"},"geometry":{"type":"MultiPolygon","coordinates":[[[[-110.7667,31.8],[-110.7647,31.7503],[-110.75,31.35],[-110.75,31.3333],[-110.0008,31.3375],[-110,31.5833],[-110,31.9],[-110.26,31.8406],[-110.4292,31.8],[-110.6242,31.8008],[-110.7667,31.8]]]]}},{"type":"Feature","properties":{"id":"FLO","name":"FLORENCE APPROACH","prefixes":["FLO"],"labelLat":34.3363,"labelLon":-79.7597,"artcc":"ZJX"},"geometry":{"type":"MultiPolygon","coordinates":[[[[-79.7281,34.7133],[-79.3333,34.425],[-79.2633,34.4275],[-79.0667,34.4342],[-79.0667,34.2167],[-79.5839,33.8269],[-79.6914,33.8169],[-79.7997,33.8336],[-79.8475,33.8542],[-79.9164,33.8836],[-80.0389,33.9667],[-80.0875,34.425],[-80.2833,34.5625],[-80.3831,34.6003],[-80.4528,34.6389],[-80.3436,34.6869],[-80.1472,34.8556],[-79.9167,34.85],[-79.7281,34.7133]]]]}},{"type":"Feature","properties":{"id":"FRI","name":"FORT RILEY APPROACH","prefixes":["FRI"],"labelLat":39.1135,"labelLon":-96.7886},"geometry":{"type":"MultiPolygon","coordinates":[[[[-96.6258,39.5936],[-96.3458,39.3667],[-96.2333,38.85],[-96.2,38.6333],[-96.8064,38.7797],[-97.0128,38.7764],[-97.0492,38.7864],[-97.0808,38.8033],[-97.1061,38.8261],[-97.1139,38.8364],[-97.3708,39.3389],[-97.3772,39.3825],[-97.3697,39.4258],[-97.3478,39.4661],[-97.3128,39.5008],[-97.2678,39.5269],[-97.215,39.5436],[-97.1761,39.5506],[-96.6258,39.5936]]]]}},{"type":"Feature","properties":{"id":"FSD","name":"SIOUX FALLS APPROACH","prefixes":["FSD"],"labelLat":43.5292,"labelLon":-96.6791,"artcc":"ZMP"},"geometry":{"type":"MultiPolygon","coordinates":[[[[-96.625,44.0583],[-96.1,43.75],[-95.9833,43.4083],[-96.2083,43.2583],[-96.2917,43],[-96.7667,43],[-97.375,43.4],[-97.3417,43.5042],[-97.2667,43.8917],[-97.1581,43.9231],[-96.625,44.0583]]]]}},{"type":"Feature","properties":{"id":"FSI","name":"FORT STOCKTON APPROACH","prefixes":["FSI"],"labelLat":34.598,"labelLon":-98.2189,"artcc":"ZFW"},"geometry":{"type":"MultiPolygon","coordinates":[[[[-98.7667,34.8542],[-98.1458,35.0792],[-98.0667,35.0167],[-98,34.9667],[-97.85,34.9417],[-97.705,34.9386],[-97.65,34.6],[-97.6208,34.3458],[-97.6103,34.2636],[-97.6042,34.2417],[-97.6967,34.1697],[-97.7542,34.1417],[-97.9833,34.1167],[-98.0125,34.15],[-98.075,34.2375],[-98.1194,34.2467],[-98.3061,34.2889],[-98.4833,34.325],[-98.7667,34.3833],[-98.7667,34.6],[-98.7794,34.6],[-98.8083,34.6375],[-98.8336,34.7042],[-98.7667,34.7208],[-98.7667,34.8542]]]]}},{"type":"Feature","properties":{"id":"FSM","name":"RAZORBACK APPROACH","prefixes":["FSM","FYV"],"labelLat":35.7528,"labelLon":-94.1833,"artcc":"ZME"},"geometry":{"type":"MultiPolygon","coordinates":[[[[-94.8167,34.7556],[-94.925,34.9333],[-95,35.0667],[-95,35.3833],[-95,35.6542],[-94.75,35.85],[-94.71,36.4258],[-94.7,36.4667],[-94.5167,36.6167],[-94.3,36.725],[-94.05,36.75],[-93.9417,36.6958],[-93.7869,36.6183],[-93.5833,36.5194],[-93.5264,36.3834],[-93.3667,36],[-93.7833,35.55],[-93.6667,35.1917],[-93.7667,35],[-93.925,34.8833],[-94.075,34.8164],[-94.15,34.7833],[-94.8167,34.7556]]]]}},{"type":"Feature","properties":{"id":"FUK","name":"FUKUOKA APPROACH","prefixes":["FUK","RJFF","RJFT","RJFU"],"labelLat":33.2422,"labelLon":130.347},"geometry":{"type":"MultiPolygon","coordinates":[[[[129.7,34.1603],[129.7204,34.1777],[129.8352,34.2668],[129.9668,34.3379],[130.1113,34.389],[130.2643,34.4183],[130.4211,34.4252],[130.5769,34.4093],[130.727,34.3711],[130.8669,34.3118],[130.9486,34.265],[130.9703,34.2506],[131.1394,34.28],[131.1572,34.1994],[131.2042,33.9767],[131.2403,33.8081],[130.9958,33.7494],[130.8625,33.5769],[130.8,33.4956],[130.8544,33.3981],[131.0244,33.0925],[131.1125,33.0975],[131.1325,33.0986],[131.2375,33.145],[131.4842,33.2536],[131.3986,33.1219],[131.2356,32.9386],[131.18,32.8758],[131.0269,32.5769],[130.94,32.4058],[130.8792,32.31],[130.5619,32.1778],[130.2789,32.0592],[130.4206,32.3225],[130.1406,32.3225],[130.122,32.3255],[130.0907,32.3336],[130.0616,32.3461],[130.0355,32.3627],[130.0132,32.3828],[129.9954,32.406],[129.9869,32.4228],[129.8903,32.4228],[129.5058,32.4228],[129.3794,32.6547],[129.2097,32.9644],[129.5683,33.3719],[129.4839,33.6939],[129.4825,33.7464],[129.482,33.7609],[129.4883,33.8042],[129.5036,33.8458],[129.5274,33.8846],[129.5589,33.9194],[129.5972,33.9491],[129.6412,33.9728],[129.6894,33.9898],[129.7404,33.9996],[129.7739,34.0019],[129.7,34.1603]]],[[[129.7,34.1603],[129.7204,34.1777],[129.8352,34.2668],[129.9668,34.3379],[130.1113,34.389],[130.2643,34.4183],[130.4211,34.4252],[130.5769,34.4093],[130.727,34.3711],[130.8669,34.3118],[130.9486,34.265],[130.9703,34.2506],[131.1394,34.28],[131.1572,34.1994],[131.2042,33.9767],[131.2403,33.8081],[130.9958,33.7494],[130.8625,33.5769],[130.8,33.4956],[130.8544,33.3981],[131.0244,33.0925],[130.5508,33.0647],[130.3511,33.0525],[130.3536,33.0256],[130.342,33.0219],[130.3149,33.0167],[130.2872,33.0155],[130.2597,33.0183],[130.2332,33.0251],[130.2211,33.0297],[130.2157,33.0382],[130.1837,33.0795],[130.1436,33.1156],[130.0967,33.1453],[130.055,33.1642],[130.0593,33.1902],[130.0715,33.2235],[130.0904,33.2545],[130.1154,33.2823],[130.1458,33.3061],[130.18,33.3247],[130.1653,33.34],[129.8811,33.1558],[129.6383,33.1042],[129.5683,33.3719],[129.4839,33.6939],[129.4825,33.7464],[129.482,33.7609],[129.4883,33.8042],[129.5036,33.8458],[129.5274,33.8846],[129.5589,33.9194],[129.5972,33.9491],[129.6412,33.9728],[129.6894,33.9898],[129.7404,33.9996],[129.7739,34.0019],[129.7,34.1603]]],[[[130.3511,33.0525],[130.5508,33.0647],[131.0244,33.0925],[131.1125,33.0975],[131.1325,33.0986],[131.2375,33.145],[131.4842,33.2536],[131.3986,33.1219],[131.2356,32.9386],[131.18,32.8758],[131.0269,32.5769],[130.94,32.4058],[130.8792,32.31],[130.5619,32.1778],[130.2789,32.0592],[130.4206,32.3225],[130.1406,32.3225],[130.122,32.3255],[130.0907,32.3336],[130.0616,32.3461],[130.0355,32.3627],[130.0132,32.3828],[129.9954,32.406],[129.9869,32.4228],[129.9825,32.4314],[129.9751,32.4583],[129.9734,32.4858],[129.9774,32.5132],[129.987,32.5395],[130.0018,32.5641],[130.0022,32.5647],[129.9847,32.5956],[130.0906,32.6411],[130.3111,32.6717],[130.2931,32.7353],[130.3717,32.8306],[130.3511,33.0525]]],[[[129.5703,33.3742],[129.6727,33.3403],[129.8465,33.3352],[130.0119,33.3799],[130.0878,33.4219],[130.3411,33.1542],[130.3717,32.8306],[130.2931,32.7353],[130.385,32.4228],[129.5058,32.4228],[129.2097,32.9644],[129.5703,33.3742]]]]}},{"type":"Feature","properties":{"id":"FWA","name":"FORT WAYNE APPROACH","prefixes":["FWA"],"labelLat":40.9854,"labelLon":-85.2325,"artcc":"ZAU"},"geometry":{"type":"MultiPolygon","coordinates":[[[[-85.9333,41.3778],[-85.4708,41.4489],[-85.4708,41.6708],[-85.0472,41.6403],[-84.8333,41.625],[-84.6275,41.3061],[-84.5733,41.2206],[-84.3472,40.8631],[-84.3875,40.6],[-84.825,40.4083],[-85.0917,40.3],[-85.3167,40.4333],[-85.475,40.5167],[-85.5042,40.5583],[-85.7625,40.8792],[-86.1169,40.9667],[-86.1175,41.1592],[-86.1178,41.2194],[-85.9386,41.3733],[-85.9333,41.3778]]]]}},{"type":"Feature","properties":{"id":"GEG","name":"SPOKANE APPROACH","prefixes":["GEG","PSC","YKM"],"labelLat":48.2395,"labelLon":-117.1581,"artcc":"ZSE"},"geometry":{"type":"MultiPolygon","coordinates":[[[[-118.3833,47.6],[-118.2333,47.2333],[-117.9561,47.2371],[-117.5979,47.166],[-116.6853,47.2841],[-116.4376,47.8466],[-116.8009,48.022],[-117.1594,48.2408],[-117.9997,47.9989],[-118.3833,47.6]]],[[[-120.9124,46.9416],[-120.2554,46.9085],[-120.2247,46.9014],[-120.1837,46.8841],[-120.1393,46.8542],[-120.1585,46.825],[-120,46.7333],[-119.9292,46.7333],[-119.9292,46.7333],[-119.9249,46.7332],[-118.7666,46.7331],[-118.5472,46.6361],[-117.9672,46.367],[-117.9667,46.0498],[-118.4166,45.6667],[-118.5948,45.5864],[-118.9325,45.5125],[-119.2317,45.5286],[-119.4175,45.7041],[-119.3757,45.7527],[-119.3749,45.783],[-119.3914,45.7957],[-119.5178,45.7804],[-119.5178,45.8833],[-119.8614,46.0662],[-120.2118,46.2499],[-120.6919,46.2503],[-121.1906,46.4098],[-121.0503,46.7013],[-120.9124,46.9416]]],[[[-120.9124,46.9416],[-120.2554,46.9085],[-120.2247,46.9014],[-120.1837,46.8841],[-120.1393,46.8542],[-120.1585,46.825],[-120,46.7333],[-119.9292,46.7333],[-119.9249,46.5001],[-120.2118,46.2499],[-120.6919,46.2503],[-121.1906,46.4098],[-121.0503,46.7013],[-120.9124,46.9416]]]]}},{"type":"Feature","properties":{"id":"GGG","name":"LONGVIEW APPROACH","prefixes":["GGG"],"labelLat":32.4021,"labelLon":-95.0869,"artcc":"ZFW"},"geometry":{"type":"MultiPolygon","coordinates":[[[[-95.8572,32.5894],[-95.8125,32.25],[-95.7167,32.1389],[-95.4333,31.8042],[-95.2,31.825],[-94.875,31.8083],[-94.6083,31.8083],[-94.4583,31.8667],[-94.3278,32.0708],[-94.3167,32.5],[-94.325,32.625],[-94.3583,32.9167],[-94.8875,32.9611],[-95.3556,33],[-95.8572,32.5894]]]]}},{"type":"Feature","properties":{"id":"GPT","name":"GULFPORT APPROACH","prefixes":["GPT"],"labelLat":30.446,"labelLon":-89.2014,"artcc":"ZHU"},"geometry":{"type":"MultiPolygon","coordinates":[[[[-88.525,30.1694],[-88.6944,30.1836],[-88.85,30.1003],[-89.0333,30],[-89.15,29.9375],[-89.2017,29.8836],[-89.4997,29.9222],[-89.5019,30.0031],[-89.6167,30.35],[-89.6167,30.3833],[-89.8778,30.4675],[-89.7964,30.6444],[-89.6778,30.9031],[-89.4861,30.9056],[-89.1333,30.9086],[-88.8667,31.0083],[-88.7,30.6853],[-88.6239,30.6125],[-88.6583,30.3917],[-88.525,30.1694]]]]}},{"type":"Feature","properties":{"id":"GRB","name":"GREEN BAY APPROACH","prefixes":["GRB"],"labelLat":44.5667,"labelLon":-88.0917,"artcc":"ZMP"},"geometry":{"type":"MultiPolygon","coordinates":[[[[-89.0667,44.75],[-88.4167,45.1667],[-88,45.1667],[-87.6167,45.1333],[-87.4,45.0333],[-87.1167,44.6667],[-87.2,44.5333],[-87.5417,43.9667],[-88.4667,44.1],[-88.7542,44.1594],[-88.8083,44.2625],[-89.0667,44.75]]]]}},{"type":"Feature","properties":{"id":"GRK","name":"GRAY APPROACH","prefixes":["GRK"],"labelLat":31.275,"labelLon":-97.7791,"artcc":"ZFW"},"geometry":{"type":"MultiPolygon","coordinates":[[[[-98.4042,31.75],[-97.775,31.75],[-97.5292,31.5458],[-97.125,31.2],[-97,31.2042],[-97.0417,30.875],[-97.1,30.8],[-97.6367,30.8],[-97.6725,30.8],[-98.0833,30.8],[-98.5583,31.3875],[-98.4042,31.75]]]]}},{"type":"Feature","properties":{"id":"GSB","name":"SEYMOUR JOHNSON APPROACH","prefixes":["GSB"],"labelLat":35.3217,"labelLon":-77.9111,"artcc":"ZDC"},"geometry":{"type":"MultiPolygon","coordinates":[[[[-78.155,35.6942],[-77.75,35.6333],[-77.2047,35.5186],[-77.2508,35.3886],[-77.4114,35.1308],[-77.4961,35.1025],[-77.9508,34.9492],[-78.3236,34.9869],[-78.4089,34.9978],[-78.6175,35.4778],[-78.3639,35.5222],[-78.3489,35.5347],[-78.155,35.6942]]]]}},{"type":"Feature","properties":{"id":"GSO","name":"GREENSBORO APPROACH","prefixes":["GSO"],"labelLat":36.0542,"labelLon":-79.9782,"artcc":"ZTL"},"geometry":{"type":"MultiPolygon","coordinates":[[[[-80.3236,36.8083],[-80.2594,36.6847],[-80.0708,36.7928],[-79.9208,36.6969],[-79.5653,36.3775],[-79.4719,36.2908],[-79.3228,36.2417],[-79.4917,35.7042],[-79.7833,35.65],[-79.7833,35.6286],[-79.8042,35.3833],[-80,35.3],[-80.2292,35.5],[-80.5917,35.8083],[-80.6083,36],[-80.6336,36.3114],[-80.3236,36.8083]]]]}},{"type":"Feature","properties":{"id":"GSP","name":"GREER APPROACH","prefixes":["GSP"],"labelLat":34.743,"labelLon":-82.1927,"artcc":"ZTL"},"geometry":{"type":"MultiPolygon","coordinates":[[[[-82.8608,34.3539],[-82.9764,34.5183],[-82.9917,34.54],[-83.0147,35.0611],[-82.315,35.0811],[-82.2333,35.0833],[-82.1669,35.1483],[-82.1678,35.2256],[-82.1,35.2919],[-82.1,35.3614],[-82.04,35.3642],[-82.0464,35.4158],[-81.6792,35.4317],[-81.7211,35.255],[-81.725,35.2389],[-81.7111,35.2125],[-81.3708,34.475],[-81.8333,34.3],[-81.8917,34.0833],[-82.2664,34.0664],[-82.35,34.0542],[-82.4542,34.125],[-82.6019,34.2086],[-82.8608,34.3539]]]]}},{"type":"Feature","properties":{"id":"GTB","name":"WHEELER-SACK APPROACH","prefixes":["GTB"],"labelLat":44.0833,"labelLon":-75.7855,"artcc":"ZBW"},"geometry":{"type":"MultiPolygon","coordinates":[[[[-76.7914,43.6333],[-76.3,43.6333],[-75.9,43.675],[-75,43.6683],[-74.7796,43.6655],[-75,44.1667],[-75.1499,44.25],[-75.2997,44.35],[-75.7395,44.5333],[-75.7667,44.5125],[-75.8167,44.4458],[-75.95,44.3472],[-76,44.35],[-76.1333,44.2917],[-76.1833,44.2333],[-76.2333,44.2042],[-76.2833,44.2042],[-76.4167,44.1042],[-76.7914,43.6333]]]]}},{"type":"Feature","properties":{"id":"GTF","name":"GREAT FALLS APPROACH","prefixes":["GTF"],"labelLat":47.45,"labelLon":-111.3687,"artcc":"ZLC"},"geometry":{"type":"MultiPolygon","coordinates":[[[[-111.2833,47.9417],[-111.0417,47.8833],[-110.8458,47.7708],[-110.7167,47.6167],[-110.675,47.4458],[-110.7208,47.275],[-110.8458,47.125],[-111.0417,47.0125],[-111.1056,47],[-111.2814,46.9642],[-111.5583,46.9583],[-111.7958,47.0222],[-111.95,47.1083],[-111.9767,47.24],[-111.9872,47.2933],[-112.0625,47.6889],[-111.975,47.7722],[-111.7792,47.8833],[-111.5389,47.9417],[-111.2833,47.9417]]]]}},{"type":"Feature","properties":{"id":"GUM","name":"GUAM APPROACH","prefixes":["GUM_E","GUM_W"],"labelLat":13.5339,"labelLon":144.8637,"artcc":"ZUA"},"geometry":{"type":"MultiPolygon","coordinates":[[[[145.2813,13.0112],[145.2728,13.0031],[145.2642,12.995],[145.2554,12.9872],[145.2465,12.9794],[145.2375,12.9718],[145.2283,12.9644],[145.2191,12.9572],[145.2096,12.95],[145.2001,12.9431],[145.1904,12.9363],[145.1807,12.9297],[145.1708,12.9233],[145.1607,12.917],[145.1506,12.9109],[145.1404,12.9049],[145.1301,12.8992],[145.1196,12.8936],[145.1091,12.8882],[145.0985,12.883],[145.0878,12.8779],[145.077,12.8731],[145.0661,12.8684],[145.0552,12.8639],[145.0441,12.8596],[145.033,12.8555],[145.0218,12.8516],[145.0106,12.8478],[144.9992,12.8443],[144.9879,12.841],[144.9764,12.8378],[144.9649,12.8348],[144.9534,12.8321],[144.9418,12.8295],[144.9302,12.8272],[144.9185,12.825],[144.9068,12.823],[144.8951,12.8212],[144.8833,12.8197],[144.8715,12.8183],[144.8597,12.8171],[144.8479,12.8162],[144.836,12.8154],[144.8242,12.8149],[144.8123,12.8145],[144.8004,12.8143],[144.7885,12.8144],[144.7767,12.8146],[144.7648,12.8151],[144.7529,12.8157],[144.7411,12.8166],[144.7293,12.8176],[144.7175,12.8189],[144.7057,12.8204],[144.6939,12.822],[144.6822,12.8239],[144.6705,12.8259],[144.6588,12.8282],[144.6472,12.8306],[144.6357,12.8333],[144.6242,12.8361],[144.6127,12.8392],[144.6013,12.8424],[144.5899,12.8459],[144.5786,12.8495],[144.5674,12.8533],[144.5563,12.8573],[144.5452,12.8615],[144.5342,12.8659],[144.5233,12.8705],[144.5124,12.8752],[144.5017,12.8802],[144.491,12.8853],[144.4804,12.8906],[144.4699,12.8961],[144.4595,12.9017],[144.4493,12.9076],[144.4391,12.9136],[144.429,12.9198],[144.4191,12.9261],[144.4092,12.9327],[144.3995,12.9394],[144.3899,12.9462],[144.3804,12.9532],[144.371,12.9604],[144.3618,12.9677],[144.3527,12.9752],[144.3437,12.9829],[144.3349,12.9907],[144.3262,12.9986],[144.3176,13.0067],[144.3092,13.015],[144.301,13.0233],[144.2929,13.0319],[144.2849,13.0405],[144.2771,13.0493],[144.2695,13.0582],[144.262,13.0673],[144.2547,13.0765],[144.2475,13.0858],[144.2405,13.0952],[144.2337,13.1047],[144.227,13.1144],[144.2205,13.1242],[144.2142,13.134],[144.2081,13.144],[144.2021,13.1541],[144.1963,13.1643],[144.1907,13.1746],[144.1853,13.1849],[144.1801,13.1954],[144.175,13.206],[144.1702,13.2166],[144.1655,13.2273],[144.161,13.2381],[144.1567,13.249],[144.1527,13.2599],[144.1488,13.2709],[144.1451,13.282],[144.1416,13.2931],[144.1382,13.3043],[144.1351,13.3156],[144.1322,13.3269],[144.1295,13.3382],[144.127,13.3496],[144.1247,13.3611],[144.1226,13.3725],[144.1207,13.384],[144.119,13.3956],[144.1176,13.4071],[144.1163,13.4187],[144.1152,13.4303],[144.1143,13.442],[144.1137,13.4536],[144.1132,13.4652],[144.113,13.4769],[144.1129,13.4885],[144.1131,13.5002],[144.1135,13.5118],[144.1141,13.5235],[144.1149,13.5351],[144.1159,13.5467],[144.1171,13.5583],[144.1185,13.5699],[144.1201,13.5814],[144.1219,13.593],[144.1239,13.6044],[144.1262,13.6159],[144.1286,13.6273],[144.1312,13.6387],[144.1341,13.65],[144.1371,13.6612],[144.1403,13.6725],[144.1438,13.6836],[144.1474,13.6947],[144.1513,13.7058],[144.1553,13.7167],[144.1595,13.7276],[144.1639,13.7384],[144.1686,13.7492],[144.1734,13.7599],[144.1783,13.7704],[144.1835,13.7809],[144.1889,13.7913],[144.1944,13.8016],[144.2002,13.8119],[144.2061,13.822],[144.2122,13.832],[144.2185,13.8419],[144.2249,13.8517],[144.2316,13.8614],[144.2384,13.871],[144.2453,13.8804],[144.2525,13.8898],[144.2598,13.899],[144.2672,13.9081],[144.2748,13.917],[144.2826,13.9259],[144.2906,13.9346],[144.2987,13.9431],[144.3069,13.9515],[144.3153,13.9598],[144.3239,13.968],[144.3326,13.9759],[144.3414,13.9838],[144.3504,13.9915],[144.3595,13.999],[144.3687,14.0064],[144.3781,14.0136],[144.3876,14.0206],[144.3972,14.0275],[144.4069,14.0343],[144.4168,14.0408],[144.4268,14.0472],[144.4369,14.0534],[144.4471,14.0595],[144.448,14.0598],[144.4566,14.0679],[144.4653,14.0759],[144.4741,14.0837],[144.4831,14.0914],[144.4922,14.0989],[144.5014,14.1063],[144.5108,14.1135],[144.5203,14.1206],[144.5299,14.1275],[144.5397,14.1342],[144.5496,14.1408],[144.5595,14.1472],[144.5696,14.1534],[144.5798,14.1594],[144.5902,14.1653],[144.6006,14.171],[144.6111,14.1765],[144.6217,14.1819],[144.6324,14.187],[144.6432,14.192],[144.6541,14.1968],[144.6651,14.2014],[144.6761,14.2058],[144.6873,14.21],[144.6985,14.2141],[144.7097,14.2179],[144.7211,14.2216],[144.7325,14.225],[144.744,14.2283],[144.7555,14.2314],[144.7671,14.2343],[144.7787,14.2369],[144.7904,14.2394],[144.8021,14.2417],[144.8138,14.2438],[144.8256,14.2456],[144.8374,14.2473],[144.8493,14.2488],[144.8612,14.2501],[144.8731,14.2511],[144.885,14.252],[144.8969,14.2527],[144.9089,14.2531],[144.9208,14.2534],[144.9327,14.2535],[144.9447,14.2533],[144.9566,14.253],[144.9686,14.2524],[144.9805,14.2516],[144.9924,14.2507],[145.0043,14.2495],[145.0161,14.2482],[145.028,14.2466],[145.0398,14.2448],[145.0516,14.2429],[145.0633,14.2407],[145.075,14.2383],[145.0867,14.2357],[145.0983,14.233],[145.1098,14.23],[145.1213,14.2269],[145.1328,14.2235],[145.1441,14.22],[145.1555,14.2162],[145.1667,14.2123],[145.1779,14.2082],[145.189,14.2038],[145.2,14.1993],[145.2109,14.1947],[145.2218,14.1898],[145.2325,14.1847],[145.2432,14.1795],[145.2538,14.1741],[145.2642,14.1685],[145.2746,14.1627],[145.2849,14.1567],[145.295,14.1506],[145.3051,14.1443],[145.315,14.1378],[145.3248,14.1312],[145.3345,14.1244],[145.3441,14.1174],[145.3535,14.1103],[145.3629,14.103],[145.372,14.0956],[145.3811,14.088],[145.39,14.0802],[145.3988,14.0723],[145.4074,14.0642],[145.4159,14.056],[145.4242,14.0477],[145.4324,14.0392],[145.4404,14.0306],[145.4483,14.0218],[145.456,14.013],[145.4636,14.0039],[145.471,13.9948],[145.4782,13.9855],[145.4853,13.9761],[145.4922,13.9666],[145.4989,13.957],[145.5054,13.9472],[145.5118,13.9374],[145.518,13.9274],[145.524,13.9174],[145.5299,13.9072],[145.5355,13.897],[145.541,13.8866],[145.5463,13.8762],[145.5514,13.8656],[145.5563,13.855],[145.561,13.8443],[145.5655,13.8335],[145.5699,13.8227],[145.574,13.8117],[145.578,13.8007],[145.5817,13.7897],[145.5853,13.7785],[145.5886,13.7674],[145.5918,13.7561],[145.5947,13.7448],[145.5975,13.7335],[145.6,13.7221],[145.6023,13.7107],[145.6045,13.6992],[145.6064,13.6877],[145.6081,13.6762],[145.6097,13.6646],[145.611,13.653],[145.6121,13.6414],[145.613,13.6298],[145.6137,13.6182],[145.6142,13.6065],[145.6145,13.5949],[145.6146,13.5832],[145.6144,13.5716],[145.6141,13.5599],[145.6135,13.5483],[145.6128,13.5367],[145.6118,13.5251],[145.6107,13.5135],[145.6093,13.5019],[145.6077,13.4903],[145.6059,13.4788],[145.6039,13.4673],[145.6017,13.4559],[145.5993,13.4444],[145.5968,13.4331],[145.594,13.4217],[145.591,13.4105],[145.5878,13.3992],[145.5844,13.3881],[145.5808,13.377],[145.577,13.3659],[145.573,13.3549],[145.5688,13.344],[145.5644,13.3332],[145.5599,13.3224],[145.5551,13.3117],[145.5502,13.3011],[145.545,13.2906],[145.5397,13.2802],[145.5342,13.2699],[145.5285,13.2596],[145.5227,13.2495],[145.5166,13.2394],[145.5104,13.2295],[145.504,13.2197],[145.4974,13.21],[145.4907,13.2004],[145.4838,13.1909],[145.4767,13.1815],[145.4695,13.1723],[145.4621,13.1631],[145.4545,13.1541],[145.4468,13.1453],[145.4389,13.1366],[145.4309,13.128],[145.4227,13.1195],[145.4144,13.1112],[145.4059,13.103],[145.3973,13.095],[145.3885,13.0871],[145.3796,13.0794],[145.3706,13.0718],[145.3614,13.0644],[145.3521,13.0571],[145.3427,13.05],[145.3332,13.043],[145.3235,13.0363],[145.3137,13.0297],[145.3038,13.0232],[145.2938,13.0169],[145.2837,13.0108],[145.2813,13.0112]]]]}},{"type":"Feature","properties":{"id":"GUS","name":"GRISSOM APPROACH","prefixes":["GUS"],"labelLat":40.6047,"labelLon":-86.4542,"artcc":"ZAU"},"geometry":{"type":"MultiPolygon","coordinates":[[[[-87.4042,40.4917],[-87.3833,40.3833],[-87.25,40.3],[-86.9167,40.0708],[-86.8667,40.1639],[-86.35,40.225],[-86.0833,40.2083],[-85.9556,40.1194],[-85.7975,40.2708],[-85.5614,40.5028],[-85.5042,40.5583],[-85.7625,40.8792],[-86.1169,40.9667],[-86.4083,41.0333],[-86.7,41.0667],[-86.8439,41.1386],[-86.9286,40.9864],[-87.05,40.7667],[-87.2917,40.7667],[-87.4042,40.4917]]]]}},{"type":"Feature","properties":{"id":"HLN","name":"HELENA APPROACH","prefixes":["HLN"],"labelLat":46.7157,"labelLon":-111.9294},"geometry":{"type":"MultiPolygon","coordinates":[[[[-112.4467,46.3683],[-112.4936,46.4239],[-112.5331,46.4906],[-112.8806,46.4211],[-112.9019,46.4875],[-112.9169,46.5581],[-112.9194,46.6267],[-112.9131,46.6953],[-112.8947,46.7644],[-112.8642,46.8314],[-112.8272,46.8967],[-112.7778,46.9578],[-112.7192,47.015],[-112.6542,47.0681],[-112.6311,47.0842],[-112.5969,47.0606],[-112.5247,47.1075],[-112.4467,47.1461],[-112.3594,47.1764],[-112.2717,47.2025],[-112.1778,47.2244],[-112.0833,47.2339],[-111.9767,47.24],[-111.95,47.1083],[-111.7958,47.0222],[-111.5583,46.9583],[-111.2814,46.9642],[-111.1056,47],[-111.0442,46.9214],[-110.9953,46.8425],[-110.9614,46.7636],[-110.9431,46.6764],[-110.9394,46.5911],[-110.9511,46.5058],[-110.975,46.4225],[-111.0167,46.3414],[-111.0553,46.2833],[-111.0942,46.2375],[-111.6014,46.2686],[-111.6897,46.2322],[-111.7878,46.2064],[-111.8897,46.1925],[-111.9111,46.1922],[-111.9956,46.1914],[-112.0992,46.2025],[-112.1986,46.2261],[-112.2906,46.2611],[-112.3728,46.3064],[-112.3869,46.3178],[-112.4467,46.3683]]]]}},{"type":"Feature","properties":{"id":"HMN","name":"HOLLOMAN APPROACH","prefixes":["HMN"],"labelLat":33.0396,"labelLon":-106.1605,"artcc":"ZAB"},"geometry":{"type":"MultiPolygon","coordinates":[[[[-105.7333,33.625],[-106.0667,33.7458],[-106.275,33.825],[-106.7556,33.8292],[-106.8028,33.5833],[-106.8711,33.2217],[-106.7831,32.8517],[-106.6606,32.325],[-106.6503,32.3],[-106.5672,32.3],[-106.1719,32.3],[-106.2083,32.25],[-105.961,32.2501],[-105.9083,32.25],[-105.7006,32.25],[-105.5622,32.3847],[-105.5,32.4417],[-105.5,32.5556],[-105.45,32.75],[-105.45,33.275],[-105.7333,33.2667],[-105.7333,33.625]]]]}},{"type":"Feature","properties":{"id":"HNL","name":"HCF APPROACH","prefixes":["HNL"],"labelLat":21.2868,"labelLon":-157.8994,"artcc":"ZHN"},"geometry":{"type":"MultiPolygon","coordinates":[[[[-158.009,21.7692],[-158.0618,21.729],[-158.1458,21.6283],[-158.2924,21.6232],[-158.3838,21.4889],[-158.4189,21.3739],[-158.4004,21.1447],[-158.344,21.0441],[-158.1368,20.8785],[-158.0967,20.9553],[-157.9982,20.9209],[-157.9012,20.9201],[-157.8142,20.9339],[-157.7895,20.8526],[-157.7493,20.8678],[-157.7238,20.8044],[-157.5744,20.8849],[-157.4645,20.9886],[-157.3799,21.1569],[-157.5045,21.4116],[-157.8783,21.4405],[-158.009,21.7692]]]]}},{"type":"Feature","properties":{"id":"HOP","name":"CAMPBELL APPROACH","prefixes":["HOP"],"labelLat":36.8934,"labelLon":-87.4875,"artcc":"ZME"},"geometry":{"type":"MultiPolygon","coordinates":[[[[-87.7931,37.47],[-87.6333,37.3917],[-87.3972,37.275],[-86.9167,37.2889],[-86.9001,36.7044],[-86.9333,36.6833],[-87.0736,36.5889],[-87.3347,36.4222],[-87.45,36.35],[-87.501,36.3425],[-87.675,36.3167],[-87.8667,36.3167],[-88.0389,36.4594],[-88.05,36.475],[-88.075,36.7833],[-88.0697,37.0131],[-87.8344,37.4108],[-87.7931,37.47]]]]}},{"type":"Feature","properties":{"id":"HST","name":"HOMESTEAD APPROACH","prefixes":["HST"],"labelLat":25.0311,"labelLon":-80.4733,"artcc":"ZMA"},"geometry":{"type":"MultiPolygon","coordinates":[[[[-80.4003,25.5814],[-80.3058,25.5475],[-80.2689,25.5033],[-80.1875,25.2542],[-80.1333,25.1333],[-80.2739,25.0914],[-80.4733,25.0311],[-80.7019,25.1308],[-80.8206,25.1822],[-80.7631,25.4244],[-80.7542,25.4622],[-80.5222,25.4939],[-80.4486,25.5589],[-80.4003,25.5814]]]]}},{"type":"Feature","properties":{"id":"HSV","name":"HUNTSVILLE APPROACH","prefixes":["HSV"],"labelLat":34.6167,"labelLon":-86.5792,"artcc":"ZME"},"geometry":{"type":"MultiPolygon","coordinates":[[[[-87.3667,34.9375],[-87.1167,35.1],[-87,35.1083],[-86.7667,35.1333],[-86.4,35.125],[-86.2667,34.9167],[-85.7917,34.975],[-85.9306,34.8111],[-86.075,34.6361],[-86.175,34.3875],[-86.4503,34.2339],[-86.6,34.15],[-86.7133,34.1],[-87.0333,34.1],[-87.1222,34.2417],[-87.3,34.5556],[-87.3667,34.6667],[-87.3667,34.8],[-87.3667,34.9375]]]]}},{"type":"Feature","properties":{"id":"HTZ","name":"HUNTINGTON APPROACH","prefixes":["HTS"],"labelLat":38.4021,"labelLon":-82.559},"geometry":{"type":"MultiPolygon","coordinates":[[[[-83.2389,38.7722],[-83.2158,38.6803],[-83.0556,38.0333],[-83.1167,37.8958],[-82.7781,37.6217],[-82.5572,37.5958],[-82.2086,37.9242],[-82.2128,37.9614],[-82.2333,38.1403],[-82.1333,38.4375],[-82.0153,38.5444],[-81.8792,38.7],[-81.9,38.8333],[-82.0083,39.0958],[-82.0542,39.2083],[-82.4236,39.0528],[-82.4389,39.0542],[-82.4917,39.0583],[-82.7833,39.075],[-83.0333,39.0833],[-83.0333,38.7792],[-83.2389,38.7722]]]]}},{"type":"Feature","properties":{"id":"HUF","name":"HULMAN APPROACH","prefixes":["HUF"],"labelLat":39.3684,"labelLon":-87.2505,"artcc":"ZID"},"geometry":{"type":"MultiPolygon","coordinates":[[[[-86.9856,38.7792],[-88.1067,38.8081],[-88.1103,38.8992],[-88.1292,39.3861],[-87.9667,39.4167],[-87.8417,39.7167],[-87.5551,40.0007],[-87.2686,40],[-86.95,40],[-86.975,39.9542],[-86.9,39.3833],[-86.8708,39.2917],[-86.5,39],[-86.3719,38.8965],[-86.7452,38.7362],[-86.9856,38.7792]]]]}},{"type":"Feature","properties":{"id":"I90","name":"HOUSTON APPROACH","prefixes":["I90"],"labelLat":30.0822,"labelLon":-95.2893,"artcc":"ZHU"},"geometry":{"type":"MultiPolygon","coordinates":[[[[-95.8142,30.6211],[-95.8583,30.6833],[-96.0333,30.9667],[-96.1697,31.1961],[-96.2667,31.3583],[-96.5125,31.2667],[-96.6833,31.2042],[-97,31.2042],[-97.0417,30.875],[-97.1,30.8],[-97.1119,30.6536],[-96.9081,30.4367],[-96.8472,30.3667],[-96.8217,30.3372],[-96.815,30.2486],[-96.8167,30.1628],[-96.8167,30.15],[-96.8208,29.7336],[-96.9317,29.5103],[-96.9339,29.4497],[-96.6889,29.4322],[-96.0931,29.4353],[-96.0122,29.2831],[-96,29.2578],[-95.5167,28.8061],[-95.5,28.8142],[-95.2875,28.9097],[-95.1658,28.965],[-94.8333,29.1131],[-94.4997,29.2603],[-94.4542,29.3469],[-94.1667,29.4267],[-94.15,29.4417],[-93.8333,29.52],[-93.7667,29.5417],[-93.5,29.5417],[-93.4667,29.5417],[-93.5,29.6167],[-93.6167,29.9],[-93.6667,30.0833],[-93.6917,30.1833],[-93.7167,30.275],[-93.7833,30.5583],[-94.1056,30.5667],[-94.4953,30.5419],[-94.7589,30.5406],[-95.1972,30.6397],[-95.3167,30.6667],[-95.5014,30.6203],[-95.5286,30.6075],[-95.8142,30.6211]]]]}},{"type":"Feature","properties":{"id":"ICT","name":"WICHITA APPROACH","prefixes":["ICT"],"labelLat":37.55,"labelLon":-97.5917,"artcc":"ZKC"},"geometry":{"type":"MultiPolygon","coordinates":[[[[-98.4667,37.8333],[-98.4311,37.6894],[-98.2894,37.1114],[-98.2806,37.0739],[-98.2003,37.0764],[-98.0003,37.0833],[-97.7386,36.9778],[-97.6,36.9167],[-97.2,37.1833],[-96.9742,37.3328],[-96.8083,37.4417],[-96.7167,37.625],[-96.725,37.7417],[-96.725,37.8],[-96.9833,38.1],[-97.2492,38.1756],[-97.2806,38.1833],[-97.6306,38.1167],[-97.8778,38.0819],[-98.4667,37.8333]]]]}},{"type":"Feature","properties":{"id":"ILM","name":"WILMINGTON APPROACH","prefixes":["ILM"],"labelLat":34.314,"labelLon":-78.0361,"artcc":"ZDC"},"geometry":{"type":"MultiPolygon","coordinates":[[[[-78.685,34.3969],[-78.3236,34.9869],[-77.9508,34.9492],[-77.4961,35.1025],[-77.3872,34.9158],[-77.5219,34.7989],[-77.6944,34.6314],[-77.6497,34.5189],[-77.5944,34.4717],[-77.4997,34.3919],[-77.5,33.85],[-77.5117,33.5256],[-77.7508,33.7056],[-77.9328,33.8417],[-78.0997,33.8417],[-78.1497,33.8419],[-78.3956,33.8419],[-78.3583,34.1572],[-78.685,34.3969]]]]}},{"type":"Feature","properties":{"id":"IND","name":"INDIANAPOLIS APPROACH","prefixes":["IND"],"labelLat":39.7274,"labelLon":-86.0333,"artcc":"ZID"},"geometry":{"type":"MultiPolygon","coordinates":[[[[-85.1917,39.9861],[-85.225,39.775],[-85.2339,39.5789],[-85.3175,39.5781],[-85.5003,39.4556],[-85.5,39.0833],[-85.4987,38.9563],[-85.7266,38.9522],[-86.3719,38.8965],[-86.5,39],[-86.8708,39.2917],[-86.9,39.3833],[-86.975,39.9542],[-86.95,40],[-86.9167,40.0708],[-86.8667,40.1639],[-86.35,40.225],[-86.0833,40.2083],[-85.9556,40.1194],[-85.7975,40.2708],[-85.5614,40.5028],[-85.5042,40.5583],[-85.475,40.5167],[-85.3167,40.4333],[-85.0917,40.3],[-85.1575,40.0831],[-85.1858,40],[-85.1917,39.9861]]]]}},{"type":"Feature","properties":{"id":"ITO","name":"HILO APPROACH","prefixes":["ITO"],"labelLat":19.7138,"labelLon":-155.0084,"artcc":"ZHN"},"geometry":{"type":"MultiPolygon","coordinates":[[[[-154.9396,20.1271],[-155.1041,20.1231],[-155.2616,20.0624],[-155.3334,20.0022],[-155.3867,19.9378],[-155.3903,19.9272],[-155.4224,19.8654],[-155.4442,19.7932],[-155.4508,19.7408],[-155.4477,19.662],[-155.4419,19.6299],[-155.4164,19.5523],[-155.3843,19.4935],[-155.3317,19.4337],[-155.3032,19.4041],[-155.2378,19.3596],[-155.1938,19.3386],[-155.1381,19.3206],[-155.04,19.3005],[-154.9138,19.3093],[-154.8606,19.3266],[-154.823,19.3414],[-154.7817,19.3607],[-154.7276,19.3951],[-154.6908,19.4263],[-154.6762,19.4438],[-154.6574,19.468],[-154.6195,19.5176],[-154.5902,19.5861],[-154.5776,19.6275],[-154.5675,19.683],[-154.5661,19.7101],[-154.5674,19.7439],[-154.5738,19.7935],[-154.586,19.8415],[-154.602,19.8777],[-154.6229,19.9238],[-154.6807,19.9983],[-154.7234,20.0363],[-154.7781,20.0735],[-154.8466,20.1062],[-154.8797,20.1176],[-154.9396,20.1271]]]]}},{"type":"Feature","properties":{"id":"JAN","name":"JACKSON APPROACH","prefixes":["JAN"],"labelLat":32.3451,"labelLon":-90.0889,"artcc":"ZME"},"geometry":{"type":"MultiPolygon","coordinates":[[[[-90.45,32.7833],[-89.9917,32.7833],[-89.9597,32.7833],[-89.7222,32.5667],[-89.5514,32.4069],[-89.7069,31.9417],[-89.9333,31.9306],[-90.3139,31.9069],[-90.6264,32.3069],[-90.45,32.7833]]]]}},{"type":"Feature","properties":{"id":"JAX","name":"JACKSONVILLE APPROACH","prefixes":["JAX"],"labelLat":29.8167,"labelLon":-81.9304,"artcc":"ZJX"},"geometry":{"type":"MultiPolygon","coordinates":[[[[-82.1833,31],[-81.7833,31],[-81.6,31],[-81.3761,30.9178],[-81.3219,30.8969],[-81.2167,30.6639],[-80.9608,30.6],[-80.9633,30.5814],[-80.9964,30.3167],[-81.0289,30.0558],[-81.0308,29.9778],[-81.0339,29.8542],[-81.2961,29.8394],[-81.5667,29.8236],[-81.5386,29.6058],[-81.5331,29.4919],[-81.5219,29.3808],[-81.4997,29.2086],[-81.5,29.0333],[-81.5,29],[-81.5167,29],[-81.7083,29],[-81.9281,28.9661],[-81.9417,28.7292],[-82.0417,28.6333],[-82.3653,28.6869],[-82.7167,28.7417],[-82.8792,29.2042],[-82.9,29.4667],[-82.9,29.6222],[-82.9,29.6667],[-82.9,29.8],[-82.6667,29.8],[-82.5433,29.8786],[-82.2833,30.05],[-82.3833,30.725],[-82.1833,31]]]]}},{"type":"Feature","properties":{"id":"JCF","name":"JOSHUA APPROACH","prefixes":["EDW","JCF","PMD"],"labelLat":35.7167,"labelLon":-117.5208,"artcc":"ZLA"},"geometry":{"type":"MultiPolygon","coordinates":[[[[-118.4667,35.0917],[-118.5833,35.25],[-118.5833,35.6667],[-118.5833,36],[-118.5833,36.1333],[-118.5833,36.5708],[-118.5833,36.7625],[-118.5833,37.0806],[-118.5842,37.2],[-118.4333,37.2],[-118,37.2],[-117.3333,37.2],[-116.9027,36.4542],[-116.75,36.2167],[-116.3842,35.5667],[-116.3125,35.4764],[-116.3133,35.4728],[-116.3133,35.3125],[-116.5675,35.1167],[-116.6842,35.0222],[-116.9633,34.975],[-117.0001,34.9679],[-117.1502,34.939],[-117.198,34.8916],[-117.5342,34.8389],[-117.5342,34.8083],[-117.5842,34.8],[-118.0175,34.8],[-118.0967,34.8278],[-118.0958,34.8],[-118.2333,34.85],[-118.2917,34.8917],[-118.35,34.9333],[-118.4667,35.0917]]],[[[-117.0001,34.9679],[-116.9678,34.6847],[-116.9542,34.5667],[-117.1803,34.4033],[-117.2008,34.3881],[-117.2333,34.35],[-117.2583,34.3319],[-117.3514,34.2603],[-117.3875,34.2333],[-117.4583,34.2611],[-117.7175,34.2917],[-117.7397,34.3244],[-117.8308,34.4583],[-117.85,34.4583],[-118.1083,34.3417],[-118.2833,34.4],[-118.3625,34.5083],[-118.425,34.4862],[-118.4636,34.5499],[-118.4819,34.5797],[-118.5875,34.5417],[-118.7292,34.9583],[-118.6194,34.9833],[-118.4667,35.0917],[-118.5833,35.25],[-118.5833,35.6667],[-118.5833,36],[-118.5833,36.1333],[-118.5833,36.5708],[-118.5833,36.7625],[-118.5833,37.0806],[-118.5842,37.2],[-118.4333,37.2],[-118,37.2],[-117.3333,37.2],[-116.9027,36.4542],[-116.75,36.2167],[-116.3842,35.5667],[-116.3125,35.4764],[-116.3133,35.4728],[-116.3133,35.3125],[-116.5675,35.1167],[-116.6842,35.0222],[-116.9633,34.975],[-117.0001,34.9679]]],[[[-117.0001,34.9679],[-116.9678,34.6847],[-116.9542,34.5667],[-117.1803,34.4033],[-117.2008,34.3881],[-117.2333,34.35],[-117.2583,34.3319],[-117.3514,34.2603],[-117.3875,34.2333],[-117.4583,34.2611],[-117.7175,34.2917],[-117.7397,34.3244],[-117.8308,34.4583],[-117.85,34.4583],[-118.1083,34.3417],[-118.2833,34.4],[-118.3625,34.5083],[-118.425,34.4862],[-118.4636,34.5499],[-118.4819,34.5797],[-118.5875,34.5417],[-118.7292,34.9583],[-118.6194,34.9833],[-118.4667,35.0917],[-118.35,34.9333],[-118.2917,34.8917],[-118.2333,34.85],[-118.0958,34.8],[-118.0958,34.8278],[-118.0967,34.8278],[-118.0175,34.8],[-117.5842,34.8],[-117.5342,34.8083],[-117.5342,34.8389],[-117.198,34.8916],[-117.1502,34.939],[-117.0001,34.9679]]]]}},{"type":"Feature","properties":{"id":"JST","name":"JOHNSTOWN APPROACH","prefixes":["JST"],"labelLat":40.0882,"labelLon":-78.8269,"artcc":"ZOB"},"geometry":{"type":"MultiPolygon","coordinates":[[[[-79.6008,40.3603],[-79.5772,40.4894],[-79.5983,40.6192],[-79.6628,40.7403],[-79.6917,40.7708],[-79.175,40.8042],[-78.8667,40.825],[-78.5,40.8417],[-78.5,40.6583],[-77.9669,40.6114],[-77.9414,40.5217],[-77.9058,40.3956],[-77.8642,40.2467],[-77.8625,40.2],[-77.8583,40.1569],[-77.8403,39.8556],[-77.9333,39.85],[-78.4511,39.6959],[-78.485,39.6467],[-78.5222,39.5917],[-78.7028,39.3347],[-79.2333,39.4667],[-79.2083,39.5833],[-79.5806,40.045],[-79.8136,40.1072],[-79.7714,40.1367],[-79.6669,40.2397],[-79.6008,40.3603]]]]}},{"type":"Feature","properties":{"id":"KC","name":"KANSAS CITY APPROACH","prefixes":["KC"],"labelLat":39.2285,"labelLon":-94.6708},"geometry":{"type":"MultiPolygon","coordinates":[[[[-95.2389,39.8278],[-94.5667,39.8208],[-94.3992,39.8025],[-94.1125,39.7708],[-93.9,39.5667],[-93.9625,39.2958],[-93.9917,39.1667],[-94.025,39.0083],[-94.2458,38.6292],[-94.7261,38.6853],[-95.15,38.7333],[-95.2203,38.7917],[-95.4417,38.9542],[-95.425,39.0417],[-95.3667,39.3472],[-95.3417,39.5111],[-95.2389,39.8278]]]]}},{"type":"Feature","properties":{"id":"KOJ","name":"KAGOSHIMA APPROACH","prefixes":["KOJ","RJFK","RJFM"],"labelLat":31.8557,"labelLon":131.2451},"geometry":{"type":"MultiPolygon","coordinates":[[[[131.3058,31.0842],[130.8825,31.1158],[130.6617,31.1317],[130.5498,31.1485],[130.4199,31.1844],[130.2993,31.2389],[130.1916,31.3104],[130.145,31.3514],[130.12,31.3764],[130.0736,31.4306],[130.1189,31.9914],[130.2789,32.0592],[130.5619,32.1778],[130.8792,32.31],[130.94,32.4058],[131.0269,32.5769],[131.8078,32.6519],[131.9715,32.577],[132.1062,32.4877],[132.2205,32.3798],[132.3111,32.2567],[132.3751,32.1222],[132.4107,31.9802],[132.4131,31.9436],[132.4166,31.8352],[132.3929,31.6914],[132.34,31.5534],[132.2598,31.4253],[132.1546,31.3109],[132.0276,31.2138],[131.8826,31.1369],[131.7241,31.0825],[131.6253,31.0594],[131.5942,31.0619],[131.3058,31.0842]]],[[[130.1189,31.9914],[130.2789,32.0592],[130.5619,32.1778],[130.8792,32.31],[130.94,32.4058],[131.0339,32.1881],[130.9972,32.1378],[130.9806,31.9944],[130.9756,31.8406],[131.0428,31.8525],[131.5653,31.61],[131.5681,31.5833],[131.5889,31.3931],[131.3058,31.0842],[130.8825,31.1158],[130.6617,31.1317],[130.5498,31.1485],[130.4199,31.1844],[130.2993,31.2389],[130.1916,31.3104],[130.145,31.3514],[130.12,31.3764],[130.0736,31.4306],[130.1189,31.9914]]],[[[131.0269,32.5769],[131.8078,32.6519],[131.9715,32.577],[132.1062,32.4877],[132.2205,32.3798],[132.3111,32.2567],[132.3751,32.1222],[132.4107,31.9802],[132.4131,31.9436],[132.4166,31.8352],[132.3929,31.6914],[132.34,31.5534],[132.2598,31.4253],[132.1546,31.3109],[132.0276,31.2138],[131.8826,31.1369],[131.7241,31.0825],[131.6253,31.0594],[131.5942,31.0619],[131.3058,31.0842],[131.5889,31.3931],[131.5681,31.5833],[131.5653,31.61],[131.0428,31.8525],[130.9756,31.8406],[130.9806,31.9944],[130.9972,32.1378],[131.0339,32.1881],[130.94,32.4058],[131.0269,32.5769]]]]}},{"type":"Feature","properties":{"id":"L30","name":"LAS VEGAS APPROACH","prefixes":["LAS"],"labelLat":35.9399,"labelLon":-114.9979,"artcc":"ZLA"},"geometry":{"type":"MultiPolygon","coordinates":[[[[-115.8542,36.3458],[-115.6667,36.2722],[-115.6667,36.2722],[-115.1931,36.2167],[-115.1931,36.2167],[-115.1794,36.2069],[-115.1794,36.2069],[-114.9819,36.1858],[-114.9819,36.1858],[-114.7647,36.3547],[-114.7647,36.3547],[-114.6633,36.3975],[-114.6633,36.3975],[-114.3083,36.3978],[-114.3083,36.3978],[-114.1417,36.3236],[-114.1417,36.3236],[-114.1667,35.8194],[-114.1667,35.8194],[-114.4875,35.6208],[-114.4875,35.6208],[-114.9125,35.4819],[-114.9125,35.4819],[-115.4611,35.4903],[-115.4611,35.4903],[-115.6847,35.6139],[-115.6847,35.6139],[-115.85,35.8083],[-115.85,35.8083],[-115.8542,36.3458]]]]}},{"type":"Feature","properties":{"id":"LBB","name":"LUBBOCK APPROACH","prefixes":["LBB"],"labelLat":33.6679,"labelLon":-101.8349,"artcc":"ZFW"},"geometry":{"type":"MultiPolygon","coordinates":[[[[-102.4833,34.0667],[-102.4225,34.1389],[-102.2997,34.2272],[-102.1942,34.2731],[-102.0633,34.3133],[-101.9233,34.3331],[-101.7853,34.3339],[-101.6458,34.3136],[-101.5133,34.2722],[-101.3925,34.2133],[-101.2861,34.1394],[-101.1969,34.0483],[-101.1275,33.9483],[-101.0886,33.8575],[-101.0581,33.7228],[-101.0583,33.6081],[-101.0836,33.4989],[-101.1336,33.3825],[-101.2039,33.2825],[-101.2919,33.1942],[-101.4003,33.1197],[-101.5192,33.0617],[-101.6486,33.0219],[-101.7864,33.0028],[-101.9225,33.0019],[-102.0597,33.0219],[-102.1333,33.0333],[-102.1167,33.0667],[-102.185,33.0967],[-102.2972,33.155],[-102.3981,33.2261],[-102.48,33.3125],[-102.545,33.4081],[-102.5886,33.5125],[-102.61,33.6222],[-102.6117,33.6911],[-102.6092,33.7331],[-102.5856,33.8403],[-102.5392,33.9444],[-102.45,34.05],[-102.4833,34.0667]]]]}},{"type":"Feature","properties":{"id":"LCH","name":"LAKE CHARLES APPROACH","prefixes":["LCH"],"labelLat":30.0375,"labelLon":-93.1418,"artcc":"ZHU"},"geometry":{"type":"MultiPolygon","coordinates":[[[[-93.7167,30.275],[-93.7833,30.5583],[-93.625,30.5583],[-93.3833,30.5583],[-92.6417,30.5583],[-92.5003,30.4003],[-92.5617,29.5708],[-92.5667,29.5167],[-92.8333,29.5233],[-93.1667,29.5333],[-93.3167,29.5333],[-93.4667,29.5417],[-93.5,29.6167],[-93.6167,29.9],[-93.6667,30.0833],[-93.6917,30.1833],[-93.7167,30.275]]]]}},{"type":"Feature","properties":{"id":"LEX","name":"LEXINGTON APPROACH","prefixes":["LEX"],"labelLat":37.9078,"labelLon":-84.4691,"artcc":"ZID"},"geometry":{"type":"MultiPolygon","coordinates":[[[[-84.3878,38.4517],[-84.0183,38.4369],[-83.7856,38.1597],[-83.8292,37.8],[-83.8292,37.6],[-84.6906,37.3422],[-85.0041,37.5816],[-85.0441,37.7257],[-85.0695,37.8395],[-85.1527,38.2112],[-84.9667,38.4733],[-84.3878,38.4517]]]]}},{"type":"Feature","properties":{"id":"LFT","name":"LAFAYETTE APPROACH","prefixes":["LFT"],"labelLat":30.15,"labelLon":-92.0375,"artcc":"ZHU"},"geometry":{"type":"MultiPolygon","coordinates":[[[[-92.5003,30.4003],[-92.6417,30.5583],[-92.25,30.8],[-91.95,30.8],[-91.8083,30.6083],[-91.5,30.1917],[-91.5,30.0333],[-91.4333,30.0333],[-91.4333,29.9],[-91.525,29.775],[-91.6222,29.7611],[-91.6222,29.5],[-91.8689,29.5044],[-92.1667,29.5083],[-92.5,29.5147],[-92.5667,29.5167],[-92.5617,29.5708],[-92.5003,30.4003]]]]}},{"type":"Feature","properties":{"id":"LFVP","name":"SAINT PIERRE APPROACH","prefixes":["LFVP"],"labelLat":46.769,"labelLon":-56.1894},"geometry":{"type":"MultiPolygon","coordinates":[[[[-55.9544,47.3346],[-56.1397,47.3521],[-56.3073,47.3457],[-56.4259,47.3261],[-56.543,47.2942],[-56.6593,47.2477],[-56.7598,47.1922],[-56.8502,47.1234],[-56.908,47.0663],[-56.9506,47.0096],[-56.9829,46.9498],[-57.0109,46.8746],[-57.0224,46.8034],[-57.0232,46.7331],[-57.0102,46.6647],[-56.9841,46.5938],[-56.9415,46.5177],[-56.8844,46.449],[-56.8215,46.3912],[-56.6877,46.3038],[-56.601,46.2649],[-56.5034,46.2304],[-56.3957,46.2054],[-56.2938,46.1913],[-56.1803,46.1858],[-56.0675,46.1904],[-55.9599,46.2069],[-55.8579,46.2294],[-55.7582,46.2643],[-55.6635,46.3088],[-55.5789,46.3612],[-55.5067,46.42],[-55.4387,46.4912],[-55.391,46.5683],[-55.3556,46.6607],[-55.9328,46.7622],[-55.9341,46.7796],[-55.938,46.7968],[-55.9444,46.8136],[-55.9534,46.8299],[-55.9648,46.8454],[-55.9786,46.8601],[-55.9945,46.8736],[-56.0124,46.886],[-56.0321,46.897],[-56.0534,46.9066],[-56.0761,46.9146],[-56.0999,46.9209],[-56.1122,46.9234],[-55.9544,47.3346]]]]}},{"type":"Feature","properties":{"id":"LIT","name":"LITTLE ROCK APPROACH","prefixes":["LIT"],"labelLat":34.675,"labelLon":-92.0687,"artcc":"ZME"},"geometry":{"type":"MultiPolygon","coordinates":[[[[-92.8167,34.2917],[-92.8167,34.45],[-92.8167,34.8208],[-92.6458,35.1972],[-92.5917,35.3167],[-92,35.3167],[-91.5,35.4333],[-91.4639,35.3625],[-91.3208,35.0833],[-91.4972,35.0375],[-91.4417,34.5],[-91.3667,34.3667],[-91.5556,34.1528],[-91.6833,34],[-91.9333,33.9167],[-92.25,33.9167],[-92.2833,34.1889],[-92.8167,34.2917]]]]}},{"type":"Feature","properties":{"id":"LMT","name":"KLAMATH FALLS APPROACH","prefixes":["LMT"],"labelLat":42.1548,"labelLon":-121.771,"artcc":"ZSE"},"geometry":{"type":"MultiPolygon","coordinates":[[[[-122.4167,42.3833],[-122.0519,42.5931],[-121.8544,42.6461],[-121.6431,42.6519],[-121.4414,42.6072],[-121.2644,42.52],[-121.135,42.3967],[-121.1253,42.3781],[-121.4478,41.7008],[-121.6442,41.6578],[-121.8528,41.6625],[-122.0492,41.7172],[-122.2142,41.8117],[-122.2786,41.8689],[-122.3,41.8833],[-122.4167,42],[-122.4167,42.3833]]]]}},{"type":"Feature","properties":{"id":"LPFL","name":"FLORES APPROACH","prefixes":["LPFL"],"labelLat":39.4535,"labelLon":-31.1089},"geometry":{"type":"MultiPolygon","coordinates":[[[[-32.0042,38.9923],[-31.3122,40.22],[-31.2103,40.223],[-31.0544,40.2134],[-30.9023,40.1849],[-30.7578,40.1382],[-30.6245,40.0745],[-30.5056,39.9955],[-30.404,39.903],[-30.3223,39.7994],[-30.2625,39.6874],[-30.226,39.5697],[-30.2137,39.4492],[-30.226,39.329],[-30.2625,39.2119],[-30.3223,39.1008],[-30.404,38.9985],[-30.5056,38.9073],[-30.6245,38.8295],[-30.7578,38.767],[-30.9023,38.7213],[-31.0544,38.6934],[-31.2103,38.684],[-31.3662,38.6934],[-31.5183,38.7213],[-31.6627,38.767],[-31.7961,38.8295],[-31.915,38.9073],[-32.0042,38.9923]]]]}},{"type":"Feature","properties":{"id":"LSV","name":"NELLIS APPROACH","prefixes":["LSV"],"labelLat":37.2507,"labelLon":-115.7083,"artcc":"ZLA"},"geometry":{"type":"MultiPolygon","coordinates":[[[[-117.6334,37.8834],[-117.3672,38.2846],[-117.2678,38.2846],[-117.0014,38.3346],[-116.3014,38.2333],[-116.1834,37.8833],[-114.7002,37.985],[-114.5001,38.0167],[-114.2001,38.0167],[-114,37.9668],[-113.7833,37.7167],[-113.9836,37.4672],[-114.3846,36.9671],[-114.4682,36.7169],[-114.5333,36.5667],[-114.7012,36.4175],[-114.6513,36.3847],[-114.7515,36.3505],[-114.8344,36.2843],[-114.9007,36.2174],[-115.0016,36.1839],[-115.0348,36.1667],[-115.0848,36.1669],[-115.1346,36.1675],[-115.1346,36.1675],[-115.1845,36.2008],[-115.2008,36.2168],[-115.2342,36.2171],[-115.5506,36.2509],[-115.6667,36.2672],[-115.8504,36.3346],[-116.0508,36.4333],[-116.151,36.5],[-116.7834,36.5],[-116.9179,36.5],[-117.3333,37.2],[-117.5001,37.5],[-117.6334,37.8834]]]]}},{"type":"Feature","properties":{"id":"LTS","name":"ALTUS APPROACH","prefixes":["LTS"],"labelLat":34.6882,"labelLon":-99.5024,"artcc":"ZFW"},"geometry":{"type":"MultiPolygon","coordinates":[[[[-99.5833,35.0792],[-99.1917,35.0333],[-99.0833,35.15],[-98.7833,35.0833],[-98.7667,34.8542],[-98.7667,34.7208],[-98.8336,34.7042],[-98.8083,34.6375],[-98.7794,34.6],[-98.7667,34.6],[-98.7667,34.3833],[-99.0333,34.2778],[-99.1667,34.2111],[-99.45,34.2722],[-99.6583,34.3208],[-100.2381,34.5658],[-100.0736,34.7722],[-99.7553,35.1653],[-99.5833,35.0792]]]]}},{"type":"Feature","properties":{"id":"LUF","name":"LUKE APPROACH","prefixes":["LUF"],"labelLat":33.3821,"labelLon":-112.6197,"artcc":"ZAB"},"geometry":{"type":"MultiPolygon","coordinates":[[[[-112.2167,32.6],[-112.0886,33.0057],[-112.197,33.0195],[-112.3108,33.0999],[-112.3575,33.3329],[-112.2206,33.5655],[-112.1198,33.6463],[-112.1692,33.8356],[-112.3996,33.9193],[-112.5167,34.0833],[-112.5931,34.1642],[-112.7564,34.1086],[-112.8989,34.025],[-113.0167,33.9133],[-113.0853,33.8144],[-113.1508,33.6431],[-112.9333,33.575],[-112.7975,33.5069],[-113.0448,32.8179],[-112.8174,32.8403],[-112.6507,32.8167],[-112.2167,32.6]]]]}},{"type":"Feature","properties":{"id":"M03","name":"MEMPHIS APPROACH","prefixes":["MEM"],"labelLat":35.0625,"labelLon":-89.9792,"artcc":"ZME"},"geometry":{"type":"MultiPolygon","coordinates":[[[[-90.2458,35.6958],[-90.15,35.7167],[-89.9333,35.7292],[-89.725,35.6958],[-89.6833,35.6833],[-89.5333,35.6167],[-89.3736,35.5083],[-89.3122,35.4322],[-89.2542,35.3583],[-89.25,35.35],[-89.2192,35.2858],[-89.1833,35.2],[-89.1667,35.0236],[-89.2167,34.85],[-89.3083,34.6958],[-89.35,34.6333],[-89.4667,34.6333],[-89.5667,34.6333],[-89.6333,34.6],[-89.8167,34.4167],[-90.025,34.3958],[-90.2333,34.4292],[-90.3,34.45],[-90.4236,34.5042],[-90.5833,34.6167],[-90.7,34.7583],[-90.775,34.925],[-90.7917,35.1],[-90.75,35.2667],[-90.7458,35.2903],[-90.6625,35.425],[-90.525,35.5583],[-90.35,35.6583],[-90.2458,35.6958]]]]}},{"type":"Feature","properties":{"id":"M98","name":"MINNEAPOLIS APPROACH","prefixes":["MSP"],"labelLat":44.8867,"labelLon":-93.2239,"artcc":"ZMP"},"geometry":{"type":"MultiPolygon","coordinates":[[[[-93.5653,45.5072],[-93.2517,45.4911],[-92.7706,45.4647],[-92.3178,45.0378],[-92.3664,44.825],[-92.3994,44.5764],[-92.7525,44.3456],[-92.8728,44.2661],[-93.3106,44.2717],[-93.4686,44.2733],[-93.5542,44.3156],[-93.8789,44.4819],[-94.0194,44.6008],[-94.13,44.6911],[-94.1164,44.8864],[-94.0961,45.1778],[-94.0778,45.1892],[-93.7219,45.4103],[-93.5653,45.5072]]]]}},{"type":"Feature","properties":{"id":"MAF","name":"MIDLAND APPROACH","prefixes":["MAF"],"labelLat":31.9375,"labelLon":-102.1972,"artcc":"ZFW"},"geometry":{"type":"MultiPolygon","coordinates":[[[[-101.6889,32.45],[-101.4167,31.9167],[-101.4389,31.8056],[-101.4833,31.6833],[-101.5528,31.5833],[-102.0206,31.5083],[-102.2167,31.425],[-102.4083,31.5],[-102.8667,31.6667],[-102.9444,31.775],[-102.975,31.8806],[-102.9778,31.9972],[-102.9583,32.1278],[-102.9167,32.2167],[-102.85,32.325],[-102.7722,32.4094],[-101.6889,32.45]]]]}},{"type":"Feature","properties":{"id":"MBPV","name":"PROVIDENCIALES APPROACH","prefixes":["MBPV"],"labelLat":21.8685,"labelLon":-71.7333},"geometry":{"type":"MultiPolygon","coordinates":[[[[-72.2411,22.7869],[-72.1247,22.7089],[-71.9667,22.5667],[-71.5997,22.2797],[-71.1667,21.9333],[-70.4333,21.3667],[-70.6667,21.1667],[-70.9667,20.95],[-71.3833,21.0667],[-71.6172,21.0833],[-71.8158,21.0969],[-72.3358,21.3853],[-73.0333,21.7667],[-72.2411,22.7869]]]]}},{"type":"Feature","properties":{"id":"MDPC","name":"PUNTA CANA APPROACH","prefixes":["MDPC"],"labelLat":18.5502,"labelLon":-68.5455},"geometry":{"type":"MultiPolygon","coordinates":[[[[-68.638,19.3651],[-68.7206,19.3357],[-68.7831,19.308],[-68.8512,19.2715],[-68.9325,19.2174],[-68.9943,19.1654],[-69.0579,19.0998],[-69.0917,19.0598],[-69.0358,19.0118],[-69.004,18.9788],[-68.9568,18.9203],[-68.9267,18.8793],[-68.8876,18.8157],[-68.8598,18.7589],[-68.8425,18.7119],[-68.805,18.7003],[-68.7734,18.6859],[-68.7485,18.6706],[-68.7184,18.6469],[-68.6918,18.6194],[-68.6771,18.6001],[-68.6577,18.5672],[-68.6432,18.5315],[-68.634,18.4931],[-68.631,18.4506],[-68.6338,18.4172],[-68.6403,18.3876],[-68.6513,18.3552],[-68.6725,18.3149],[-68.7009,18.2779],[-68.7299,18.251],[-68.7556,18.233],[-68.7849,18.2168],[-68.8208,18.2018],[-68.8257,18.2006],[-68.8349,18.1702],[-68.8466,18.1391],[-68.8618,18.1043],[-68.8784,18.0685],[-68.9004,18.0288],[-68.9181,18.0009],[-68.9394,17.9683],[-68.9601,17.9399],[-68.9337,17.9193],[-68.8942,17.8908],[-68.8557,17.8661],[-68.8072,17.8381],[-68.7477,17.8099],[-68.6915,17.7882],[-68.6332,17.7693],[-68.5792,17.7557],[-68.515,17.7439],[-68.4553,17.7371],[-68.3832,17.7353],[-68.3263,17.7371],[-68.2588,17.7431],[-68.1889,17.7562],[-68.1232,17.7724],[-68.0459,17.799],[-67.9999,17.8182],[-67.9993,19.0002],[-68.638,19.3651]]]]}},{"type":"Feature","properties":{"id":"MDPP","name":"CIBAO APPROACH","prefixes":["MDPP"],"labelLat":19.681,"labelLon":-70.6383},"geometry":{"type":"MultiPolygon","coordinates":[[[[-71.6666,20.4167],[-71.7389,19.9681],[-70.3582,18.9451],[-70.3384,18.9683],[-70.3248,18.9834],[-70.3121,18.9974],[-70.2964,19.0129],[-70.284,19.0241],[-70.2719,19.0357],[-70.2534,19.0518],[-70.2369,19.0656],[-70.2262,19.0741],[-70.2157,19.082],[-70.2049,19.0902],[-70.1944,19.098],[-70.1837,19.1053],[-70.1721,19.1129],[-70.1574,19.1223],[-70.1451,19.1305],[-70.131,19.1383],[-70.1153,19.1477],[-70.1011,19.1562],[-70.0849,19.1645],[-70.0669,19.1735],[-70.0547,19.1796],[-70.0378,19.187],[-70.0245,19.1927],[-70.011,19.1984],[-69.9964,19.2041],[-69.9813,19.2098],[-69.9685,19.2145],[-69.9561,19.2185],[-69.9469,19.2213],[-69.9309,19.2262],[-69.9264,19.2127],[-69.9236,19.2042],[-69.9192,19.1943],[-69.9147,19.1841],[-69.9102,19.1771],[-69.9052,19.1695],[-69.9,19.1615],[-69.8935,19.1536],[-69.8877,19.1469],[-69.8806,19.1386],[-69.8704,19.1302],[-69.8617,19.1231],[-69.8533,19.1163],[-69.8435,19.1109],[-69.8354,19.1066],[-69.8274,19.1023],[-69.8163,19.0978],[-69.8015,19.092],[-69.795,19.0895],[-69.7879,19.0881],[-69.7793,19.0863],[-69.7719,19.0848],[-69.7666,19.0837],[-69.7612,19.0833],[-69.7538,19.0828],[-69.7466,19.0823],[-69.7369,19.0816],[-69.7337,19.0813],[-69.7271,19.082],[-69.7109,19.0834],[-69.7,19.0844],[-69.6895,19.0873],[-69.6738,19.0918],[-69.6685,19.0932],[-69.6516,19.1004],[-69.639,19.1058],[-69.6182,19.1186],[-69.6126,19.122],[-69.5904,19.1418],[-69.579,19.1555],[-69.5714,19.1643],[-69.5635,19.1784],[-69.554,19.1944],[-69.5473,19.2131],[-69.5427,19.2255],[-69.538,19.2567],[-69.5378,19.267],[-69.5378,19.2775],[-69.5387,19.2882],[-69.5406,19.3013],[-69.5436,19.3151],[-69.5479,19.3285],[-69.5522,19.34],[-69.5581,19.3523],[-69.5645,19.3637],[-69.5711,19.3737],[-69.5803,19.3858],[-69.5887,19.3952],[-69.6008,19.4069],[-69.6089,19.4137],[-69.6181,19.4204],[-69.627,19.4264],[-69.6411,19.4345],[-69.6553,19.4411],[-69.6644,19.4447],[-69.6726,19.4476],[-69.6825,19.4505],[-69.6965,19.4539],[-69.7032,19.4556],[-69.7106,19.457],[-69.7177,19.4583],[-70.3878,20.3993],[-70.4838,20.4168],[-71.6666,20.4167]]]]}},{"type":"Feature","properties":{"id":"MDSD","name":"LAS AMERICAS APPROACH","prefixes":["MDSD"],"labelLat":18.4288,"labelLon":-69.5878},"geometry":{"type":"MultiPolygon","coordinates":[[[[-69.1097,19.0745],[-69.1416,19.0995],[-69.1618,19.1131],[-69.1943,19.1335],[-69.233,19.1558],[-69.2684,19.1739],[-69.3083,19.1921],[-69.3463,19.2075],[-69.385,19.2206],[-69.4163,19.23],[-69.4447,19.2373],[-69.4908,19.2484],[-69.5379,19.2568],[-69.54,19.2434],[-69.5429,19.2254],[-69.5541,19.1946],[-69.5713,19.1646],[-69.5903,19.1419],[-69.6124,19.1222],[-69.6385,19.106],[-69.6685,19.0932],[-69.6998,19.0844],[-69.7336,19.0813],[-69.7669,19.0837],[-69.7952,19.0895],[-69.8275,19.1023],[-69.8534,19.1162],[-69.8805,19.1385],[-69.899,19.16],[-69.914,19.183],[-69.9233,19.2033],[-69.931,19.2263],[-69.9745,19.2126],[-70.0156,19.1966],[-70.0545,19.1796],[-70.0995,19.157],[-70.145,19.1303],[-70.193,19.0992],[-70.2322,19.0696],[-70.2731,19.035],[-70.3127,18.9968],[-70.3417,18.9646],[-70.3717,18.9292],[-70.4016,18.8877],[-70.4262,18.8497],[-70.4467,18.8141],[-70.4693,18.7711],[-70.4876,18.7293],[-70.5014,18.6905],[-70.5129,18.6496],[-70.5236,18.6147],[-70.5293,18.5868],[-70.5379,18.533],[-70.5425,18.4869],[-70.5443,18.4437],[-70.5437,18.4018],[-70.5414,18.3566],[-70.5325,18.2961],[-70.523,18.2494],[-70.5121,18.2096],[-70.4999,18.1721],[-70.4804,18.1206],[-70.4578,18.0735],[-70.4401,18.0394],[-70.4125,17.9944],[-70.3892,17.9603],[-70.3632,17.9262],[-70.3273,17.8846],[-70.2997,17.8564],[-70.256,17.8154],[-70.1901,17.765],[-70.1384,17.7309],[-70.0867,17.7021],[-70.0414,17.6801],[-69.9928,17.6598],[-69.9565,17.6475],[-69.9089,17.633],[-69.8649,17.6221],[-69.8182,17.6132],[-69.7733,17.6067],[-69.7271,17.6026],[-69.705,17.6018],[-69.6656,17.6008],[-69.6246,17.6018],[-69.5759,17.6054],[-69.5253,17.6122],[-69.4927,17.6176],[-69.4637,17.6239],[-69.4287,17.6322],[-69.3972,17.6415],[-69.3657,17.6515],[-69.3405,17.661],[-69.3063,17.6749],[-69.2798,17.6863],[-69.25,17.7012],[-69.2256,17.7144],[-69.2019,17.7274],[-69.1839,17.7387],[-69.1625,17.7525],[-69.1355,17.7715],[-69.1141,17.7875],[-69.0923,17.8046],[-69.0669,17.8264],[-69.036,17.8556],[-69.0117,17.8803],[-68.9862,17.9086],[-68.9606,17.9397],[-68.9529,17.9506],[-68.9394,17.9686],[-68.9227,17.9935],[-68.9052,18.0213],[-68.895,18.0392],[-68.8797,18.0664],[-68.8748,18.0772],[-68.8603,18.1081],[-68.8475,18.1373],[-68.8389,18.1606],[-68.8258,18.2007],[-68.8189,18.2023],[-68.7848,18.2166],[-68.7558,18.233],[-68.7304,18.2505],[-68.7007,18.2781],[-68.6719,18.316],[-68.6515,18.3552],[-68.6409,18.3853],[-68.6339,18.4175],[-68.6313,18.4524],[-68.633,18.4798],[-68.6346,18.496],[-68.6433,18.5315],[-68.6477,18.5423],[-68.6587,18.5692],[-68.6759,18.598],[-68.6909,18.6182],[-68.6963,18.6239],[-68.7194,18.6477],[-68.7453,18.6684],[-68.7734,18.6854],[-68.8074,18.701],[-68.8422,18.712],[-68.8599,18.7592],[-68.8888,18.8174],[-68.9056,18.8447],[-68.927,18.8797],[-68.9578,18.9214],[-68.9842,18.9539],[-69.0041,18.9789],[-69.0375,19.0134],[-69.0547,19.0283],[-69.0917,19.0603],[-69.1097,19.0745]]]]}},{"type":"Feature","properties":{"id":"MDT","name":"HARRISBURG APPROACH","prefixes":["MDT"],"labelLat":40.3819,"labelLon":-76.8129,"artcc":"ZNY"},"geometry":{"type":"MultiPolygon","coordinates":[[[[-76.689,40.9265],[-76.3389,40.8345],[-76.1556,40.8264],[-76.1625,40.6889],[-75.9166,40.6869],[-75.9131,40.5411],[-75.8805,40.4639],[-75.7678,40.3397],[-75.7458,40.3361],[-75.6844,40.3253],[-75.7792,40.2825],[-75.8919,40.2256],[-76.0594,40.1472],[-75.9839,40.0339],[-76.0625,40.0403],[-76.1583,39.9014],[-76.2114,39.8203],[-76.402,39.8589],[-76.5333,39.8847],[-76.6918,39.8845],[-76.7764,39.8844],[-76.8696,39.884],[-76.9172,39.8839],[-76.9712,39.8836],[-76.9755,39.8836],[-77.1592,39.8806],[-77.358,39.8751],[-77.8403,39.8556],[-77.8583,40.1569],[-77.8625,40.2],[-77.8642,40.2467],[-77.9058,40.3956],[-77.9414,40.5217],[-77.6699,40.502],[-77.2983,40.474],[-77.0435,40.9434],[-76.689,40.9265]]]]}},{"type":"Feature","properties":{"id":"MGM","name":"MONTGOMERY APPROACH","prefixes":["MGM"],"labelLat":32.457,"labelLon":-86.3729,"artcc":"ZTL"},"geometry":{"type":"MultiPolygon","coordinates":[[[[-87,32.8833],[-87,32.9722],[-86.1806,33.0722],[-85.95,33],[-85.775,32.8],[-85.75,32.4556],[-85.6958,32.0083],[-85.9833,31.9917],[-86.0744,31.9631],[-86.4625,31.8417],[-86.9,32],[-87.05,32.0542],[-87.0458,32.1875],[-87.025,32.4431],[-87.0375,32.5417],[-87,32.8833]]]]}},{"type":"Feature","properties":{"id":"MIA","name":"MIAMI APPROACH","prefixes":["MIA"],"labelLat":25.9033,"labelLon":-79.6005,"artcc":"ZMA"},"geometry":{"type":"MultiPolygon","coordinates":[[[[-79.8708,25.3542],[-80.1875,25.2542],[-80.3061,25.2172],[-80.4667,25.1667],[-80.6444,25.3303],[-80.6833,25.3683],[-80.7425,25.4469],[-80.7542,25.4622],[-80.875,25.6375],[-81.0064,25.7489],[-81.0008,25.8017],[-80.9675,26.1047],[-80.9392,26.1328],[-80.8903,26.1806],[-80.8978,26.2869],[-80.8061,26.3731],[-80.6558,26.5139],[-80.3264,26.5139],[-80.2728,26.5139],[-80.2567,26.4908],[-80.1808,26.3833],[-80.1639,26.3833],[-80.15,26.3833],[-80.1361,26.3833],[-80.0781,26.3833],[-80.0522,26.3836],[-79.9706,26.3836],[-79.9167,26.3833],[-79.8656,26.3833],[-79.7,26.3833],[-79.6172,26.2111],[-79.5831,26.1375],[-79.5031,26.0764],[-79.4981,26.0608],[-79.7,25.75],[-79.7,25.5167],[-79.7,25.4883],[-79.7,25.4667],[-79.8708,25.3542]]]]}},{"type":"Feature","properties":{"id":"MIB","name":"MINOT APPROACH","prefixes":["MIB"],"labelLat":48.2834,"labelLon":-101.3333,"artcc":"ZMP"},"geometry":{"type":"MultiPolygon","coordinates":[[[[-100.25,48.9167],[-100.25,48.2833],[-100.4667,48.3],[-100.4667,47.9667],[-101.25,47.65],[-102.4167,48.1333],[-102.2333,48.35],[-102.2333,48.9],[-102.1,48.9167],[-100.25,48.9167]]]]}},{"type":"Feature","properties":{"id":"MKE","name":"MILWAUKEE APPROACH","prefixes":["MKE"],"labelLat":43.3625,"labelLon":-88.1854,"artcc":"ZAU"},"geometry":{"type":"MultiPolygon","coordinates":[[[[-89.3708,44.1833],[-89.0761,44.225],[-88.7542,44.1594],[-88.4667,44.1],[-87.5417,43.9667],[-87.1694,43.6917],[-87,43.685],[-87,43.5667],[-87,43.3167],[-87,43.05],[-87,42.8],[-87.2192,42.7794],[-87.3531,42.7356],[-87.4114,42.5],[-87.4294,42.5],[-87.5833,42.5],[-88.275,42.5],[-88.3289,42.5],[-88.4611,42.5],[-88.5444,42.8417],[-88.8167,42.8667],[-88.5833,43],[-88.5167,43.5167],[-88.7089,43.55],[-88.775,43.5917],[-89.2192,43.6261],[-89.2883,43.6314],[-89.3319,43.9264],[-89.3708,44.1833]]]]}},{"type":"Feature","properties":{"id":"MKJP","name":"MANLEY RADAR","prefixes":["MKJP"],"labelLat":18.1197,"labelLon":-76.7218},"geometry":{"type":"MultiPolygon","coordinates":[[[[-77.3547,18.9726],[-77.3547,17.4725],[-77.0877,17.3312],[-76.98,17.2922],[-76.7727,17.2668],[-76.5992,17.2911],[-76.4854,17.3326],[-76.3906,17.385],[-76.3069,17.4494],[-76.2489,17.5094],[-76.1856,17.5947],[-76.1481,17.6661],[-76.1022,17.8048],[-76.089,17.9192],[-76.0958,18.035],[-76.1481,18.2078],[-76.2545,18.3694],[-76.3765,18.4785],[-76.4947,18.5425],[-77.3547,18.9726]]]]}},{"type":"Feature","properties":{"id":"MKJS","name":"SANGSTER RADAR","prefixes":["MKJS"],"labelLat":18.3207,"labelLon":-77.985},"geometry":{"type":"MultiPolygon","coordinates":[[[[-77.3547,18.9726],[-77.3547,17.4725],[-78.2729,17.9291],[-78.3704,17.9958],[-78.4809,18.1105],[-78.5472,18.2178],[-78.6017,18.3758],[-78.6153,18.5184],[-78.5958,18.6603],[-78.5537,18.7802],[-78.5058,18.8628],[-78.4347,18.9522],[-78.3689,19.0156],[-78.3006,19.0622],[-78.2153,19.1103],[-78.0864,19.1525],[-77.9725,19.1686],[-77.8368,19.1688],[-77.7061,19.1372],[-77.614,19.1095],[-77.5211,19.0585],[-77.3547,18.9726]]]]}},{"type":"Feature","properties":{"id":"MLI","name":"QUAD CITIES APPROACH","prefixes":["MLI"],"labelLat":41.4813,"labelLon":-90.5333,"artcc":"ZAU"},"geometry":{"type":"MultiPolygon","coordinates":[[[[-90.925,42],[-90.6667,42.0083],[-90.2292,42.1458],[-90.0458,42.0792],[-89.725,41.4917],[-89.7958,41.1417],[-89.8917,41.1375],[-90.0792,41.075],[-90.2492,41.0244],[-90.2861,40.8592],[-90.4167,40.8167],[-90.7167,40.8375],[-91.1583,41.1375],[-91.3417,41.35],[-90.925,41.8458],[-90.925,42]]]]}},{"type":"Feature","properties":{"id":"MLU","name":"MONROE APPROACH","prefixes":["MLU"],"labelLat":32.4771,"labelLon":-92.1479,"artcc":"ZFW"},"geometry":{"type":"MultiPolygon","coordinates":[[[[-92.5222,32.1083],[-92.8625,32.1917],[-92.8375,32.875],[-92.4125,32.9083],[-91.9,33.0042],[-91.6083,32.8667],[-91.5167,32.7528],[-91.4333,32.65],[-91.4333,32.3792],[-91.55,32.15],[-91.9167,31.9833],[-92.25,31.95],[-92.5222,32.1083]]]]}},{"type":"Feature","properties":{"id":"MMAA","name":"ACAPULCO TMA","prefixes":["MMAA"],"labelLat":16.7572,"labelLon":-99.7539},"geometry":{"type":"MultiPolygon","coordinates":[[[[-100.4164,17.5333],[-100.3668,17.565],[-100.3218,17.5946],[-100.2753,17.6219],[-100.2273,17.6469],[-100.178,17.6694],[-100.1276,17.6894],[-100.0761,17.7068],[-100.0238,17.7217],[-99.9707,17.7339],[-99.917,17.7434],[-99.8629,17.7502],[-99.8085,17.7543],[-99.7539,17.7557],[-99.6993,17.7543],[-99.6449,17.7502],[-99.5908,17.7434],[-99.5371,17.7339],[-99.484,17.7217],[-99.4317,17.7068],[-99.3802,17.6894],[-99.3298,17.6694],[-99.2805,17.6469],[-99.2325,17.6219],[-99.186,17.5946],[-99.141,17.565],[-99.0977,17.5332],[-99.0561,17.4992],[-99.0165,17.4633],[-98.979,17.4253],[-98.9435,17.3856],[-98.9103,17.3441],[-98.8793,17.301],[-98.8508,17.2565],[-98.8248,17.2105],[-98.8013,17.1633],[-98.7804,17.115],[-98.7622,17.0658],[-98.7466,17.0156],[-98.7339,16.9648],[-98.724,16.9134],[-98.7168,16.8616],[-98.7125,16.8095],[-98.7111,16.7572],[-98.7125,16.705],[-98.7168,16.6529],[-98.724,16.601],[-98.7339,16.5496],[-98.7466,16.4988],[-98.7622,16.4487],[-98.7804,16.3994],[-98.8013,16.3511],[-98.8248,16.3039],[-98.8508,16.258],[-98.8793,16.2134],[-98.9103,16.1703],[-98.9435,16.1289],[-98.979,16.0891],[-99.0165,16.0512],[-99.0561,16.0152],[-99.0977,15.9813],[-99.141,15.9494],[-99.186,15.9198],[-99.2325,15.8925],[-99.2805,15.8676],[-99.3298,15.8451],[-99.3802,15.8251],[-99.4317,15.8076],[-99.484,15.7928],[-99.5371,15.7806],[-99.5908,15.771],[-99.6449,15.7642],[-99.6993,15.7601],[-99.7539,15.7587],[-99.8085,15.7601],[-99.8629,15.7642],[-99.917,15.771],[-99.9707,15.7806],[-100.0238,15.7928],[-100.0761,15.8076],[-100.1276,15.8251],[-100.178,15.8451],[-100.2273,15.8676],[-100.2753,15.8925],[-100.3218,15.9198],[-100.3668,15.9494],[-100.4101,15.9813],[-100.4516,16.0152],[-100.4912,16.0512],[-100.5288,16.0891],[-100.5643,16.1289],[-100.5975,16.1703],[-100.6284,16.2134],[-100.657,16.258],[-100.683,16.3039],[-100.7065,16.3511],[-100.7274,16.3994],[-100.7456,16.4487],[-100.7611,16.4988],[-100.7739,16.5496],[-100.7838,16.601],[-100.7909,16.6529],[-100.7952,16.705],[-100.7967,16.7572],[-100.7952,16.8095],[-100.7936,16.8289],[-100.4164,17.5333]]]]}},{"type":"Feature","properties":{"id":"MMCE","name":"CIUDAD DEL CARMEN TMA","prefixes":["MMCE"],"labelLat":18.775,"labelLon":-91.8058},"geometry":{"type":"MultiPolygon","coordinates":[[[[-91.7592,19.0742],[-91.744,19.0725],[-91.7289,19.0702],[-91.7138,19.0674],[-91.6989,19.0641],[-91.6841,19.0604],[-91.6694,19.0561],[-91.6549,19.0514],[-91.6406,19.0462],[-91.6265,19.0405],[-91.6126,19.0344],[-91.599,19.0278],[-91.5856,19.0208],[-91.5663,19.0115],[-91.2356,19.3056],[-91.0914,19.1589],[-91.4222,18.865],[-91.4174,18.8558],[-91.4104,18.8428],[-91.404,18.8297],[-91.398,18.8163],[-91.3925,18.8027],[-91.3875,18.789],[-91.383,18.7751],[-91.379,18.7611],[-91.3756,18.7469],[-91.3737,18.7379],[-90.9228,18.7072],[-90.9354,18.5121],[-91.3855,18.5371],[-91.3925,18.5181],[-91.398,18.5046],[-91.404,18.4912],[-91.4104,18.478],[-91.4174,18.4651],[-91.4248,18.4524],[-91.4327,18.44],[-91.4411,18.4278],[-91.4499,18.4159],[-91.4591,18.4043],[-91.4687,18.393],[-91.4788,18.382],[-91.4892,18.3714],[-91.5001,18.3611],[-91.5113,18.3512],[-91.5229,18.3417],[-91.5348,18.3326],[-91.547,18.3238],[-91.5596,18.3155],[-91.5724,18.3076],[-91.5856,18.3001],[-91.599,18.2931],[-91.6126,18.2865],[-91.6265,18.2803],[-91.6406,18.2747],[-91.6549,18.2695],[-91.6694,18.2647],[-91.6841,18.2605],[-91.6989,18.2567],[-91.7138,18.2535],[-91.7289,18.2507],[-91.744,18.2484],[-91.7592,18.2467],[-91.7745,18.2454],[-91.7898,18.2446],[-91.8051,18.2444],[-91.8205,18.2446],[-91.8358,18.2454],[-91.851,18.2467],[-91.8663,18.2484],[-91.8814,18.2507],[-91.8964,18.2535],[-91.9114,18.2567],[-91.9262,18.2605],[-91.9408,18.2647],[-91.9553,18.2695],[-91.9697,18.2747],[-91.9838,18.2803],[-91.9977,18.2865],[-92.0113,18.2931],[-92.0247,18.3001],[-92.0379,18.3076],[-92.0507,18.3155],[-92.0633,18.3238],[-92.0755,18.3326],[-92.0874,18.3417],[-92.099,18.3512],[-92.1102,18.3611],[-92.121,18.3714],[-92.1315,18.382],[-92.1416,18.393],[-92.1512,18.4043],[-92.1604,18.4159],[-92.1692,18.4278],[-92.1776,18.44],[-92.1855,18.4524],[-92.1929,18.4651],[-92.1998,18.478],[-92.2063,18.4912],[-92.2123,18.5046],[-92.2178,18.5181],[-92.2228,18.5319],[-92.2273,18.5458],[-92.2312,18.5598],[-92.2347,18.5739],[-92.2376,18.5882],[-92.2397,18.6016],[-92.6889,18.6445],[-92.6683,18.8441],[-92.2181,18.8018],[-92.2123,18.8163],[-92.2063,18.8297],[-92.1998,18.8428],[-92.1929,18.8558],[-92.1855,18.8685],[-92.1776,18.8809],[-92.1692,18.8931],[-92.1604,18.905],[-92.1512,18.9166],[-92.1416,18.9279],[-92.1315,18.9388],[-92.121,18.9495],[-92.1102,18.9597],[-92.099,18.9696],[-92.0874,18.9792],[-92.0755,18.9883],[-92.0633,18.997],[-92.0507,19.0054],[-92.0379,19.0133],[-92.0247,19.0208],[-92.0113,19.0278],[-91.9977,19.0344],[-91.9838,19.0405],[-91.9697,19.0462],[-91.9553,19.0514],[-91.9408,19.0561],[-91.9262,19.0604],[-91.9114,19.0641],[-91.8964,19.0674],[-91.8814,19.0702],[-91.8663,19.0725],[-91.851,19.0742],[-91.8358,19.0755],[-91.8205,19.0762],[-91.8051,19.0765],[-91.7898,19.0762],[-91.7745,19.0755],[-91.7592,19.0742]]]]}},{"type":"Feature","properties":{"id":"MMCL","name":"CULIACAN TMA","prefixes":["MMCL"],"labelLat":24.8036,"labelLon":-107.3526},"geometry":{"type":"MultiPolygon","coordinates":[[[[-107.4017,25.5975],[-107.1744,25.9019],[-106.9558,25.8344],[-106.9997,25.4786],[-106.9386,25.4378],[-106.9005,25.4113],[-106.864,25.383],[-106.8292,25.353],[-106.7961,25.3214],[-106.765,25.2883],[-106.7358,25.2537],[-106.7086,25.2178],[-106.6835,25.1806],[-106.6606,25.1423],[-106.64,25.103],[-106.6216,25.0628],[-106.6089,25.0314],[-106.2472,25.0983],[-106.2221,25.0068],[-106.2099,24.9468],[-106.2011,24.8863],[-106.1958,24.8255],[-106.1941,24.7645],[-106.1958,24.7035],[-106.2011,24.6427],[-106.205,24.6275],[-105.9633,24.5767],[-106.0178,24.3608],[-106.615,24.4858],[-106.6216,24.4662],[-106.64,24.4259],[-106.6606,24.3866],[-106.6835,24.3483],[-106.7086,24.3112],[-106.7358,24.2752],[-106.7636,24.2425],[-106.5883,24.1425],[-106.9603,23.9067],[-107.05,24.0258],[-107.0672,24.0178],[-107.0111,23.8742],[-107.1967,23.7558],[-107.2725,23.9497],[-107.3339,23.9424],[-107.3815,23.9367],[-107.4294,23.9333],[-107.4773,23.9322],[-107.5253,23.9333],[-107.5731,23.9367],[-107.6207,23.9424],[-107.6679,23.9503],[-107.7146,23.9605],[-107.7606,23.9729],[-107.8058,23.9874],[-107.8375,23.9964],[-108.0203,23.7053],[-108.119,23.7553],[-108.1763,23.7872],[-108.2316,23.8218],[-108.2849,23.8589],[-108.336,23.8985],[-108.3848,23.9405],[-108.431,23.9848],[-108.4746,24.0312],[-108.5155,24.0796],[-108.5536,24.1298],[-108.5887,24.1819],[-108.6207,24.2355],[-108.6497,24.2905],[-108.6754,24.3469],[-108.6978,24.4044],[-108.7169,24.4629],[-108.7326,24.5222],[-108.7419,24.5781],[-108.4008,24.6717],[-108.6236,24.9525],[-108.5685,24.9845],[-108.5287,25.0092],[-108.4903,25.0357],[-108.4536,25.064],[-108.4185,25.094],[-108.3852,25.1257],[-108.3538,25.1588],[-108.3244,25.1934],[-108.297,25.2293],[-108.2717,25.2664],[-108.2486,25.3047],[-108.2278,25.3441],[-108.2093,25.3843],[-108.1932,25.4254],[-108.1794,25.4672],[-108.1681,25.5096],[-108.1593,25.5524],[-108.153,25.5956],[-108.1492,25.639],[-108.148,25.6826],[-108.1492,25.7262],[-108.1528,25.7608],[-107.8447,25.8861],[-107.6922,25.5772],[-107.6207,25.5866],[-107.5253,25.5957],[-107.4773,25.5968],[-107.4017,25.5975]]]]}},{"type":"Feature","properties":{"id":"MMCN","name":"CIUDAD OBREGON TMA","prefixes":["MMCN"],"labelLat":27.2601,"labelLon":-109.7511},"geometry":{"type":"MultiPolygon","coordinates":[[[[-109.7719,28.2252],[-109.723,28.221],[-109.6745,28.2145],[-109.6264,28.2059],[-109.5788,28.1949],[-109.532,28.1818],[-109.4861,28.1666],[-109.441,28.1492],[-109.3971,28.1298],[-109.3544,28.1083],[-109.313,28.0849],[-109.273,28.0596],[-109.2346,28.0324],[-109.1979,28.0036],[-109.1628,27.973],[-109.1297,27.9409],[-109.0985,27.9073],[-109.0693,27.8722],[-109.0422,27.8359],[-109.0173,27.7983],[-108.9946,27.7597],[-108.9742,27.72],[-108.9562,27.6795],[-108.9407,27.6381],[-108.9276,27.5961],[-108.9169,27.5536],[-108.9088,27.5106],[-108.9033,27.4673],[-108.9003,27.4238],[-108.8998,27.3802],[-108.902,27.3367],[-108.9067,27.2933],[-108.9139,27.2502],[-108.9237,27.2075],[-108.936,27.1653],[-108.9508,27.1237],[-108.968,27.0829],[-108.9875,27.043],[-109.0095,27.004],[-109.0336,26.966],[-109.06,26.9293],[-109.0885,26.8938],[-109.1067,26.874],[-108.7275,26.4551],[-108.7709,26.4696],[-108.817,26.4827],[-108.8638,26.4936],[-108.9112,26.5023],[-108.959,26.5088],[-109.0071,26.5129],[-109.0555,26.5148],[-109.1038,26.5145],[-109.1521,26.5118],[-109.2001,26.5069],[-109.2478,26.4997],[-109.295,26.4902],[-109.3416,26.4786],[-109.3875,26.4648],[-109.4325,26.4488],[-109.4765,26.4307],[-109.5194,26.4106],[-109.561,26.3885],[-109.6013,26.3644],[-109.6402,26.3385],[-109.6775,26.3108],[-109.699,26.2931],[-109.9174,26.5622],[-109.9515,26.5685],[-110.0001,26.575],[-110.0482,26.5837],[-110.0957,26.5946],[-110.1425,26.6077],[-110.1885,26.6229],[-110.2335,26.6403],[-110.2774,26.6598],[-110.3202,26.6812],[-110.3616,26.7046],[-110.4015,26.7299],[-110.4399,26.7571],[-110.4767,26.786],[-110.5117,26.8165],[-110.5449,26.8486],[-110.5761,26.8823],[-110.6053,26.9173],[-110.6324,26.9536],[-110.6573,26.9912],[-110.68,27.0298],[-110.7003,27.0695],[-110.7183,27.1101],[-110.7339,27.1514],[-110.747,27.1934],[-110.7576,27.2359],[-110.7657,27.2789],[-110.7713,27.3222],[-110.7743,27.3657],[-110.7747,27.4093],[-110.7726,27.4528],[-110.7679,27.4962],[-110.7606,27.5393],[-110.7508,27.582],[-110.7385,27.6242],[-110.7238,27.6658],[-110.7066,27.7066],[-110.687,27.7466],[-110.6651,27.7856],[-110.6409,27.8235],[-110.6146,27.8602],[-110.5861,27.8957],[-110.5555,27.9298],[-110.523,27.9625],[-110.4886,27.9936],[-110.4524,28.023],[-110.4145,28.0507],[-110.3751,28.0766],[-110.3341,28.1007],[-110.2918,28.1228],[-110.2483,28.1429],[-110.2036,28.161],[-110.1579,28.177],[-110.1114,28.1908],[-110.0641,28.2025],[-110.0162,28.2119],[-109.9678,28.2191],[-109.919,28.224],[-109.87,28.2267],[-109.8209,28.2271],[-109.7719,28.2252]]]]}},{"type":"Feature","properties":{"id":"MMCS","name":"CIUDAD JUAREZ TMA","prefixes":["MMCS"],"labelLat":31.2949,"labelLon":-106.5356},"geometry":{"type":"MultiPolygon","coordinates":[[[[-105.6888,31.0899],[-105.7234,31.0578],[-105.7599,31.0272],[-105.7982,30.9983],[-105.8383,30.9712],[-105.88,30.9459],[-105.9232,30.9225],[-105.9677,30.901],[-106.0136,30.8816],[-106.0605,30.8642],[-106.1085,30.8489],[-106.1573,30.8358],[-106.2069,30.8249],[-106.257,30.8162],[-106.3077,30.8098],[-106.3586,30.8056],[-106.4098,30.8037],[-106.461,30.8041],[-106.5121,30.8067],[-106.5629,30.8117],[-106.6134,30.8188],[-106.6634,30.8283],[-106.7128,30.8399],[-106.7613,30.8538],[-106.809,30.8697],[-106.8555,30.8878],[-106.901,30.9079],[-106.9451,30.9301],[-106.9878,30.9541],[-107.0289,30.9801],[-107.0684,31.0078],[-107.1062,31.0372],[-107.1421,31.0683],[-107.176,31.101],[-107.2079,31.1351],[-107.2376,31.1706],[-107.2651,31.2073],[-107.2903,31.2453],[-107.3132,31.2843],[-107.3336,31.3243],[-107.3515,31.3651],[-107.3669,31.4067],[-107.3797,31.4489],[-107.3899,31.4916],[-107.3975,31.5347],[-107.4024,31.5781],[-107.4046,31.6216],[-107.4042,31.6652],[-107.4011,31.7087],[-107.3953,31.752],[-107.3886,31.7861],[-106.5,31.7833],[-106.4167,31.75],[-106.3667,31.5833],[-106.3333,31.5],[-106.2833,31.45],[-106.1667,31.4333],[-106.05,31.3833],[-105.9833,31.35],[-105.8667,31.2833],[-105.7833,31.1833],[-105.6667,31.1333],[-105.6888,31.0899]]]]}},{"type":"Feature","properties":{"id":"MMCU","name":"CHIHUAHUA TMA","prefixes":["MMCU"],"labelLat":28.7164,"labelLon":-105.9587},"geometry":{"type":"MultiPolygon","coordinates":[[[[-105.8198,29.8755],[-105.7508,29.8675],[-105.6824,29.8564],[-105.6148,29.8421],[-105.5481,29.8248],[-105.4825,29.8044],[-105.4182,29.7811],[-105.3554,29.7548],[-105.2943,29.7257],[-105.2349,29.6938],[-105.1776,29.6593],[-105.1224,29.6221],[-105.0695,29.5825],[-105.019,29.5405],[-104.9711,29.4962],[-104.926,29.4498],[-104.8836,29.4014],[-104.8442,29.3511],[-104.8078,29.2991],[-104.7746,29.2455],[-104.7447,29.1904],[-104.7181,29.1341],[-104.6948,29.0765],[-104.6751,29.018],[-104.6588,28.9587],[-104.6462,28.8987],[-104.6371,28.8382],[-104.6316,28.7774],[-104.6298,28.7164],[-104.6316,28.6554],[-104.6371,28.5946],[-104.6462,28.5341],[-104.6588,28.4741],[-104.6751,28.4147],[-104.6948,28.3562],[-104.7181,28.2987],[-104.7447,28.2423],[-104.7746,28.1873],[-104.8078,28.1336],[-104.8442,28.0816],[-104.8836,28.0313],[-104.926,27.9829],[-104.9711,27.9365],[-105.019,27.8923],[-105.0695,27.8503],[-105.1224,27.8106],[-105.1776,27.7735],[-105.2349,27.7389],[-105.2943,27.7071],[-105.3554,27.6779],[-105.4182,27.6517],[-105.4825,27.6283],[-105.5481,27.6079],[-105.6148,27.5906],[-105.6824,27.5764],[-105.7508,27.5653],[-105.8198,27.5573],[-105.8892,27.5525],[-105.9587,27.5509],[-106.0283,27.5525],[-106.0976,27.5573],[-106.1666,27.5653],[-106.235,27.5764],[-106.3027,27.5906],[-106.3694,27.6079],[-106.435,27.6283],[-106.4993,27.6517],[-106.5621,27.6779],[-106.6232,27.7071],[-106.6825,27.7389],[-106.7399,27.7735],[-106.7951,27.8106],[-106.848,27.8503],[-106.8984,27.8923],[-106.9463,27.9365],[-106.9915,27.9829],[-107.0339,28.0313],[-107.0733,28.0816],[-107.1096,28.1336],[-107.1428,28.1873],[-107.1728,28.2423],[-107.1994,28.2987],[-107.2226,28.3562],[-107.2424,28.4147],[-107.2586,28.4741],[-107.2713,28.5341],[-107.2804,28.5946],[-107.2858,28.6554],[-107.2877,28.7164],[-107.2858,28.7774],[-107.2804,28.8382],[-107.2713,28.8987],[-107.2586,28.9587],[-107.2424,29.018],[-107.2226,29.0765],[-107.1994,29.1341],[-107.1728,29.1904],[-107.1428,29.2455],[-107.1096,29.2991],[-107.0733,29.3511],[-107.0339,29.4014],[-106.9915,29.4498],[-106.9463,29.4962],[-106.8984,29.5405],[-106.848,29.5825],[-106.7951,29.6221],[-106.7399,29.6593],[-106.6825,29.6938],[-106.6232,29.7257],[-106.5621,29.7548],[-106.4993,29.7811],[-106.435,29.8044],[-106.3694,29.8248],[-106.3027,29.8421],[-106.235,29.8564],[-106.1666,29.8675],[-106.0976,29.8755],[-106.0283,29.8803],[-105.9587,29.8819],[-105.8892,29.8803],[-105.8198,29.8755]]]]}},{"type":"Feature","properties":{"id":"MMCV","name":"CIUDAD VICTORIA TMA","prefixes":["MMCV"],"labelLat":23.6317,"labelLon":-99.1172},"geometry":{"type":"MultiPolygon","coordinates":[[[[-99.2522,24.1286],[-99.2399,24.1336],[-99.2151,24.1465],[-99.1895,24.1581],[-99.1633,24.1685],[-99.1366,24.1777],[-99.1094,24.1856],[-99.0817,24.1921],[-99.0537,24.1973],[-99.0255,24.2012],[-98.9971,24.2037],[-98.9685,24.2048],[-98.94,24.2046],[-98.9115,24.203],[-98.8831,24.2],[-98.855,24.1957],[-98.8271,24.1901],[-98.7996,24.1831],[-98.7725,24.1748],[-98.7459,24.1652],[-98.7199,24.1544],[-98.6946,24.1423],[-98.67,24.129],[-98.6462,24.1146],[-98.6232,24.099],[-98.6012,24.0824],[-98.5802,24.0648],[-98.5601,24.0461],[-98.5412,24.0265],[-98.5235,24.0061],[-98.5069,23.9848],[-98.4915,23.9627],[-98.4775,23.94],[-98.4647,23.9166],[-98.4533,23.8926],[-98.4433,23.8681],[-98.4348,23.8432],[-98.4276,23.8179],[-98.4219,23.7922],[-98.4177,23.7664],[-98.415,23.7404],[-98.4137,23.7142],[-98.414,23.6881],[-98.4157,23.662],[-98.4189,23.636],[-98.4237,23.6102],[-98.4298,23.5847],[-98.4375,23.5595],[-98.4465,23.5347],[-98.457,23.5104],[-98.4688,23.4866],[-98.4772,23.4722],[-98.335,23.3644],[-98.3423,23.3527],[-98.3633,23.3236],[-98.386,23.2956],[-98.4102,23.2687],[-98.4359,23.243],[-98.4631,23.2186],[-98.4916,23.1955],[-98.5214,23.1738],[-98.5524,23.1535],[-98.5845,23.1348],[-98.6176,23.1176],[-98.6517,23.1021],[-98.6866,23.0882],[-98.7223,23.076],[-98.7586,23.0655],[-98.7954,23.0568],[-98.8327,23.0498],[-98.8704,23.0447],[-98.9083,23.0413],[-98.9463,23.0398],[-98.9844,23.0401],[-99.0069,23.0381],[-99.0225,23.2072],[-99.045,23.2103],[-99.1761,22.8875],[-99.3789,22.9581],[-99.2483,23.2808],[-99.2718,23.2965],[-99.2948,23.312],[-99.3168,23.3286],[-99.3379,23.3463],[-99.3579,23.365],[-99.3768,23.3845],[-99.3946,23.405],[-99.4112,23.4263],[-99.4265,23.4483],[-99.4406,23.4711],[-99.4533,23.4945],[-99.4647,23.5185],[-99.4747,23.5429],[-99.4833,23.5679],[-99.4904,23.5932],[-99.4961,23.6188],[-99.5004,23.6447],[-99.5031,23.6707],[-99.5043,23.6968],[-99.5039,23.705],[-99.8994,23.7775],[-99.8569,23.9742],[-99.4608,23.9017],[-99.4092,23.9889],[-99.6708,24.2358],[-99.5139,24.3758],[-99.2522,24.1286]]]]}},{"type":"Feature","properties":{"id":"MMDO","name":"DURANGO TMA","prefixes":["MMDO"],"labelLat":24.1765,"labelLon":-104.6648},"geometry":{"type":"MultiPolygon","coordinates":[[[[-104.2683,25.0472],[-103.6639,24.6561],[-103.7497,24.5914],[-103.7187,24.5415],[-103.6967,24.5029],[-103.6769,24.4632],[-103.6594,24.4227],[-103.6442,24.3813],[-103.6314,24.3394],[-103.6211,24.2968],[-103.6133,24.2511],[-103.5589,24.2517],[-103.3119,24.0536],[-103.6108,24.0506],[-103.6182,23.9935],[-103.6277,23.9508],[-103.6397,23.9086],[-103.654,23.867],[-103.6708,23.8262],[-103.6898,23.7863],[-103.7111,23.7473],[-103.7346,23.7093],[-103.7603,23.6726],[-103.788,23.6371],[-103.8177,23.603],[-103.8494,23.5704],[-103.8828,23.5393],[-103.9181,23.5099],[-103.9549,23.4821],[-103.9933,23.4562],[-104.0331,23.4322],[-104.0742,23.4101],[-104.1166,23.3899],[-104.16,23.3719],[-104.2045,23.3559],[-104.2498,23.3421],[-104.2958,23.3304],[-104.3424,23.321],[-104.3895,23.3138],[-104.4369,23.3089],[-104.4846,23.3062],[-104.5323,23.3058],[-104.58,23.3077],[-104.6276,23.3119],[-104.6748,23.3183],[-104.7216,23.327],[-104.7678,23.3379],[-104.8134,23.351],[-104.8581,23.3663],[-104.9019,23.3837],[-104.9446,23.4031],[-104.9862,23.4246],[-105.0264,23.448],[-105.0653,23.4733],[-105.1027,23.5004],[-105.1384,23.5293],[-105.1725,23.5598],[-105.2048,23.592],[-105.2344,23.625],[-105.3406,23.5658],[-105.4533,23.7375],[-105.3469,23.7967],[-105.356,23.8128],[-105.3735,23.8533],[-105.3886,23.8947],[-105.4014,23.9367],[-105.4117,23.9792],[-105.4196,24.0222],[-105.425,24.0655],[-105.4279,24.109],[-105.4283,24.1525],[-105.4262,24.1961],[-105.4219,24.2333],[-106.0178,24.3608],[-105.9683,24.5561],[-105.3717,24.4286],[-105.3621,24.4498],[-105.343,24.4898],[-105.3217,24.5287],[-105.2982,24.5667],[-105.2725,24.6034],[-105.2448,24.6389],[-105.2151,24.673],[-105.1834,24.7056],[-105.15,24.7367],[-105.1148,24.7662],[-105.0779,24.7939],[-105.0395,24.8198],[-104.9997,24.8438],[-104.9586,24.866],[-104.9162,24.8861],[-104.8728,24.9041],[-104.8284,24.9201],[-104.7831,24.9339],[-104.7371,24.9456],[-104.6904,24.955],[-104.6433,24.9622],[-104.5959,24.9671],[-104.5482,24.9698],[-104.5005,24.9702],[-104.4528,24.9683],[-104.4053,24.9641],[-104.358,24.9577],[-104.3069,24.9517],[-104.2683,25.0472]]]]}},{"type":"Feature","properties":{"id":"MMGL","name":"GUADALAJARA TMA","prefixes":["MMGL"],"labelLat":20.5589,"labelLon":-103.2441},"geometry":{"type":"MultiPolygon","coordinates":[[[[-102.1533,20.2269],[-102.2708,19.8703],[-102.5931,19.5231],[-103.5408,19.4169],[-103.5928,19.5539],[-104.3239,20.1469],[-104.245,21.0075],[-104.2497,21.0171],[-104.2641,21.0553],[-104.3027,21.1346],[-104.335,21.1916],[-104.328,21.2017],[-104.2609,21.2822],[-104.227,21.3162],[-104.1866,21.3567],[-104.1054,21.4249],[-104.0181,21.4863],[-103.9253,21.5403],[-103.8277,21.5865],[-103.7263,21.6245],[-103.6215,21.6541],[-103.5143,21.6751],[-103.3972,21.7008],[-103.3916,21.6122],[-103.3768,21.5214],[-103.3259,21.5241],[-103.2322,21.5214],[-103.1389,21.5111],[-103.0471,21.4932],[-102.9574,21.4679],[-102.8702,21.4354],[-102.7866,21.3958],[-102.7071,21.3496],[-102.6322,21.2972],[-102.5627,21.2389],[-102.4986,21.1747],[-102.4412,21.1061],[-102.3902,21.0326],[-102.3465,20.9557],[-102.3101,20.8753],[-102.2814,20.7922],[-102.2606,20.707],[-102.2478,20.6206],[-102.2431,20.5334],[-102.2465,20.4462],[-102.2581,20.3596],[-102.268,20.3162],[-102.1533,20.2269]]]]}},{"type":"Feature","properties":{"id":"MMHO","name":"HERMOSILLO TMA","prefixes":["MMHO"],"labelLat":29.0189,"labelLon":-110.7442},"geometry":{"type":"MultiPolygon","coordinates":[[[[-108.936,27.6242],[-109.6139,29.5054],[-109.6523,29.5964],[-109.6925,29.676],[-109.7415,29.7578],[-109.8195,29.865],[-109.8985,29.957],[-109.9922,30.0472],[-110.0453,30.0934],[-110.1217,30.1487],[-110.2044,30.2034],[-110.2765,30.2431],[-110.3547,30.2835],[-110.42,30.3106],[-110.4708,30.3309],[-110.5194,30.3482],[-110.5749,30.3644],[-110.6423,30.3835],[-110.7002,30.3956],[-110.767,30.4096],[-110.8167,30.416],[-110.7357,31.3331],[-110.9605,31.3331],[-111.0413,30.4351],[-111.0969,30.4312],[-111.2054,30.4264],[-111.3184,30.4106],[-111.4149,30.3921],[-111.5176,30.3643],[-111.6175,30.3321],[-111.7119,30.2951],[-111.7903,30.2558],[-111.8855,30.2039],[-111.9571,30.1622],[-112.0124,30.1205],[-112.066,30.0794],[-112.1184,30.0342],[-112.1544,30.001],[-112.1819,29.972],[-112.1987,29.9573],[-112.355,30.0566],[-112.4863,29.8935],[-112.3325,29.7926],[-112.3785,29.717],[-112.4143,29.6525],[-112.4456,29.5938],[-112.4728,29.523],[-112.5008,29.4451],[-112.5163,29.3836],[-112.5333,29.2988],[-112.547,29.2067],[-112.5524,29.1271],[-112.5519,29.0432],[-112.5448,28.9593],[-112.5285,28.8474],[-112.4978,28.7336],[-112.4599,28.634],[-112.4304,28.561],[-112.3999,28.5028],[-112.3614,28.4387],[-111.698,27.481],[-111.6358,27.4106],[-111.5687,27.3487],[-111.4942,27.2907],[-111.4042,27.24],[-110.3616,26.7046],[-110.4886,26.796],[-110.5958,26.9055],[-110.68,27.0298],[-110.7385,27.1653],[-110.7697,27.3077],[-110.7726,27.4528],[-110.747,27.5961],[-110.6938,27.7333],[-110.6146,27.8602],[-110.5117,27.973],[-110.3884,28.0682],[-110.2483,28.1429],[-110.0957,28.1949],[-109.9353,28.2226],[-109.7719,28.2252],[-109.6105,28.2025],[-109.4559,28.1552],[-109.313,28.0849],[-109.186,27.9936],[-109.0788,27.884],[-108.9946,27.7597],[-108.936,27.6242]]]]}},{"type":"Feature","properties":{"id":"MMIO","name":"SALTILLO TMA","prefixes":["MMIO"],"labelLat":25.5396,"labelLon":-101.224},"geometry":{"type":"MultiPolygon","coordinates":[[[[-100.6661,25.8889],[-100.5958,25.2586],[-100.598,25.257],[-100.6152,25.2417],[-100.6333,25.2273],[-100.6522,25.2137],[-100.6719,25.2011],[-100.6922,25.1894],[-100.7133,25.1786],[-100.7349,25.1689],[-100.757,25.1602],[-100.7796,25.1526],[-100.8027,25.1461],[-100.8197,25.1403],[-100.8203,24.7103],[-101.0397,24.7103],[-101.04,24.9847],[-101.1439,24.7269],[-101.3328,24.7903],[-101.3489,24.7992],[-101.5047,24.8864],[-101.2581,25.2531],[-101.2997,25.2975],[-101.7358,25.1311],[-101.8217,25.3158],[-101.4625,25.4531],[-101.8522,25.4575],[-101.85,25.6581],[-101.3756,25.6528],[-101.3564,25.7047],[-101.7408,25.9578],[-101.6103,26.1203],[-101.2256,25.8669],[-101.1806,25.8969],[-101.3367,26.3033],[-101.1264,26.3689],[-100.9708,25.9625],[-100.962,25.9613],[-100.9379,25.9622],[-100.9137,25.962],[-100.8896,25.9607],[-100.8656,25.9582],[-100.8418,25.9546],[-100.8182,25.9499],[-100.7949,25.9441],[-100.772,25.9372],[-100.7496,25.9292],[-100.7276,25.9202],[-100.7062,25.9101],[-100.6854,25.8991],[-100.6661,25.8889]]]]}},{"type":"Feature","properties":{"id":"MMLM","name":"LOSMOCHIS TMA","prefixes":["MMLM"],"labelLat":25.5182,"labelLon":-109.0715},"geometry":{"type":"MultiPolygon","coordinates":[[[[-109.0071,26.5129],[-108.959,26.5088],[-108.9112,26.5023],[-108.8638,26.4936],[-108.817,26.4827],[-108.7709,26.4696],[-108.7256,26.4544],[-108.6812,26.437],[-108.638,26.4175],[-108.5959,26.3961],[-108.5551,26.3727],[-108.5157,26.3474],[-108.4779,26.3202],[-108.4417,26.2914],[-108.4072,26.2608],[-108.3745,26.2287],[-108.3438,26.1951],[-108.315,26.16],[-108.2883,26.1237],[-108.2638,26.0861],[-108.2414,26.0475],[-108.2214,26.0078],[-108.2037,25.9673],[-108.1883,25.926],[-108.1754,25.884],[-108.1649,25.8414],[-108.157,25.7985],[-108.1515,25.7552],[-108.1485,25.7117],[-108.1481,25.6681],[-108.1502,25.6245],[-108.1549,25.5812],[-108.162,25.5381],[-108.1716,25.4954],[-108.1837,25.4532],[-108.1983,25.4116],[-108.2152,25.3708],[-108.2345,25.3308],[-108.2561,25.2918],[-108.2799,25.2539],[-108.3059,25.2172],[-108.3339,25.1817],[-108.3641,25.1476],[-108.3961,25.1149],[-108.43,25.0839],[-108.4656,25.0544],[-108.5029,25.0267],[-108.5418,25.0008],[-108.5821,24.9767],[-108.6238,24.9546],[-108.6667,24.9345],[-108.7107,24.9164],[-108.7557,24.9004],[-108.8015,24.8866],[-108.8481,24.875],[-108.8953,24.8655],[-108.943,24.8583],[-108.9911,24.8534],[-109.0393,24.8508],[-109.0877,24.8504],[-109.1738,24.8519],[-109.2568,24.5215],[-109.4614,24.5682],[-109.3914,24.8989],[-109.4176,24.9109],[-109.4619,24.9282],[-109.5052,24.9477],[-109.5473,24.9691],[-109.5881,24.9926],[-109.6274,25.0179],[-109.6653,25.045],[-109.7015,25.0739],[-109.736,25.1044],[-109.7686,25.1365],[-109.7994,25.1702],[-109.8282,25.2052],[-109.8548,25.2415],[-109.8794,25.2791],[-109.9017,25.3177],[-109.9218,25.3574],[-109.9395,25.3979],[-109.9548,25.4393],[-109.9678,25.4812],[-109.9782,25.5238],[-109.9862,25.5668],[-109.9917,25.6101],[-109.9946,25.6536],[-109.995,25.6971],[-109.9929,25.7407],[-109.9883,25.7841],[-109.9812,25.8271],[-109.9715,25.8699],[-109.9594,25.912],[-109.9449,25.9536],[-109.9279,25.9944],[-109.9087,26.0344],[-109.8871,26.0734],[-109.8633,26.1113],[-109.8373,26.1481],[-109.8092,26.1835],[-109.7791,26.2176],[-109.7471,26.2503],[-109.7132,26.2814],[-109.6775,26.3108],[-109.6402,26.3385],[-109.6013,26.3644],[-109.561,26.3885],[-109.5194,26.4106],[-109.4765,26.4307],[-109.4325,26.4488],[-109.3875,26.4648],[-109.3416,26.4786],[-109.295,26.4902],[-109.2478,26.4997],[-109.2001,26.5069],[-109.1521,26.5118],[-109.1038,26.5145],[-109.0555,26.5148],[-109.0071,26.5129]]]]}},{"type":"Feature","properties":{"id":"MMLO","name":"LEON TMA","prefixes":["MMLO"],"labelLat":21.4265,"labelLon":-102.0162},"geometry":{"type":"MultiPolygon","coordinates":[[[[-101.9269,22.6405],[-101.5169,21.7419],[-100.6353,21.4047],[-100.9203,20.5392],[-102.0419,20.14],[-102.268,20.3162],[-102.2581,20.3596],[-102.2465,20.4462],[-102.2431,20.5334],[-102.2478,20.6206],[-102.2606,20.707],[-102.2814,20.7922],[-102.3101,20.8753],[-102.3465,20.9557],[-102.3902,21.0326],[-102.4412,21.1061],[-102.4986,21.1747],[-102.5627,21.2389],[-102.6322,21.2972],[-102.7071,21.3496],[-102.7866,21.3958],[-102.8702,21.4354],[-102.9574,21.4679],[-103.0471,21.4932],[-103.1389,21.5111],[-103.2322,21.5214],[-103.3259,21.5241],[-103.3768,21.5214],[-103.3916,21.6122],[-103.3972,21.7008],[-103.3945,21.788],[-103.3835,21.8749],[-103.3643,21.9604],[-103.3373,22.0441],[-103.3023,22.1253],[-103.26,22.2033],[-103.2103,22.2776],[-103.1537,22.3477],[-103.0908,22.4128],[-103.0218,22.4726],[-102.9475,22.5265],[-102.8686,22.574],[-102.7848,22.6155],[-102.6976,22.6498],[-102.6076,22.6768],[-102.5153,22.6964],[-102.4215,22.7086],[-102.3269,22.713],[-102.2322,22.7098],[-102.1383,22.6989],[-102.0457,22.6805],[-101.955,22.6546],[-101.9289,22.6447],[-101.9269,22.6405]]]]}},{"type":"Feature","properties":{"id":"MMLP","name":"LA PAZ TMA","prefixes":["MMLP"],"labelLat":24.4601,"labelLon":-110.3907},"geometry":{"type":"MultiPolygon","coordinates":[[[[-111.2697,24.9072],[-111.196,24.965],[-111.1445,25.0038],[-111.0907,25.0401],[-111.035,25.0738],[-110.9774,25.1047],[-110.9182,25.1329],[-110.8574,25.1582],[-110.7952,25.1806],[-110.7318,25.1999],[-110.6674,25.2162],[-110.6022,25.2294],[-110.5363,25.2395],[-110.4699,25.2464],[-110.4032,25.2501],[-110.3364,25.2507],[-110.2696,25.248],[-110.2031,25.2421],[-110.137,25.2331],[-110.0715,25.221],[-110.0068,25.2057],[-109.9431,25.1873],[-109.8805,25.166],[-109.8193,25.1417],[-109.7447,25.1125],[-109.736,25.1044],[-109.7015,25.0739],[-109.6653,25.045],[-109.6274,25.0179],[-109.5881,24.9926],[-109.5473,24.9691],[-109.5258,24.9558],[-109.7353,24.6964],[-109.7029,24.6638],[-109.6706,24.6316],[-109.6402,24.598],[-109.6119,24.563],[-109.5855,24.5267],[-109.5613,24.4891],[-109.5392,24.4505],[-109.5195,24.4108],[-109.5117,24.3953],[-109.9594,24.2872],[-109.949,24.268],[-109.9391,24.2482],[-109.9303,24.2279],[-109.9227,24.2073],[-109.9164,24.1863],[-109.9112,24.165],[-109.9073,24.1435],[-109.9046,24.1219],[-109.9031,24.1001],[-109.9029,24.0783],[-109.9039,24.0566],[-109.9062,24.0349],[-109.9097,24.0133],[-109.9145,23.992],[-109.9205,23.9709],[-109.9277,23.9501],[-109.936,23.9297],[-109.9455,23.9097],[-109.9562,23.8902],[-109.9679,23.8713],[-109.9808,23.8529],[-109.9946,23.8352],[-110.0095,23.8181],[-110.0253,23.8018],[-110.042,23.7862],[-110.0596,23.7715],[-110.078,23.7577],[-110.0972,23.7447],[-110.1171,23.7327],[-110.1377,23.7216],[-110.1588,23.7116],[-110.1805,23.7025],[-110.2028,23.6945],[-110.2254,23.6876],[-110.2484,23.6818],[-110.2717,23.6771],[-110.2952,23.6735],[-110.3189,23.671],[-110.3428,23.6697],[-110.3666,23.6695],[-110.3905,23.6705],[-110.4142,23.6726],[-110.4378,23.6758],[-110.4612,23.6801],[-110.4843,23.6856],[-110.5071,23.6921],[-110.5294,23.6998],[-110.5513,23.7084],[-110.5727,23.7182],[-110.5934,23.7289],[-110.6136,23.7406],[-110.633,23.7532],[-110.6517,23.7668],[-110.6695,23.7812],[-110.6866,23.7965],[-110.7027,23.8126],[-110.7179,23.8294],[-110.7321,23.8469],[-110.7452,23.8651],[-110.7573,23.8838],[-110.7684,23.9032],[-110.7783,23.923],[-110.787,23.9433],[-110.7946,23.9639],[-110.801,23.9849],[-110.8061,24.0062],[-110.8101,24.0277],[-110.8128,24.0493],[-110.8142,24.0711],[-110.8144,24.0929],[-110.8134,24.1146],[-110.8111,24.1363],[-110.8076,24.1579],[-110.8028,24.1792],[-110.7968,24.2003],[-110.7897,24.2211],[-110.7813,24.2415],[-110.7718,24.2615],[-110.7611,24.281],[-110.7494,24.2999],[-110.7366,24.3183],[-110.7286,24.3297],[-111.2697,24.9072]]]]}},{"type":"Feature","properties":{"id":"MMMA","name":"MATAMOROS TMA","prefixes":["MMMA"],"labelLat":25.5694,"labelLon":-97.3515},"geometry":{"type":"MultiPolygon","coordinates":[[[[-97.8156,26.0449],[-97.7123,26.0246],[-97.5312,25.9166],[-97.4976,25.8907],[-97.3902,25.8376],[-97.3424,25.9231],[-97.2457,25.955],[-97.1442,25.9561],[-97.1714,25.6994],[-96.6736,25.4319],[-96.7869,25.2597],[-97.3217,25.0939],[-98.0294,25.2989],[-97.9744,25.6692],[-97.8156,26.0449]]]]}},{"type":"Feature","properties":{"id":"MMMD","name":"MERIDA TMA","prefixes":["MMMD"],"labelLat":20.9759,"labelLon":-89.8367},"geometry":{"type":"MultiPolygon","coordinates":[[[[-90.6036,21.7028],[-90.4467,21.847],[-90.4467,21.847],[-90.1263,21.6499],[-90.0909,21.6691],[-90.055,21.6875],[-90.0236,21.7004],[-89.9798,21.7178],[-89.9374,21.7326],[-89.8942,21.7443],[-89.8494,21.7558],[-89.7873,21.7658],[-89.7293,21.7719],[-89.6834,21.7755],[-89.6288,21.7758],[-89.579,21.7726],[-89.5158,21.7651],[-89.4536,21.7532],[-89.3843,21.7361],[-89.3357,21.7198],[-89.2764,21.6963],[-89.2097,21.6637],[-89.1493,21.628],[-89.0958,21.5887],[-89.0577,21.559],[-89.0311,21.5361],[-88.9951,21.4992],[-88.9669,21.4682],[-88.9364,21.4319],[-88.9116,21.3963],[-88.8907,21.3657],[-88.8673,21.3258],[-88.8457,21.2838],[-88.8285,21.2476],[-88.8123,21.2047],[-88.7978,21.1606],[-88.7827,21.0997],[-88.7757,21.0576],[-88.7693,21.0051],[-88.7673,20.9388],[-88.7681,20.8843],[-88.7777,20.808],[-88.7877,20.7572],[-88.8137,20.6727],[-88.8352,20.6222],[-88.8596,20.5696],[-88.882,20.5286],[-88.9092,20.4886],[-88.9436,20.4416],[-88.9754,20.4023],[-89.0116,20.3655],[-89.0504,20.3278],[-89.0996,20.2892],[-89.1357,20.264],[-89.1745,20.2383],[-89.2149,20.2158],[-89.2587,20.1943],[-89.3049,20.1741],[-89.3526,20.1557],[-89.4153,20.1356],[-89.4734,20.1227],[-89.5402,20.1128],[-89.6095,20.107],[-89.677,20.1048],[-89.7534,20.1102],[-89.8126,20.1178],[-89.8667,20.129],[-89.9439,20.1499],[-90.0184,20.1768],[-90.0675,20.1988],[-90.1143,20.2245],[-90.1557,20.2492],[-90.2011,20.2802],[-90.2394,20.3094],[-90.2722,20.3382],[-90.3022,20.3651],[-90.3274,20.3912],[-90.3492,20.4142],[-90.3618,20.4304],[-90.673,20.257],[-90.7804,20.428],[-90.4734,20.6018],[-90.4818,20.6227],[-90.8291,20.5326],[-90.8695,20.6693],[-90.8907,20.7516],[-90.8982,20.8152],[-90.9048,20.8706],[-90.9062,20.9128],[-90.9057,20.9816],[-90.904,21.0167],[-90.8938,21.0674],[-90.8674,21.2173],[-90.4722,21.2723],[-90.4677,21.2831],[-90.829,21.3359],[-90.7374,21.5265],[-90.3465,21.4685],[-90.3024,21.5159],[-90.6036,21.7028]]]]}},{"type":"Feature","properties":{"id":"MMML","name":"MEXICALI TMA","prefixes":["MMML"],"labelLat":32.2641,"labelLon":-115.193},"geometry":{"type":"MultiPolygon","coordinates":[[[[-114.7752,32.4936],[-114.7792,32.4751],[-114.7895,32.4551],[-114.8005,32.4445],[-114.4157,32.1607],[-114.5703,32.0096],[-114.8674,32.2287],[-114.6748,31.8993],[-114.885,31.8099],[-115.1286,32.2242],[-115.1433,32.2224],[-115.1688,32.2188],[-115.1945,32.2163],[-115.2203,32.215],[-115.2462,32.2148],[-115.26,32.2134],[-115.4003,31.8117],[-115.6247,31.8679],[-115.4857,32.268],[-115.4922,32.2742],[-115.514,32.2859],[-115.5351,32.2986],[-115.5554,32.3121],[-115.5747,32.3266],[-115.591,32.3364],[-115.7114,32.2635],[-115.9264,32.3302],[-115.6736,32.4367],[-115.6819,32.4485],[-115.6926,32.4684],[-115.7021,32.4887],[-115.7103,32.5093],[-115.72,32.5295],[-115.9675,32.5281],[-115.9665,32.5679],[-115.9703,32.6267],[-114.7186,32.7183],[-114.7464,32.6569],[-114.7531,32.6489],[-114.7831,32.6267],[-114.7956,32.61],[-114.7986,32.5917],[-114.7917,32.5578],[-114.7997,32.53],[-114.8131,32.5053],[-114.8097,32.5039],[-114.7752,32.4936]]]]}},{"type":"Feature","properties":{"id":"MMMM","name":"MORELIA TMA","prefixes":["MMMM"],"labelLat":19.6021,"labelLon":-101.1945},"geometry":{"type":"MultiPolygon","coordinates":[[[[-100.9203,20.5392],[-100.1183,19.7561],[-100.1453,19.0147],[-100.4233,19.0242],[-100.447,19.0125],[-100.4944,18.9852],[-100.5433,18.9602],[-100.5935,18.9377],[-100.6448,18.9177],[-100.6972,18.9003],[-100.7505,18.8854],[-100.8045,18.8732],[-100.8611,18.8583],[-100.8992,18.665],[-101.59,18.7864],[-101.5528,18.9797],[-101.6035,19.0125],[-101.6493,19.0421],[-101.6934,19.0739],[-101.7357,19.1079],[-101.776,19.1439],[-101.8143,19.1818],[-101.8504,19.2216],[-101.8842,19.263],[-101.9157,19.3061],[-101.9447,19.3507],[-101.9712,19.3966],[-101.9952,19.4438],[-102.0164,19.4921],[-102.035,19.5414],[-102.0508,19.5915],[-102.0637,19.6424],[-102.0739,19.6938],[-102.0811,19.7456],[-102.0855,19.7977],[-102.0856,19.8156],[-102.2708,19.8703],[-102.1533,20.2269],[-102.0419,20.14],[-100.9203,20.5392]]]]}},{"type":"Feature","properties":{"id":"MMMX","name":"MEXICO TMA","prefixes":["MMMX","MMPB","MMSM","MMTO"],"labelLat":19.4357,"labelLon":-99.0721},"geometry":{"type":"MultiPolygon","coordinates":[[[[-97.9989,19.8517],[-98.6294,20.425],[-99.5164,20.4539],[-100.115,19.8506],[-100.1453,19.0147],[-99.5094,18.4464],[-98.6336,18.4175],[-98.0294,19.0158],[-97.9989,19.8517]]]]}},{"type":"Feature","properties":{"id":"MMMY","name":"MONTERREY TMA","prefixes":["MMMY"],"labelLat":25.7176,"labelLon":-99.8041},"geometry":{"type":"MultiPolygon","coordinates":[[[[-99.3767,26.4839],[-99.3919,26.3072],[-98.9422,26.4169],[-99.0675,25.3675],[-99.1053,25.0464],[-100.0472,24.7558],[-100.5958,25.2586],[-100.6661,25.8889],[-100.0967,26.6794],[-99.3767,26.4839]]]]}},{"type":"Feature","properties":{"id":"MMMZ","name":"MAZATLAN TMA","prefixes":["MMMZ"],"labelLat":23.2968,"labelLon":-106.1268},"geometry":{"type":"MultiPolygon","coordinates":[[[[-107.1966,23.7559],[-107.0112,23.8742],[-106.8814,23.7799],[-106.8708,23.789],[-106.9602,23.9067],[-106.7744,24.0248],[-106.6853,23.9043],[-106.4894,23.972],[-106.506,24.0946],[-106.7636,24.2425],[-106.6577,24.3943],[-106.5163,24.3091],[-106.4473,24.3144],[-106.3814,24.3213],[-106.3152,24.325],[-106.2488,24.3255],[-106.1826,24.3229],[-106.1165,24.317],[-106.0509,24.308],[-105.9859,24.2958],[-105.9216,24.2806],[-105.9018,24.2806],[-105.9598,23.946],[-105.9319,23.9322],[-105.8884,23.9148],[-105.846,23.8954],[-105.8047,23.8739],[-105.7648,23.8505],[-105.7262,23.8252],[-105.6891,23.7981],[-105.6536,23.7692],[-105.6124,23.7349],[-105.4999,23.7907],[-105.3143,23.503],[-105.4197,23.4451],[-105.4053,23.4039],[-105.3926,23.3619],[-105.3824,23.3193],[-105.3745,23.2764],[-105.3692,23.2331],[-105.3663,23.1896],[-105.3659,23.146],[-105.3679,23.1025],[-105.3725,23.0591],[-105.3795,23.016],[-105.3909,22.9707],[-105.057,22.833],[-105.0727,22.7812],[-105.0959,22.724],[-105.1224,22.6681],[-105.152,22.6135],[-105.1847,22.5604],[-105.2203,22.509],[-105.2588,22.4593],[-105.3001,22.4116],[-105.3441,22.3659],[-105.3906,22.3224],[-105.4395,22.2812],[-105.4907,22.2423],[-105.5509,22.1993],[-105.7993,22.4477],[-105.8321,22.4326],[-105.8741,22.4125],[-105.9173,22.3944],[-105.9614,22.3784],[-106.0063,22.3646],[-106.052,22.353],[-106.0982,22.3435],[-106.145,22.3364],[-106.1921,22.3314],[-106.2394,22.3288],[-106.2868,22.3284],[-106.3341,22.3303],[-106.3813,22.3345],[-106.4282,22.3409],[-106.4746,22.3496],[-106.5205,22.3605],[-106.5657,22.3736],[-106.6101,22.3889],[-106.6535,22.4062],[-106.6959,22.4257],[-106.7372,22.4471],[-106.7772,22.4705],[-106.8157,22.4958],[-106.8528,22.523],[-106.8883,22.5518],[-106.9221,22.5824],[-106.9541,22.6145],[-106.9843,22.6481],[-107.0125,22.6832],[-107.0386,22.7195],[-107.0627,22.757],[-107.0846,22.7957],[-107.1042,22.8353],[-107.1216,22.8759],[-107.1366,22.9172],[-107.1493,22.9592],[-107.1596,23.0017],[-107.1674,23.0447],[-107.1727,23.088],[-107.1756,23.1315],[-107.1761,23.175],[-107.174,23.2186],[-107.1694,23.262],[-107.1624,23.305],[-107.153,23.3477],[-107.1411,23.3899],[-107.1269,23.4315],[-107.1103,23.4723],[-107.0914,23.5123],[-107.0702,23.5512],[-107.0469,23.5892],[-107.0258,23.6227],[-107.1966,23.7559]]]]}},{"type":"Feature","properties":{"id":"MMNL","name":"NUEVO LAREDO TMA","prefixes":["MMNL"],"labelLat":27.3278,"labelLon":-99.8407},"geometry":{"type":"MultiPolygon","coordinates":[[[[-100.0981,28.1275],[-100.0438,28.1717],[-100.0333,28.1667],[-99.9667,28],[-99.8333,27.8667],[-99.7167,27.75],[-99.5,27.6],[-99.4833,27.55],[-99.45,27.3333],[-99.3833,27.2833],[-99.4333,27.1167],[-99.45,27.0167],[-99.4177,27.0061],[-99.3647,26.6225],[-99.3767,26.4839],[-100.0967,26.6794],[-100.1481,26.8236],[-100.3167,27.9403],[-100.0981,28.1275]]]]}},{"type":"Feature","properties":{"id":"MMOX","name":"OAXACA TMA","prefixes":["MMOX"],"labelLat":17.0752,"labelLon":-96.7261},"geometry":{"type":"MultiPolygon","coordinates":[[[[-96.1183,17.9942],[-96.1569,17.8408],[-96.1124,17.8064],[-96.069,17.7746],[-96.0275,17.7406],[-95.9878,17.7047],[-95.9502,17.6667],[-95.9147,17.627],[-95.8814,17.5855],[-95.8504,17.5424],[-95.8219,17.4979],[-95.7958,17.4519],[-95.7723,17.4047],[-95.7513,17.3564],[-95.7331,17.3072],[-95.7176,17.257],[-95.7048,17.2062],[-95.6949,17.1548],[-95.6877,17.103],[-95.6834,17.0509],[-95.682,16.9986],[-95.6834,16.9464],[-95.6877,16.8942],[-95.6949,16.8424],[-95.7048,16.791],[-95.7176,16.7402],[-95.7331,16.6901],[-95.7513,16.6408],[-95.7723,16.5925],[-95.7958,16.5453],[-95.8219,16.4994],[-95.8504,16.4548],[-95.8814,16.4117],[-95.9147,16.3702],[-95.9502,16.3305],[-95.9878,16.2926],[-96.0275,16.2566],[-96.069,16.2226],[-96.1124,16.1908],[-96.1574,16.1612],[-96.2041,16.1339],[-96.2521,16.1089],[-96.3014,16.0864],[-96.3519,16.0664],[-96.4035,16.049],[-96.4559,16.0341],[-96.509,16.0219],[-96.5628,16.0124],[-96.617,16.0056],[-96.6715,16.0015],[-96.7261,16.0001],[-96.7808,16.0015],[-96.8352,16.0056],[-96.8894,16.0124],[-96.9432,16.0219],[-96.9963,16.0341],[-97.0488,16.049],[-97.1003,16.0664],[-97.1508,16.0864],[-97.2001,16.1089],[-97.2482,16.1339],[-97.2948,16.1612],[-97.3398,16.1908],[-97.3832,16.2226],[-97.4248,16.2566],[-97.4644,16.2926],[-97.502,16.3305],[-97.5375,16.3702],[-97.5708,16.4117],[-97.6018,16.4548],[-97.6303,16.4994],[-97.6564,16.5453],[-97.68,16.5925],[-97.7009,16.6408],[-97.7191,16.6901],[-97.7346,16.7402],[-97.7474,16.791],[-97.7574,16.8424],[-97.7645,16.8942],[-97.7688,16.9464],[-97.7702,16.9986],[-97.7688,17.0509],[-97.7645,17.103],[-97.7574,17.1548],[-97.7474,17.2062],[-97.7346,17.257],[-97.7191,17.3072],[-97.7009,17.3564],[-97.68,17.4047],[-97.6564,17.4519],[-97.6303,17.4979],[-97.6018,17.5424],[-97.5708,17.5855],[-97.5375,17.627],[-97.502,17.6667],[-97.4644,17.7047],[-97.4248,17.7406],[-97.3832,17.7746],[-97.3398,17.8064],[-97.2948,17.836],[-97.2482,17.8633],[-97.2001,17.8883],[-97.1508,17.9108],[-97.1003,17.9308],[-97.0488,17.9482],[-96.9963,17.9631],[-96.9432,17.9753],[-96.8894,17.9848],[-96.8369,17.9969],[-96.7989,18.1503],[-96.1183,17.9942]]]]}},{"type":"Feature","properties":{"id":"MMPR","name":"VALLARTA TMA","prefixes":["MMPR"],"labelLat":20.7689,"labelLon":-105.3043},"geometry":{"type":"MultiPolygon","coordinates":[[[[-105.1024,21.8364],[-105.0379,21.8274],[-104.974,21.8152],[-104.9109,21.7999],[-104.8487,21.7816],[-104.7877,21.7602],[-104.7279,21.7359],[-104.6695,21.7087],[-104.5817,21.6664],[-104.6783,21.5258],[-104.6118,21.4775],[-104.5681,21.445],[-104.5262,21.4103],[-104.4863,21.3737],[-104.4486,21.3352],[-104.413,21.2948],[-104.3798,21.2528],[-104.349,21.2092],[-104.3206,21.1641],[-104.2948,21.1178],[-104.2716,21.0702],[-104.245,21.0075],[-104.3239,20.1469],[-105.445,19.6928],[-105.5484,19.7201],[-105.6017,19.7358],[-105.654,19.7541],[-105.7053,19.7749],[-105.7553,19.7983],[-105.8039,19.824],[-105.851,19.8521],[-105.8965,19.8825],[-105.9403,19.915],[-105.9821,19.9496],[-106.022,19.9863],[-106.0597,20.0248],[-106.0953,20.0652],[-106.1285,20.1072],[-106.1594,20.1508],[-106.1877,20.1959],[-106.2135,20.2422],[-106.2367,20.2898],[-106.2572,20.3384],[-106.2749,20.388],[-106.2899,20.4384],[-106.302,20.4895],[-106.3112,20.541],[-106.3175,20.593],[-106.3209,20.6451],[-106.3214,20.6974],[-106.319,20.7497],[-106.3136,20.8017],[-106.3054,20.8534],[-106.2942,20.9046],[-106.2802,20.9553],[-106.2634,21.0051],[-106.2438,21.0541],[-106.2216,21.102],[-106.2047,21.1378],[-106.3636,21.2136],[-106.3216,21.2801],[-106.2866,21.3315],[-106.2487,21.3812],[-106.2081,21.4289],[-106.1649,21.4746],[-106.1192,21.5181],[-106.0712,21.5593],[-106.0208,21.5981],[-105.9684,21.6344],[-105.9141,21.668],[-105.8579,21.699],[-105.8001,21.7272],[-105.7407,21.7524],[-105.6801,21.7748],[-105.614,21.7952],[-105.5554,21.8105],[-105.4918,21.8237],[-105.4275,21.8337],[-105.3627,21.8406],[-105.2324,21.8449],[-105.1673,21.8422],[-105.1024,21.8364]]]]}},{"type":"Feature","properties":{"id":"MMQT","name":"QUERETARO TMA","prefixes":["MMQT"],"labelLat":20.687,"labelLon":-100.0195},"geometry":{"type":"MultiPolygon","coordinates":[[[[-100.0992,21.6178],[-100.074,21.6107],[-100.0186,21.6038],[-99.9637,21.5943],[-99.9094,21.5821],[-99.8558,21.5672],[-99.8032,21.5498],[-99.7516,21.5298],[-99.7012,21.5073],[-99.6521,21.4823],[-99.6044,21.455],[-99.5584,21.4254],[-99.5141,21.3936],[-99.4716,21.3596],[-99.4311,21.3236],[-99.3926,21.2857],[-99.3564,21.246],[-99.3224,21.2045],[-99.2907,21.1614],[-99.2615,21.1168],[-99.2349,21.0709],[-99.2108,21.0237],[-99.1895,20.9754],[-99.1708,20.9261],[-99.1549,20.876],[-99.1419,20.8251],[-99.1317,20.7737],[-99.1244,20.7219],[-99.1201,20.6698],[-99.1186,20.6175],[-99.1201,20.5652],[-99.1244,20.5131],[-99.1317,20.4613],[-99.1367,20.4419],[-99.5164,20.4539],[-100.115,19.8506],[-100.1183,19.7561],[-100.9203,20.5392],[-100.6353,21.4047],[-100.0992,21.6178]]]]}},{"type":"Feature","properties":{"id":"MMRX","name":"REYNOSA TMA","prefixes":["MMRX"],"labelLat":25.8579,"labelLon":-98.4286},"geometry":{"type":"MultiPolygon","coordinates":[[[[-98.9422,26.4169],[-98.8167,26.4],[-98.6667,26.25],[-98.4833,26.2167],[-98.35,26.1833],[-98.25,26.1],[-98.1,26.0667],[-98.0333,26.0333],[-97.8667,26.05],[-97.8156,26.0449],[-97.9744,25.6692],[-98.0294,25.2989],[-99.0417,25.5858],[-98.9422,26.4169]]]]}},{"type":"Feature","properties":{"id":"MMSD","name":"CABOS TMA","prefixes":["MMSD"],"labelLat":23.4174,"labelLon":-109.5405},"geometry":{"type":"MultiPolygon","coordinates":[[[[-109.9602,24.2886],[-109.5193,24.3938],[-109.5158,24.4049],[-109.4613,24.5682],[-109.2568,24.5214],[-109.3253,24.2589],[-109.2686,24.2396],[-109.1886,24.2084],[-109.1346,24.1832],[-109.0942,24.1629],[-109.0565,24.1425],[-108.9995,24.107],[-108.9439,24.0707],[-108.8921,24.0307],[-108.8551,24.0014],[-108.8206,23.9683],[-108.7786,23.9287],[-108.7401,23.8867],[-108.7043,23.8441],[-108.6737,23.8046],[-108.6445,23.7643],[-108.6124,23.7132],[-108.5865,23.6669],[-108.5648,23.6219],[-108.544,23.5795],[-108.5261,23.5328],[-108.5078,23.4819],[-108.4925,23.4353],[-108.483,23.3896],[-108.4751,23.3565],[-108.4679,23.313],[-108.4629,23.2725],[-108.4585,23.2255],[-108.4563,23.1837],[-108.4554,23.1176],[-108.4579,23.0767],[-108.4618,23.0262],[-108.47,22.9726],[-108.4804,22.9177],[-108.4908,22.8731],[-108.5075,22.816],[-108.5215,22.7766],[-108.5326,22.7431],[-108.5516,22.7041],[-108.5706,22.6611],[-108.5924,22.6226],[-108.6147,22.5819],[-108.6401,22.544],[-108.6646,22.5043],[-108.6934,22.4688],[-108.7271,22.4278],[-108.7514,22.4001],[-108.7771,22.3727],[-108.8041,22.3469],[-108.8251,22.3237],[-108.8567,22.2977],[-108.8846,22.2741],[-108.8939,22.2665],[-109.1526,22.4965],[-109.1838,22.4764],[-109.2337,22.4441],[-109.2763,22.4197],[-109.3243,22.399],[-109.3703,22.3772],[-109.4196,22.362],[-109.4753,22.3459],[-109.5291,22.3332],[-109.5792,22.3242],[-109.623,22.3194],[-109.6832,22.3146],[-109.7715,22.3142],[-109.8612,22.3238],[-109.9309,22.3367],[-110.0073,22.3563],[-110.0669,22.3775],[-110.1253,22.4021],[-110.1818,22.43],[-110.2364,22.4621],[-110.2729,22.4878],[-110.3039,22.511],[-110.3304,22.5317],[-110.3638,22.5615],[-110.4099,22.6052],[-110.4405,22.6361],[-110.4719,22.6765],[-110.4974,22.7175],[-110.5217,22.7579],[-110.5329,22.7768],[-110.5507,22.8085],[-110.5656,22.8435],[-110.5787,22.8803],[-110.5894,22.9158],[-110.6004,22.9564],[-110.6124,23.0039],[-110.6206,23.0631],[-110.6257,23.1306],[-110.6251,23.1843],[-110.6204,23.2371],[-110.6133,23.2851],[-110.5999,23.3442],[-110.5884,23.3855],[-110.5761,23.4214],[-110.5606,23.4566],[-110.5483,23.4821],[-110.5357,23.5094],[-110.5197,23.5402],[-110.5053,23.5652],[-110.4868,23.5915],[-110.4698,23.6144],[-110.4512,23.6391],[-110.4279,23.6676],[-110.4265,23.6745],[-110.3793,23.6706],[-110.3077,23.6717],[-110.2478,23.6818],[-110.2014,23.6952],[-110.1481,23.7168],[-110.0985,23.7441],[-110.0589,23.7729],[-110.0212,23.8065],[-109.9922,23.8388],[-109.9664,23.8758],[-109.9479,23.9058],[-109.9328,23.9412],[-109.9181,23.981],[-109.9094,24.0245],[-109.9044,24.0661],[-109.9043,24.0997],[-109.9093,24.1505],[-109.9152,24.1823],[-109.928,24.2235],[-109.9425,24.2561],[-109.9535,24.2758],[-109.9602,24.2886]]]]}},{"type":"Feature","properties":{"id":"MMSP","name":"POTOSI TMA","prefixes":["MMSP"],"labelLat":22.3288,"labelLon":-100.8894},"geometry":{"type":"MultiPolygon","coordinates":[[[[-101.9269,22.6406],[-101.8923,22.7076],[-101.8653,22.7535],[-101.8358,22.7981],[-101.8038,22.8412],[-101.7694,22.8827],[-101.7327,22.9224],[-101.6938,22.9603],[-101.6529,22.9963],[-101.6099,23.0303],[-101.5651,23.0621],[-101.5185,23.0917],[-101.4704,23.1191],[-101.4207,23.144],[-101.3697,23.1665],[-101.3175,23.1865],[-101.2643,23.204],[-101.2101,23.2188],[-101.1552,23.231],[-101.0996,23.2406],[-101.0436,23.2474],[-100.9873,23.2515],[-100.9308,23.2529],[-100.8744,23.2515],[-100.818,23.2474],[-100.762,23.2406],[-100.7065,23.231],[-100.6515,23.2188],[-100.5974,23.204],[-100.5441,23.1865],[-100.4919,23.1665],[-100.4409,23.144],[-100.3913,23.1191],[-100.3431,23.0917],[-100.2966,23.0621],[-100.2518,23.0303],[-100.2088,22.9963],[-100.1678,22.9603],[-100.1289,22.9224],[-100.0922,22.8827],[-100.0578,22.8412],[-100.0258,22.7981],[-99.9963,22.7535],[-99.9694,22.7076],[-99.9451,22.6604],[-99.9234,22.6121],[-99.9046,22.5628],[-99.8885,22.5126],[-99.8753,22.4618],[-99.865,22.4104],[-99.8577,22.3586],[-99.8532,22.3064],[-99.8518,22.2542],[-99.8532,22.2019],[-99.8577,22.1498],[-99.865,22.0979],[-99.8753,22.0465],[-99.8885,21.9957],[-99.9046,21.9456],[-99.9234,21.8963],[-99.9451,21.848],[-99.9694,21.8008],[-99.9963,21.7548],[-100.0258,21.7102],[-100.0578,21.6672],[-100.0992,21.6178],[-100.6353,21.4047],[-101.5169,21.7419],[-101.9269,22.6406]]]]}},{"type":"Feature","properties":{"id":"MMTC","name":"TORREON TMA","prefixes":["MMTC"],"labelLat":25.5053,"labelLon":-103.5917},"geometry":{"type":"MultiPolygon","coordinates":[[[[-103.328,26.3932],[-103.28,26.3882],[-103.2323,26.381],[-103.1852,26.3716],[-103.1386,26.36],[-103.0928,26.3461],[-103.0479,26.3302],[-103.0039,26.3121],[-102.9611,26.292],[-102.9195,26.2698],[-102.8792,26.2458],[-102.8403,26.2199],[-102.8031,26.1922],[-102.7675,26.1627],[-102.7336,26.1316],[-102.7016,26.099],[-102.6715,26.0649],[-102.6435,26.0294],[-102.6175,25.9927],[-102.5937,25.9547],[-102.5722,25.9157],[-102.5529,25.8758],[-102.536,25.835],[-102.5215,25.7934],[-102.5094,25.7512],[-102.4997,25.7085],[-102.4926,25.6654],[-102.488,25.622],[-102.4859,25.5785],[-102.4863,25.5349],[-102.4892,25.4914],[-102.4947,25.4481],[-102.5027,25.4051],[-102.5131,25.3626],[-102.526,25.3206],[-102.5414,25.2793],[-102.5591,25.2387],[-102.5791,25.1991],[-102.6014,25.1604],[-102.6259,25.1229],[-102.6526,25.0865],[-102.6813,25.0515],[-102.712,25.0179],[-102.7447,24.9858],[-102.7791,24.9552],[-102.8153,24.9263],[-102.8531,24.8992],[-102.8924,24.8739],[-102.9332,24.8505],[-102.9752,24.829],[-103.0185,24.8096],[-103.0628,24.7922],[-103.108,24.777],[-103.1541,24.7638],[-103.2008,24.7529],[-103.2482,24.7443],[-103.296,24.7378],[-103.344,24.7336],[-103.3923,24.7317],[-103.4406,24.7321],[-103.4888,24.7348],[-103.5515,24.7382],[-103.6005,24.6143],[-104.3308,25.0879],[-104.2203,25.1707],[-104.2446,25.2122],[-104.2634,25.2545],[-104.6326,25.1947],[-104.6976,25.5243],[-104.3298,25.5838],[-104.3276,25.6365],[-104.3221,25.6798],[-104.3141,25.7228],[-104.3037,25.7653],[-104.2908,25.8073],[-104.2755,25.8486],[-104.2577,25.8892],[-104.2377,25.9288],[-104.2154,25.9675],[-104.1909,26.005],[-104.1642,26.0414],[-104.1355,26.0764],[-104.1048,26.11],[-104.0721,26.1422],[-104.0377,26.1727],[-104.0015,26.2016],[-103.9637,26.2287],[-103.9244,26.254],[-103.8836,26.2774],[-103.8416,26.2989],[-103.7984,26.3183],[-103.7541,26.3357],[-103.7088,26.351],[-103.6627,26.3641],[-103.616,26.375],[-103.5686,26.3837],[-103.5209,26.3901],[-103.4728,26.3943],[-103.4245,26.3962],[-103.3762,26.3958],[-103.328,26.3932]]]]}},{"type":"Feature","properties":{"id":"MMTG","name":"TUXTLA GUTIERREZ TMA","prefixes":["MMTG"],"labelLat":16.4736,"labelLon":-93.1341},"geometry":{"type":"MultiPolygon","coordinates":[[[[-92.8584,17.0716],[-92.7781,17.2087],[-92.605,17.119],[-92.4577,16.975],[-92.6563,16.7828],[-92.6542,16.7786],[-92.6468,16.7659],[-92.6399,16.753],[-92.6335,16.7398],[-92.6276,16.7264],[-92.6222,16.7129],[-92.6172,16.6992],[-92.6128,16.6853],[-92.6089,16.6712],[-92.6055,16.6571],[-92.6026,16.6428],[-92.6002,16.6285],[-92.5984,16.6141],[-92.5971,16.5996],[-92.5963,16.5851],[-92.596,16.5706],[-92.5963,16.5561],[-92.5971,16.5416],[-92.5984,16.5271],[-92.6002,16.5127],[-92.6026,16.4984],[-92.6055,16.4841],[-92.6089,16.47],[-92.6128,16.4559],[-92.6172,16.442],[-92.6222,16.4283],[-92.6276,16.4148],[-92.6335,16.4014],[-92.6416,16.3848],[-92.186,16.0142],[-92.3166,15.86],[-92.7725,16.2339],[-92.789,16.2229],[-92.5795,15.6529],[-92.7816,15.5861],[-92.9851,16.1545],[-93.0149,16.1548],[-93.0301,16.1546],[-93.0452,16.1548],[-93.0603,16.1556],[-93.0754,16.1568],[-93.0905,16.1586],[-93.1054,16.1609],[-93.1203,16.1637],[-93.1351,16.1669],[-93.1497,16.1707],[-93.1642,16.1749],[-93.1785,16.1797],[-93.1927,16.1849],[-93.2066,16.1905],[-93.2203,16.1967],[-93.2338,16.2033],[-93.2471,16.2103],[-93.2601,16.2178],[-93.2728,16.2257],[-93.2852,16.234],[-93.2973,16.2428],[-93.3091,16.2519],[-93.3205,16.2614],[-93.3316,16.2713],[-93.3423,16.2816],[-93.3526,16.2922],[-93.3626,16.3032],[-93.3721,16.3145],[-93.3812,16.3261],[-93.3899,16.338],[-93.3982,16.3501],[-93.406,16.3626],[-93.4133,16.3753],[-93.4202,16.3882],[-93.4266,16.4014],[-93.4325,16.4148],[-93.4379,16.4283],[-93.4429,16.442],[-93.446,16.4512],[-94.072,16.4214],[-94.0823,16.623],[-93.4556,16.6524],[-93.4546,16.6571],[-93.4512,16.6712],[-93.4473,16.6853],[-93.4429,16.6992],[-93.4379,16.7129],[-93.4325,16.7264],[-93.4266,16.7398],[-93.4202,16.753],[-93.4133,16.7659],[-93.406,16.7786],[-93.3994,16.7905],[-93.8404,17.2211],[-93.6927,17.3611],[-93.2498,16.9314],[-93.2203,16.9445],[-93.2066,16.9507],[-93.1927,16.9563],[-93.1785,16.9615],[-93.1642,16.9663],[-93.1497,16.9705],[-93.1351,16.9743],[-93.1203,16.9775],[-93.1054,16.9803],[-93.0892,16.9824],[-93.0805,16.9831],[-93.0187,17.3308],[-92.8135,17.296],[-92.8584,17.0716]]]]}},{"type":"Feature","properties":{"id":"MMTJ","name":"TIJUANA TMA","prefixes":["MMTJ"],"labelLat":32.0231,"labelLon":-116.7322},"geometry":{"type":"MultiPolygon","coordinates":[[[[-115.9703,32.6268],[-115.9665,32.5679],[-115.9681,32.4993],[-115.9763,32.431],[-115.9858,32.3844],[-115.9935,32.351],[-115.6174,32.2342],[-115.6979,32.0462],[-116.0242,32.1502],[-115.7304,31.9897],[-115.8579,31.8235],[-115.9041,31.8479],[-115.8665,31.8158],[-115.9698,31.7202],[-115.9864,31.6207],[-116.4137,31.6717],[-116.3229,31.5],[-116.5374,31.4194],[-116.7042,31.7339],[-116.7344,31.7283],[-116.7803,31.7206],[-116.8248,31.7148],[-116.8629,31.7111],[-116.9208,31.7072],[-117.0028,31.7078],[-117.0783,31.7136],[-117.1689,31.7281],[-117.2414,31.7444],[-117.2954,31.7616],[-117.3902,31.797],[-117.4572,31.8287],[-117.5121,31.8598],[-117.5615,31.8896],[-117.6144,31.9289],[-117.6699,31.9771],[-117.7121,32.0169],[-117.7506,32.0601],[-117.7787,32.0966],[-117.8031,32.1293],[-117.8212,32.1578],[-117.8399,32.1883],[-117.847,32.2006],[-117.1239,32.5344],[-117.1228,32.5356],[-115.9703,32.6268]]]]}},{"type":"Feature","properties":{"id":"MMTM","name":"TAMPICO TMA","prefixes":["MMTM"],"labelLat":22.2897,"labelLon":-97.8644},"geometry":{"type":"MultiPolygon","coordinates":[[[[-97.7516,23.2829],[-97.6956,23.2761],[-97.64,23.2666],[-97.5851,23.2544],[-97.5309,23.2395],[-97.4776,23.2221],[-97.4254,23.2021],[-97.3744,23.1796],[-97.3248,23.1546],[-97.2766,23.1273],[-97.23,23.0977],[-97.1852,23.0658],[-97.1422,23.0319],[-97.1012,22.9959],[-97.0623,22.958],[-97.0256,22.9182],[-96.9912,22.8767],[-96.9592,22.8336],[-96.9297,22.7891],[-96.9027,22.7431],[-96.8784,22.6959],[-96.8568,22.6476],[-96.8379,22.5983],[-96.8219,22.5482],[-96.8087,22.4974],[-96.7984,22.446],[-96.791,22.3941],[-96.7866,22.342],[-96.7851,22.2897],[-96.7866,22.2375],[-96.791,22.1853],[-96.7984,22.1335],[-96.8087,22.0821],[-96.8219,22.0312],[-96.8379,21.9811],[-96.8568,21.9318],[-96.8784,21.8835],[-96.9027,21.8363],[-96.9297,21.7904],[-96.9592,21.7458],[-96.9912,21.7027],[-97.0256,21.6612],[-97.0623,21.6215],[-97.1012,21.5835],[-97.1422,21.5476],[-97.1852,21.5136],[-97.23,21.4818],[-97.2766,21.4522],[-97.3248,21.4248],[-97.3744,21.3999],[-97.4254,21.3774],[-97.4776,21.3574],[-97.5309,21.3399],[-97.5851,21.3251],[-97.64,21.3129],[-97.6956,21.3033],[-97.7516,21.2965],[-97.808,21.2924],[-97.8644,21.291],[-97.9209,21.2924],[-97.9773,21.2965],[-98.0333,21.3033],[-98.0888,21.3129],[-98.1438,21.3251],[-98.198,21.3399],[-98.2512,21.3574],[-98.3034,21.3774],[-98.3545,21.3999],[-98.4041,21.4248],[-98.4523,21.4522],[-98.4989,21.4818],[-98.5437,21.5136],[-98.5867,21.5476],[-98.6277,21.5835],[-98.6665,21.6215],[-98.7032,21.6612],[-98.7376,21.7027],[-98.7697,21.7458],[-98.7992,21.7904],[-98.8261,21.8363],[-98.8505,21.8835],[-98.8721,21.9318],[-98.891,21.9811],[-98.907,22.0312],[-98.9202,22.0821],[-98.9305,22.1335],[-98.9379,22.1853],[-98.9423,22.2375],[-98.9438,22.2897],[-98.9423,22.342],[-98.9379,22.3941],[-98.9305,22.446],[-98.9202,22.4974],[-98.907,22.5482],[-98.891,22.5983],[-98.8721,22.6476],[-98.8505,22.6959],[-98.8261,22.7431],[-98.7992,22.7891],[-98.7697,22.8336],[-98.7376,22.8767],[-98.7032,22.9182],[-98.6665,22.958],[-98.6277,22.9959],[-98.5867,23.0319],[-98.5437,23.0658],[-98.4989,23.0977],[-98.4523,23.1273],[-98.4041,23.1546],[-98.3545,23.1796],[-98.3034,23.2021],[-98.2512,23.2221],[-98.198,23.2395],[-98.1438,23.2544],[-98.0888,23.2666],[-98.0333,23.2761],[-97.9773,23.2829],[-97.9209,23.287],[-97.8644,23.2884],[-97.808,23.287],[-97.7516,23.2829]]]]}},{"type":"Feature","properties":{"id":"MMUN","name":"CANCUN TMA","prefixes":["MMCZ","MMTL","MMUN"],"labelLat":20.8214,"labelLon":-87.2237},"geometry":{"type":"MultiPolygon","coordinates":[[[[-85.9725,20.9422],[-86.0019,20.6725],[-85.7333,20.5239],[-85.8414,20.3508],[-86.0264,20.4531],[-86.0253,20.4061],[-86.0322,20.363],[-86.0444,20.3317],[-85.9464,20.2292],[-86.1039,20.0944],[-86.1269,20.1186],[-86.1456,20.0789],[-86.1706,20.0422],[-86.1976,20.0067],[-86.2265,19.9726],[-86.2574,19.94],[-86.29,19.9089],[-86.3243,19.8794],[-86.3602,19.8517],[-86.3975,19.8258],[-86.4363,19.8018],[-86.4764,19.7797],[-86.5177,19.7595],[-86.56,19.7415],[-86.6033,19.7255],[-86.6474,19.7117],[-86.6978,19.6958],[-87.4569,19.5153],[-87.9372,19.8244],[-88.5078,19.6789],[-88.7142,20.2244],[-88.2692,20.4169],[-88.2561,20.4225],[-88.0917,20.6275],[-88.0992,20.8319],[-88.105,20.9889],[-88.1066,21.0453],[-88.1037,21.1063],[-88.0975,21.167],[-88.0933,21.1958],[-88.0878,21.2273],[-88.0748,21.2871],[-88.0584,21.3461],[-88.0388,21.4043],[-88.0159,21.4614],[-87.9898,21.5174],[-87.9607,21.572],[-87.9285,21.6251],[-87.8934,21.6765],[-87.8555,21.7262],[-87.8148,21.7739],[-87.7715,21.8196],[-87.7257,21.8631],[-87.6775,21.9043],[-87.6271,21.9431],[-87.5745,21.9794],[-87.52,22.013],[-87.4637,22.044],[-87.4058,22.0722],[-87.3463,22.0975],[-87.2803,22.1275],[-87.1592,21.8128],[-87.1193,21.8208],[-87.0743,21.8325],[-87.0287,21.8419],[-86.9827,21.8491],[-86.9363,21.854],[-86.8897,21.8567],[-86.8431,21.8571],[-86.7964,21.8552],[-86.75,21.851],[-86.7038,21.8446],[-86.6581,21.8359],[-86.6129,21.825],[-86.5683,21.8119],[-86.5246,21.7966],[-86.4818,21.7792],[-86.44,21.7598],[-86.3994,21.7383],[-86.3601,21.7149],[-86.3221,21.6896],[-86.2855,21.6625],[-86.2506,21.6336],[-86.2173,21.6031],[-86.1857,21.571],[-86.1561,21.5374],[-86.1283,21.5023],[-86.1025,21.466],[-86.0788,21.4285],[-86.0573,21.3898],[-86.0379,21.3502],[-86.0208,21.3096],[-86.006,21.2683],[-85.9935,21.2263],[-85.9834,21.1838],[-85.9757,21.1408],[-85.9704,21.0975],[-85.9676,21.054],[-85.9672,21.0105],[-85.9692,20.9669],[-85.9725,20.9422]]]]}},{"type":"Feature","properties":{"id":"MMVA","name":"VILLAHERMOSA TMA","prefixes":["MMVA"],"labelLat":17.9053,"labelLon":-92.9677},"geometry":{"type":"MultiPolygon","coordinates":[[[[-92.7725,18.4126],[-92.7573,18.4109],[-92.7422,18.4086],[-92.7273,18.4058],[-92.7124,18.4026],[-92.6976,18.3988],[-92.683,18.3946],[-92.6686,18.3898],[-92.6543,18.3846],[-92.6403,18.3789],[-92.6264,18.3728],[-92.6128,18.3662],[-92.5995,18.3592],[-92.5864,18.3517],[-92.5736,18.3438],[-92.5611,18.3355],[-92.5489,18.3267],[-92.5228,18.3076],[-92.2157,18.5145],[-92.2063,18.4912],[-92.1929,18.4651],[-92.1776,18.44],[-92.1604,18.4159],[-92.1416,18.393],[-92.121,18.3714],[-92.1102,18.3611],[-92.0874,18.3417],[-92.4083,18.1429],[-92.1651,18.1801],[-92.0755,18.3326],[-92.0507,18.3155],[-92.0247,18.3001],[-91.9977,18.2865],[-91.9697,18.2747],[-91.9408,18.2647],[-91.9114,18.2567],[-91.8936,18.2529],[-91.9293,18.1814],[-91.9126,18.0314],[-91.9462,17.8141],[-92.4059,17.8586],[-92.4126,17.843],[-92.4186,17.8296],[-92.425,17.8165],[-92.4319,17.8035],[-92.4394,17.7908],[-92.4472,17.7784],[-92.4555,17.7662],[-92.4643,17.7543],[-92.4735,17.7427],[-92.4831,17.7314],[-92.4931,17.7205],[-92.5035,17.7098],[-92.5143,17.6996],[-92.5255,17.6897],[-92.537,17.6801],[-92.5489,17.671],[-92.5649,17.6601],[-92.4535,17.4231],[-92.6538,17.3485],[-92.755,17.5873],[-92.7578,17.5866],[-92.8135,17.296],[-93.0187,17.3308],[-92.9781,17.6124],[-92.9961,17.6188],[-93.01,17.6249],[-93.0236,17.6315],[-93.0369,17.6385],[-93.05,17.646],[-93.0628,17.6539],[-93.0753,17.6623],[-93.0875,17.671],[-93.0994,17.6801],[-93.1109,17.6897],[-93.1221,17.6996],[-93.1329,17.7098],[-93.1433,17.7205],[-93.1533,17.7314],[-93.1629,17.7427],[-93.1721,17.7543],[-93.1809,17.7662],[-93.1892,17.7784],[-93.1971,17.7908],[-93.2045,17.8035],[-93.2114,17.8165],[-93.2178,17.8296],[-93.2238,17.843],[-93.2293,17.8566],[-93.2343,17.8703],[-93.2387,17.8842],[-93.2427,17.8982],[-93.2461,17.9124],[-93.2475,17.9206],[-94.0419,17.9721],[-94.029,18.1724],[-93.5363,18.1419],[-93.6709,18.1859],[-93.5981,18.378],[-93.1803,18.2336],[-93.1721,18.2434],[-93.1629,18.255],[-93.1533,18.2663],[-93.1433,18.2773],[-93.1329,18.2879],[-93.1221,18.2981],[-93.1109,18.308],[-93.0994,18.3176],[-93.0875,18.3267],[-93.0753,18.3355],[-93.0628,18.3438],[-93.05,18.3517],[-93.0369,18.3592],[-93.0236,18.3662],[-93.01,18.3728],[-92.9961,18.3789],[-92.9821,18.3846],[-92.9678,18.3898],[-92.9534,18.3946],[-92.9388,18.3988],[-92.924,18.4026],[-92.9092,18.4058],[-92.8942,18.4086],[-92.8791,18.4109],[-92.8639,18.4126],[-92.8487,18.4139],[-92.8335,18.4147],[-92.8182,18.4149],[-92.8029,18.4147],[-92.7877,18.4139],[-92.7725,18.4126]]]]}},{"type":"Feature","properties":{"id":"MMVR","name":"VERACRUZ TMA","prefixes":["MMVR"],"labelLat":19.0693,"labelLon":-96.122},"geometry":{"type":"MultiPolygon","coordinates":[[[[-95.9332,20.1143],[-95.9156,20.1107],[-95.8275,20.0847],[-95.7411,20.0511],[-95.6596,20.0114],[-95.581,19.9644],[-95.5078,19.9116],[-95.4399,19.853],[-95.3776,19.7885],[-95.3213,19.7197],[-95.2712,19.6455],[-95.2432,19.5946],[-95,19.6651],[-95.0003,19.4909],[-95.136,19.0528],[-95.1471,18.9731],[-95.1669,18.8897],[-95.1956,18.8036],[-95.2306,18.7242],[-95.2732,18.6473],[-95.3225,18.5742],[-95.3798,18.5035],[-95.4403,18.4413],[-95.5085,18.3821],[-95.5811,18.329],[-95.6578,18.2827],[-95.74,18.2421],[-95.8256,18.2082],[-95.912,18.1823],[-96.0007,18.1634],[-96.081,18.1527],[-96.1186,17.9945],[-96.7987,18.1503],[-96.7593,18.3083],[-96.7872,18.3248],[-96.8606,18.3776],[-96.9293,18.4363],[-96.9913,18.4997],[-97.0475,18.568],[-97.0976,18.641],[-97.141,18.7183],[-97.1763,18.7964],[-97.2054,18.881],[-97.2262,18.9661],[-97.2392,19.052],[-97.244,19.1389],[-97.2411,19.2244],[-97.2299,19.3107],[-97.2106,19.3979],[-97.1837,19.4812],[-97.1492,19.5617],[-97.1077,19.6387],[-97.0577,19.7141],[-97.0026,19.7826],[-96.9406,19.8475],[-96.8725,19.9071],[-96.7997,19.9604],[-96.722,20.0076],[-96.6409,20.048],[-96.5545,20.0822],[-96.4663,20.1088],[-96.3758,20.1282],[-96.2836,20.14],[-96.1915,20.1441],[-96.0988,20.1406],[-96.0071,20.1295],[-95.9332,20.1143]]]]}},{"type":"Feature","properties":{"id":"MMZH","name":"ZIHUATANEJO TMA","prefixes":["MMZH"],"labelLat":17.6948,"labelLon":-101.4605},"geometry":{"type":"MultiPolygon","coordinates":[[[[-100.8992,18.665],[-100.9369,18.4717],[-100.89,18.4391],[-100.8448,18.4095],[-100.8013,18.3777],[-100.7596,18.3437],[-100.7198,18.3077],[-100.6821,18.2698],[-100.6464,18.23],[-100.6131,18.1886],[-100.582,18.1455],[-100.5533,18.1009],[-100.5272,18.055],[-100.5036,18.0078],[-100.4826,17.9595],[-100.4643,17.9102],[-100.4487,17.8601],[-100.4359,17.8093],[-100.4259,17.7579],[-100.4187,17.706],[-100.4144,17.6539],[-100.413,17.6017],[-100.4144,17.5494],[-100.4164,17.5333],[-100.7936,16.8289],[-100.8448,16.7939],[-100.89,16.7642],[-100.9368,16.7369],[-100.985,16.712],[-101.0345,16.6895],[-101.0851,16.6695],[-101.1368,16.652],[-101.1894,16.6372],[-101.2428,16.625],[-101.2967,16.6154],[-101.3511,16.6086],[-101.4057,16.6045],[-101.4606,16.6032],[-101.5154,16.6045],[-101.5701,16.6086],[-101.6244,16.6154],[-101.6784,16.625],[-101.7317,16.6372],[-101.7843,16.652],[-101.836,16.6695],[-101.8866,16.6895],[-101.9361,16.712],[-101.9843,16.7369],[-102.0311,16.7642],[-102.0763,16.7939],[-102.1198,16.8257],[-102.1615,16.8596],[-102.2013,16.8956],[-102.239,16.9335],[-102.2747,16.9733],[-102.308,17.0148],[-102.3391,17.0578],[-102.3678,17.1024],[-102.3939,17.1484],[-102.4175,17.1955],[-102.4385,17.2438],[-102.4568,17.2931],[-102.4724,17.3432],[-102.4852,17.3941],[-102.4952,17.4455],[-102.5024,17.4973],[-102.5067,17.5494],[-102.5081,17.6017],[-102.5067,17.6539],[-102.5024,17.706],[-102.4952,17.7579],[-102.4852,17.8093],[-102.4724,17.8601],[-102.4568,17.9102],[-102.4385,17.9595],[-102.4175,18.0078],[-102.3939,18.055],[-102.3678,18.1009],[-102.3391,18.1455],[-102.308,18.1886],[-102.2747,18.23],[-102.239,18.2698],[-102.2013,18.3077],[-102.1615,18.3437],[-102.1198,18.3777],[-102.0763,18.4095],[-102.0311,18.4391],[-101.9843,18.4664],[-101.9361,18.4913],[-101.8866,18.5139],[-101.836,18.5339],[-101.7843,18.5513],[-101.7317,18.5662],[-101.6784,18.5784],[-101.6269,18.5928],[-101.59,18.7864],[-100.8992,18.665]]]]}},{"type":"Feature","properties":{"id":"MMZO","name":"MANZANILLO TMA","prefixes":["MMZO"],"labelLat":19.1465,"labelLon":-104.5586},"geometry":{"type":"MultiPolygon","coordinates":[[[[-104.3239,20.1469],[-103.5928,19.5539],[-103.5718,19.5026],[-103.5533,19.4533],[-103.5376,19.4032],[-103.5247,19.3523],[-103.5146,19.3009],[-103.5074,19.2491],[-103.503,19.197],[-103.5016,19.1447],[-103.503,19.0925],[-103.5074,19.0403],[-103.5146,18.9885],[-103.5247,18.9371],[-103.5376,18.8863],[-103.5533,18.8361],[-103.5718,18.7869],[-103.593,18.7386],[-103.6168,18.6914],[-103.6432,18.6454],[-103.6721,18.6009],[-103.7035,18.5578],[-103.7371,18.5163],[-103.7731,18.4765],[-103.8112,18.4386],[-103.8513,18.4026],[-103.8934,18.3687],[-103.9373,18.3369],[-103.9829,18.3073],[-104.0301,18.2799],[-104.0787,18.255],[-104.1287,18.2325],[-104.1798,18.2125],[-104.232,18.195],[-104.285,18.1802],[-104.3388,18.168],[-104.3933,18.1584],[-104.4481,18.1516],[-104.5033,18.1475],[-104.5586,18.1462],[-104.6139,18.1475],[-104.6691,18.1516],[-104.724,18.1584],[-104.7784,18.168],[-104.8322,18.1802],[-104.8852,18.195],[-104.9374,18.2125],[-104.9885,18.2325],[-105.0385,18.255],[-105.0871,18.2799],[-105.1343,18.3073],[-105.1799,18.3369],[-105.2238,18.3687],[-105.2659,18.4026],[-105.306,18.4386],[-105.3441,18.4765],[-105.3801,18.5163],[-105.4138,18.5578],[-105.4451,18.6009],[-105.474,18.6454],[-105.5004,18.6914],[-105.5243,18.7386],[-105.5454,18.7869],[-105.5639,18.8361],[-105.5796,18.8863],[-105.5925,18.9371],[-105.6026,18.9885],[-105.6098,19.0403],[-105.6142,19.0925],[-105.6156,19.1447],[-105.6142,19.197],[-105.6098,19.2491],[-105.6026,19.3009],[-105.5925,19.3523],[-105.5796,19.4032],[-105.5639,19.4533],[-105.5454,19.5026],[-105.5243,19.5509],[-105.5004,19.5981],[-105.474,19.644],[-105.445,19.6928],[-104.3239,20.1469]]]]}},{"type":"Feature","properties":{"id":"MOB","name":"MOBILE APPROACH","prefixes":["MOB"],"labelLat":30.7034,"labelLon":-88.2278,"artcc":"ZHU"},"geometry":{"type":"MultiPolygon","coordinates":[[[[-88.6583,30.3917],[-88.6239,30.6125],[-88.7,30.6853],[-88.8667,31.0083],[-88.7417,31.075],[-88.525,31.1583],[-88.3083,31.2417],[-88.2,31.2583],[-87.5889,31.05],[-87.6583,30.9583],[-87.6833,30.8458],[-87.6917,30.7917],[-87.7167,30.6917],[-87.8083,30.6833],[-87.9167,30.6333],[-87.9167,30.5167],[-88.025,30.2208],[-88.025,30.1544],[-88.1639,30.2],[-88.425,30.1486],[-88.5,30.1656],[-88.525,30.1694],[-88.6583,30.3917]]]]}},{"type":"Feature","properties":{"id":"MSN","name":"MADISON APPROACH","prefixes":["MSN"],"labelLat":43.175,"labelLon":-89.3805,"artcc":"ZAU"},"geometry":{"type":"MultiPolygon","coordinates":[[[[-89.9583,43.6444],[-89.7708,43.6667],[-89.6389,43.6572],[-89.2883,43.6314],[-89.2192,43.6261],[-88.775,43.5917],[-88.7089,43.55],[-88.5167,43.5167],[-88.5833,43],[-88.8167,42.8667],[-89.0872,42.8144],[-89.3589,42.7622],[-89.7583,42.6833],[-89.8403,42.7706],[-89.9308,42.8667],[-90.0806,43.025],[-90.2444,43.2],[-90.175,43.4167],[-89.9583,43.6444]]]]}},{"type":"Feature","properties":{"id":"MSO","name":"SPOKANE APPROACH","prefixes":["MSO"],"labelLat":46.9195,"labelLon":-114.0757,"artcc":"ZLC"},"geometry":{"type":"MultiPolygon","coordinates":[[[[-114.7708,47.1986],[-114.4708,47.3889],[-113.5389,47.325],[-113.3639,47.1667],[-113.275,46.9903],[-113.2847,46.7917],[-113.3917,46.6292],[-113.5675,46.4878],[-113.6722,46.5458],[-113.8722,46.4722],[-114.1,46.45],[-114.3167,46.4833],[-114.5194,46.5667],[-114.6833,46.7417],[-114.8167,46.6958],[-114.8764,46.825],[-114.8667,47.0222],[-114.7708,47.1986]]]]}},{"type":"Feature","properties":{"id":"MSY","name":"NEW ORLEANS APPROACH","prefixes":["MSY"],"labelLat":30.0916,"labelLon":-90.5609,"artcc":"ZHU"},"geometry":{"type":"MultiPolygon","coordinates":[[[[-91.1148,29.3166],[-91.6222,29.5],[-91.6222,29.7611],[-91.525,29.775],[-91.4333,29.9],[-91.4333,30.0333],[-91.0583,30.0214],[-91.0583,30.2167],[-90.8833,30.2167],[-90.7764,30.3778],[-90.608,30.6033],[-90.7166,30.825],[-90.6416,30.8666],[-90.3,30.8666],[-90.2972,30.6166],[-89.7963,30.6444],[-89.8778,30.4675],[-89.6167,30.3833],[-89.6167,30.35],[-89.5019,30.0031],[-89.4997,29.9222],[-89.5,29.8083],[-89.8333,29.4919],[-90.0153,29.3183],[-90.1672,29.3172],[-90.5,29.3167],[-90.5219,29.3167],[-90.5428,29.3167],[-91.1148,29.3166]]]]}},{"type":"Feature","properties":{"id":"MTC","name":"SELFRIDGE APPROACH","prefixes":["MTC"],"labelLat":42.6418,"labelLon":-82.4421,"artcc":"ZOB"},"geometry":{"type":"MultiPolygon","coordinates":[[[[-83.0911,42.8661],[-83.04,42.8531],[-82.9158,42.6625],[-82.6294,42.6131],[-82.4122,42.6328],[-82.2689,42.4161],[-82.4892,42.3858],[-82.4767,42.3339],[-82.4731,42.3083],[-82.4686,42.2825],[-82.4678,42.1989],[-82.4808,42.1153],[-82.1417,42.0947],[-81.7931,42.3333],[-81.7967,42.3814],[-81.8278,42.8083],[-81.9708,42.8292],[-82.2722,42.8533],[-82.4083,42.8667],[-82.4042,42.9542],[-82.4167,43.0114],[-82.3556,43.1333],[-82.7097,43.1889],[-83.0583,43.0903],[-83.0472,42.9792],[-83.0911,42.8661]]]]}},{"type":"Feature","properties":{"id":"MUO","name":"MOUNTAIN HOME APPROACH","prefixes":["MUO"],"labelLat":42.3091,"labelLon":-116.3997,"artcc":"ZLC"},"geometry":{"type":"MultiPolygon","coordinates":[[[[-117,42.75],[-116.2758,43.2333],[-116.2,43.2833],[-116.0335,43.2848],[-115.4594,43.1725],[-115.0333,42.9245],[-115.0333,42.6639],[-115.0327,42.6644],[-115.0327,41.9995],[-115.2171,41.7825],[-116.2337,41.3333],[-117.2506,41.3333],[-117.7668,41.7832],[-117.7017,42.4171],[-117.1499,42.7499],[-117.0001,42.7499],[-117,42.75]]]]}},{"type":"Feature","properties":{"id":"MWCR","name":"CAYMAN APPROACH","prefixes":["MWCR"],"labelLat":19.3336,"labelLon":-80.7915},"geometry":{"type":"MultiPolygon","coordinates":[[[[-79.5,20],[-79.5,19.3339],[-80.9997,18.6672],[-82.0831,18.6671],[-81.9997,20],[-79.5,20]]]]}},{"type":"Feature","properties":{"id":"MWH","name":"GRANT COUNTY APPROACH","prefixes":["MWH"],"labelLat":47.2083,"labelLon":-119.1958,"artcc":"ZSE"},"geometry":{"type":"MultiPolygon","coordinates":[[[[-119.925,46.7333],[-120,46.7333],[-120.1583,46.825],[-120.1417,46.85],[-119.9667,47.15],[-119.8,47.2],[-119.725,47.3167],[-119.7833,47.45],[-119.6833,47.6333],[-119.425,47.6833],[-118.3833,47.6],[-118.2333,47.2333],[-118.55,46.95],[-118.7667,46.7333],[-119.925,46.7333]]]]}},{"type":"Feature","properties":{"id":"MYGF","name":"FREEPORT APPROACH","prefixes":["MYGF"],"labelLat":26.5,"labelLon":-78.6278},"geometry":{"type":"MultiPolygon","coordinates":[[[[-78.8833,27],[-78.5,27],[-78.3208,27],[-78,27],[-78,26.2494],[-78,26],[-78.9442,26],[-79,26],[-79,26.4381],[-79.0542,26.4528],[-79.1083,26.475],[-79.1639,26.5111],[-79.2069,26.55],[-79.2361,26.5958],[-79.2556,26.65],[-79.2542,26.7111],[-79.2458,26.7667],[-79.2125,26.8194],[-79.1722,26.8639],[-79.1278,26.8972],[-79.0667,26.9222],[-79.0111,26.9361],[-78.95,26.9361],[-78.8978,26.9283],[-78.8833,27]]]]}},{"type":"Feature","properties":{"id":"MYNN","name":"NASSAU APPROACH","prefixes":["MYNN"],"labelLat":24.9917,"labelLon":-77.0916},"geometry":{"type":"MultiPolygon","coordinates":[[[[-77.8139,25.6333],[-77.3083,25.5944],[-77,25.5722],[-76.8417,25.4167],[-76,25.3833],[-76,24.8644],[-76,24.8083],[-77,24.9],[-77,24.75],[-77.2778,24.4083],[-77.3292,24.35],[-78.1833,24.9639],[-78.1361,25.2917],[-78.0139,25.4217],[-77.8139,25.6333]]]]}},{"type":"Feature","properties":{"id":"MYR","name":"MYRTLE BEACH APPROACH","prefixes":["MYR"],"labelLat":33.7689,"labelLon":-79.1666,"artcc":"ZJX"},"geometry":{"type":"MultiPolygon","coordinates":[[[[-79.0667,34.4342],[-78.75,34.4444],[-78.685,34.3969],[-78.3583,34.1572],[-78.3956,33.8419],[-78.5586,33.74],[-78.6706,33.6697],[-78.9219,33.4614],[-79.0019,33.3678],[-79.0358,33.3281],[-79.0706,33.2836],[-79.0914,33.1836],[-79.1858,33.0933],[-79.4375,33.2917],[-79.5833,33.3958],[-79.7903,33.4056],[-79.975,33.4125],[-79.9008,33.6697],[-79.8475,33.8542],[-79.7997,33.8336],[-79.6914,33.8169],[-79.5839,33.8269],[-79.0667,34.2167],[-79.0667,34.4342]]]]}},{"type":"Feature","properties":{"id":"MZU","name":"MIZZOU APPROACH","prefixes":["MZU"],"labelLat":38.7268,"labelLon":-92.0393},"geometry":{"type":"MultiPolygon","coordinates":[[[[-92.65,39.2583],[-91.8928,39.5636],[-91.0453,39.145],[-91.0611,39.1333],[-91.1667,38.9667],[-91.2042,38.825],[-91.2167,38.7667],[-91.1611,38.5],[-91.4833,38.3667],[-91.8833,38.2417],[-92.25,38.0583],[-92.6114,37.89],[-93.0333,37.975],[-92.9572,38.0939],[-92.8028,38.3333],[-92.8,38.6917],[-92.7,39.075],[-92.65,39.2583]]]]}},{"type":"Feature","properties":{"id":"N90","name":"NEW YORK APPROACH","prefixes":["EWR","ISP","JFK","LGA","NY","SWF"],"labelLat":40.6925,"labelLon":-74.3353,"artcc":"ZNY"},"geometry":{"type":"MultiPolygon","coordinates":[[[[-75.1069,40.525],[-75.0147,40.5961],[-74.9708,40.63],[-74.9703,40.6425],[-74.97,40.6792],[-74.9778,40.7442],[-74.9833,40.8897],[-74.9889,40.9542],[-74.9425,40.9647],[-74.9447,40.9928],[-74.9211,41.0136],[-74.875,41.0542],[-74.8639,41.1139],[-74.9164,41.1544],[-74.9875,41.1917],[-74.9392,41.2306],[-74.8514,41.3028],[-74.7555,41.2454],[-74.6076,41.3611],[-74.5402,41.3781],[-74.4213,41.3632],[-74.3444,41.4833],[-74.1833,41.4],[-74.0583,41.3333],[-74.171,41.1613],[-73.9787,41.0614],[-73.9871,40.9501],[-73.9541,40.9003],[-73.9665,40.8901],[-74.1808,40.5511],[-74.1988,40.523],[-74.1301,40.4075],[-74.1873,40.384],[-74.2676,40.3067],[-74.3333,40.25],[-74.3658,40.2214],[-74.4156,40.1775],[-74.4528,40.1444],[-74.4825,40.1236],[-74.6314,40.0203],[-74.7247,40.1211],[-74.7583,40.1389],[-74.7472,40.2069],[-74.7072,40.2464],[-74.6931,40.2633],[-74.9569,40.3417],[-75.0667,40.4833],[-75.1069,40.525]]],[[[-73.2728,41.5875],[-73.2139,41.5875],[-73,41.5944],[-73,41.4333],[-72.9292,41.4167],[-72.7231,41.4203],[-72.6806,41.425],[-72.4667,41.4833],[-72.3833,41.3625],[-72.2875,41.1694],[-72.25,41.125],[-72.1742,41.065],[-71.8567,40.9428],[-71.8528,40.7647],[-72.1167,40.7],[-72.175,40.6917],[-72.5,40.6667],[-72.9889,40.2917],[-73.2542,40.4097],[-73.0841,40.5353],[-73.3346,40.5811],[-73.3243,40.6471],[-73.3129,40.7576],[-73.3138,40.7605],[-73.3162,40.7696],[-73.3191,40.7879],[-73.3192,40.8063],[-73.3183,40.8159],[-73.3172,40.8222],[-73.3141,40.8348],[-73.3075,40.8525],[-73.2984,40.8696],[-73.2868,40.8857],[-73.3335,40.912],[-73.3612,40.9591],[-73.4238,41.0659],[-73.4361,41.2367],[-73.3854,41.359],[-73.2981,41.4667],[-73.2728,41.5875]]],[[[-74.2643,40.7395],[-74.1577,41.0033],[-74.1068,40.9988],[-73.7604,40.8347],[-73.6914,40.8312],[-73.5801,40.8744],[-73.3612,40.9591],[-73.3444,40.9655],[-73.0289,40.9021],[-72.9741,40.9039],[-72.9312,40.9288],[-72.8151,40.9073],[-72.7622,40.857],[-72.7622,40.7001],[-72.9657,40.6294],[-73.0813,40.5374],[-73.2542,40.4097],[-73.4664,40.2111],[-73.6375,40.0917],[-73.7167,40.0333],[-73.7986,40.0639],[-73.8958,40.1375],[-74,40.1542],[-74.3333,40.25],[-74.2677,40.3067],[-74.1873,40.384],[-74.0877,40.4249],[-74.0816,40.4325],[-74.1098,40.6622],[-74.2643,40.7395]]],[[[-75.1069,40.525],[-75.0147,40.5961],[-74.9708,40.63],[-74.9703,40.6425],[-74.97,40.6792],[-74.9269,40.6709],[-74.8614,40.65],[-74.8583,40.6083],[-74.6163,40.519],[-74.2478,40.5331],[-74.1808,40.5511],[-73.9665,40.8901],[-73.9541,40.9003],[-73.9871,40.9501],[-73.9787,41.0614],[-74.171,41.1613],[-74.0583,41.3333],[-73.9996,41.3838],[-73.9641,41.4384],[-73.8703,41.523],[-73.6863,41.5782],[-73.5985,41.5617],[-73.5183,41.6046],[-73.3,41.5875],[-73.2728,41.5875],[-73.2981,41.4667],[-73.3854,41.359],[-73.4361,41.2367],[-73.4238,41.0659],[-73.3612,40.9591],[-73.5801,40.8744],[-73.6201,40.8177],[-73.7396,40.7024],[-73.7833,40.7045],[-73.7959,40.7052],[-73.8085,40.7058],[-73.8209,40.7041],[-73.8682,40.6975],[-73.8715,40.6962],[-73.8747,40.6949],[-73.8778,40.6934],[-73.8884,40.6877],[-73.8926,40.685],[-73.9005,40.6791],[-73.9131,40.6659],[-73.9253,40.6505],[-73.9718,40.59],[-74.0285,40.4975],[-74.0877,40.4249],[-74.1873,40.384],[-74.2677,40.3067],[-74.3333,40.25],[-74.3658,40.2214],[-74.4156,40.1775],[-74.4528,40.1444],[-74.4825,40.1236],[-74.6314,40.0203],[-74.7247,40.1211],[-74.7583,40.1389],[-74.7472,40.2069],[-74.7072,40.2464],[-74.6931,40.2633],[-74.9569,40.3417],[-75.0667,40.4833],[-75.1069,40.525]]],[[[-73.2542,40.4097],[-73.4664,40.2111],[-73.6375,40.0917],[-73.7167,40.0333],[-73.7986,40.0639],[-73.8958,40.1375],[-74,40.1542],[-74.3333,40.25],[-74.3658,40.2214],[-74.4156,40.1775],[-74.4528,40.1444],[-74.4825,40.1236],[-74.6314,40.0203],[-74.7247,40.1211],[-74.7583,40.1389],[-74.7472,40.2069],[-74.7072,40.2464],[-74.6931,40.2633],[-74.9569,40.3417],[-75.0667,40.4833],[-75.1069,40.525],[-75.0147,40.5961],[-74.9708,40.63],[-74.9703,40.6425],[-74.97,40.6792],[-74.9778,40.7442],[-74.9833,40.8897],[-74.9889,40.9542],[-74.9425,40.9647],[-74.9447,40.9928],[-74.9211,41.0136],[-74.875,41.0542],[-74.8639,41.1139],[-74.9164,41.1544],[-74.9875,41.1917],[-74.9392,41.2306],[-74.8514,41.3028],[-74.7842,41.5225],[-74.9128,41.575],[-75.1133,41.82],[-75.0583,41.8694],[-74.9139,42.1139],[-74.3,42.175],[-74,42.1417],[-74.0456,41.9883],[-73.4667,41.975],[-73.3778,42.0528],[-73.3,41.5875],[-73.2139,41.5875],[-73,41.5944],[-73,41.4333],[-72.9292,41.4167],[-72.7231,41.4203],[-72.6806,41.425],[-72.4667,41.4833],[-72.3833,41.3625],[-72.2875,41.1694],[-72.25,41.125],[-72.1742,41.065],[-71.8567,40.9428],[-71.8528,40.7647],[-72.1167,40.7],[-72.175,40.6917],[-72.5,40.6667],[-72.9889,40.2917],[-73.2542,40.4097],[-73.2542,40.4097]]],[[[-73.3,41.5875],[-73.5183,41.6046],[-73.5985,41.5617],[-73.6863,41.5782],[-73.8703,41.523],[-73.9641,41.4384],[-73.9996,41.3838],[-74.0583,41.3333],[-74.1833,41.4],[-74.3444,41.4833],[-74.4213,41.3632],[-74.5402,41.3781],[-74.6076,41.3611],[-74.7555,41.2454],[-74.8514,41.3028],[-74.7842,41.5225],[-74.9128,41.575],[-75.1133,41.82],[-75.0583,41.8694],[-74.9139,42.1139],[-74.3,42.175],[-74,42.1417],[-74.0456,41.9883],[-73.4667,41.975],[-73.3778,42.0528],[-73.3,41.5875]]]]}},{"type":"Feature","properties":{"id":"NBC","name":"BEAUFORT APPROACH","prefixes":["NBC"],"labelLat":32.4539,"labelLon":-80.579,"artcc":"ZJX"},"geometry":{"type":"MultiPolygon","coordinates":[[[[-80.1331,32.5044],[-80.1767,32.4908],[-80.2322,32.4025],[-80.4833,32],[-80.6333,32.1583],[-80.6964,32.2189],[-80.7094,32.225],[-80.8167,32.2792],[-80.9333,32.3333],[-81.025,32.5],[-81.0222,32.6333],[-80.9536,32.9078],[-80.8972,32.9028],[-80.8236,32.8958],[-80.4667,32.8625],[-80.5083,32.7667],[-80.4506,32.6192],[-80.3581,32.5669],[-80.2497,32.5128],[-80.1331,32.5044]]]]}},{"type":"Feature","properties":{"id":"NCA","name":"CHERRY POINT APPROACH","prefixes":["NCA"],"labelLat":34.6539,"labelLon":-77.4209},"geometry":{"type":"MultiPolygon","coordinates":[[[[-77.4997,34.3919],[-77.5944,34.4717],[-77.6497,34.5189],[-77.6944,34.6314],[-77.5219,34.7989],[-77.3872,34.9158],[-77.2,34.7972],[-77.2472,34.75],[-77.1475,34.5711],[-77.1483,34.5703],[-77.1578,34.5672],[-77.1686,34.5653],[-77.1753,34.5625],[-77.1911,34.5522],[-77.2122,34.5431],[-77.2494,34.5175],[-77.2653,34.5075],[-77.275,34.5011],[-77.2986,34.4875],[-77.3156,34.4819],[-77.3322,34.4744],[-77.3569,34.4642],[-77.3803,34.4525],[-77.4292,34.4297],[-77.4678,34.4092],[-77.4997,34.3919]]]]}},{"type":"Feature","properties":{"id":"NCT","name":"NORCAL APPROACH","prefixes":["MOD","MRY","NCT","OAK","RNO","SFO","SJC","SMF"],"labelLat":36.9993,"labelLon":-120.2387,"artcc":"ZOA"},"geometry":{"type":"MultiPolygon","coordinates":[[[[-120.3303,38.2841],[-120.1788,38.041],[-120.5306,37.9908],[-120.4106,37.7747],[-120.2761,37.4883],[-120.1864,37.38],[-120.0167,37.1736],[-120.0917,37.1806],[-120.1889,37.1056],[-120.2881,36.8939],[-120.1897,36.7361],[-120.6081,36.6622],[-120.6519,36.6531],[-121.2776,37.3201],[-121.3539,37.2475],[-121.4605,37.4185],[-121.702,37.6545],[-121.6861,37.7915],[-121.638,37.918],[-121.8037,37.9329],[-121.808,38.0246],[-121.7785,38.0526],[-121.747,38.083],[-121.6695,38.2267],[-121.4745,38.1606],[-121.2108,38.1767],[-120.7999,38.347],[-120.3303,38.2841]]],[[[-121.1142,36.4081],[-121.1539,36.3892],[-121.5556,36.1958],[-121.825,36.1569],[-122.0458,36.1139],[-122.3928,36.1833],[-122.5319,36.3922],[-122.9064,36.9494],[-122.9303,36.9833],[-122.4361,37.077],[-122.2161,37.1192],[-121.9477,37.0948],[-121.8991,36.9907],[-121.8088,37.0029],[-121.7,37.0194],[-121.6219,36.9408],[-121.3936,36.7148],[-121.1142,36.4081]]],[[[-121.0861,39.5],[-120.95,39.2833],[-120.8581,39.1336],[-120.8025,39.0442],[-120.7622,38.9797],[-120.5942,38.7078],[-120.5,38.5556],[-120.442,38.4628],[-120.1788,38.041],[-120.5306,37.9908],[-120.4106,37.7747],[-120.2761,37.4883],[-120.1864,37.38],[-120.0167,37.1736],[-120.0917,37.1806],[-120.1889,37.1056],[-120.2881,36.8939],[-120.1897,36.7361],[-120.6081,36.6622],[-120.6519,36.6531],[-120.8167,36.55],[-121.065,36.4317],[-121.1142,36.4081],[-121.1539,36.3892],[-121.5556,36.1958],[-121.825,36.1569],[-122.0458,36.1139],[-122.3928,36.1833],[-122.5319,36.3922],[-122.9064,36.9494],[-122.9303,36.9833],[-122.8375,37.2556],[-122.8528,37.4361],[-122.8583,37.7342],[-122.6614,37.8658],[-122.5383,37.9269],[-122.4167,38],[-122.2797,38.0828],[-122.1828,38.1433],[-122.1322,38.175],[-121.9469,38.2903],[-121.8011,38.3778],[-121.7722,38.5003],[-121.7514,38.5881],[-121.7764,38.6431],[-121.8708,38.8667],[-121.925,38.9833],[-121.9336,39.0911],[-121.9389,39.2],[-121.8797,39.4136],[-121.6167,39.5],[-121.4292,39.5],[-121.0861,39.5]]],[[[-122.9303,36.9833],[-122.8375,37.2556],[-122.8528,37.4361],[-122.8583,37.7342],[-122.6614,37.8658],[-122.5383,37.9269],[-122.4167,38],[-122.2797,38.0828],[-122.1828,38.1433],[-122.1322,38.175],[-121.9469,38.2903],[-121.8011,38.3778],[-121.5826,38.3441],[-121.4744,38.1606],[-121.2899,37.8858],[-121.5063,37.7593],[-121.4863,37.6315],[-121.645,37.5994],[-121.6746,37.5922],[-121.7074,37.5892],[-121.7187,37.4536],[-121.661,37.515],[-121.5743,37.5304],[-121.4602,37.4185],[-121.6147,37.4018],[-121.5485,37.3419],[-121.3989,37.2048],[-121.5468,37.0644],[-121.5591,37.0542],[-121.5746,37.0386],[-121.7,37.0194],[-121.8088,37.0029],[-121.8991,36.9907],[-122.2161,37.1192],[-122.4361,37.077],[-122.3632,37.0026],[-122.581,36.9146],[-122.9303,36.9833]]],[[[-120.3303,38.2841],[-120.1788,38.041],[-120.5306,37.9908],[-120.4106,37.7747],[-120.2761,37.4883],[-120.1864,37.38],[-120.0167,37.1736],[-120.0917,37.1806],[-120.1889,37.1056],[-120.2881,36.8939],[-120.1897,36.7361],[-120.6081,36.6622],[-120.6519,36.6531],[-121.2776,37.3201],[-121.3989,37.2048],[-121.5485,37.3419],[-121.6146,37.4018],[-121.6147,37.4018],[-121.6357,37.4202],[-121.7183,37.4533],[-121.8886,37.4955],[-122.0452,37.5346],[-122.2956,37.6404],[-122.2344,37.683],[-122.2205,37.7212],[-122.1697,37.7293],[-122.096,37.737],[-122.1054,37.7502],[-122.1131,37.7599],[-122.1232,37.7713],[-122.1372,37.7848],[-122.1504,37.7958],[-122.1356,37.8098],[-121.9763,37.8377],[-121.8187,37.8661],[-121.8037,37.9329],[-121.808,38.0246],[-121.7785,38.0526],[-121.747,38.083],[-121.6695,38.2267],[-121.4745,38.1606],[-121.2108,38.1767],[-120.7999,38.347],[-120.3303,38.2841]]],[[[-119.6333,40.0833],[-119.2722,39.7892],[-119.25,39.5972],[-119.2083,39.3292],[-119.5,39],[-119.7069,38.925],[-119.85,38.9306],[-119.8833,39.1083],[-120.0167,39.3667],[-120.1833,39.5833],[-120.1833,39.7833],[-120.1742,39.8847],[-119.6333,40.0833],[-119.6333,40.0833]]],[[[-122.5319,36.3922],[-122.9064,36.9494],[-122.9303,36.9833],[-122.8375,37.2556],[-122.8528,37.4361],[-122.5997,37.4456],[-122.3213,37.4568],[-122.3737,37.6194],[-122.3144,37.6273],[-122.2555,37.6685],[-122.2,37.7072],[-122.1696,37.7293],[-121.9053,37.757],[-121.6922,37.742],[-121.7019,37.6544],[-121.6451,37.5996],[-121.4869,37.6321],[-121.1661,37.6968],[-120.7974,37.771],[-120.699,37.6758],[-120.4172,37.4025],[-120.5246,37.337],[-120.8884,37.2907],[-121.5485,37.3419],[-121.6147,37.4018],[-121.8139,37.3803],[-121.929,37.3625],[-122.0416,37.2967],[-121.9475,37.0945],[-121.8991,36.9907],[-121.7817,36.7429],[-121.6923,36.5515],[-122.118,36.4697],[-122.5319,36.3922]]],[[[-122.9303,36.9833],[-122.8375,37.2556],[-122.8528,37.4361],[-122.8583,37.7342],[-122.6614,37.8658],[-122.5383,37.9269],[-122.4167,38],[-122.2797,38.0828],[-122.1828,38.1433],[-122.1322,38.175],[-121.9469,38.2903],[-121.8011,38.3778],[-121.5826,38.3441],[-121.4744,38.1606],[-121.2899,37.8858],[-121.5063,37.7593],[-121.4863,37.6315],[-121.645,37.5994],[-121.6746,37.5922],[-121.7074,37.5892],[-121.7187,37.4536],[-121.6925,37.3936],[-121.8136,37.3805],[-121.8908,37.368],[-121.5468,37.0644],[-121.5591,37.0542],[-121.5746,37.0386],[-121.7,37.0194],[-121.8088,37.0029],[-121.8991,36.9907],[-122.2161,37.1192],[-122.4361,37.077],[-122.3632,37.0026],[-122.581,36.9146],[-122.9303,36.9833]]],[[[-120.2761,37.4883],[-120.1864,37.38],[-120.0167,37.1736],[-120.0917,37.1806],[-120.1889,37.1056],[-120.2881,36.8939],[-120.1897,36.7361],[-120.6081,36.6622],[-120.6519,36.6531],[-120.8167,36.55],[-121.065,36.4317],[-121.1142,36.4081],[-121.1539,36.3892],[-121.5556,36.1958],[-121.825,36.1569],[-122.0458,36.1139],[-122.3928,36.1833],[-122.5319,36.3922],[-122.9064,36.9494],[-122.9303,36.9833],[-122.4361,37.077],[-122.2161,37.1192],[-122.1022,37.1088],[-122.1667,37.236],[-122.2094,37.2228],[-122.2456,37.2149],[-122.3003,37.3895],[-122.1131,37.4035],[-122.1372,37.4638],[-122.132,37.4815],[-122.0973,37.5023],[-122.0449,37.5345],[-121.9739,37.517],[-121.8744,37.4928],[-121.7187,37.4534],[-121.6613,37.5153],[-121.5741,37.5306],[-121.4603,37.4183],[-121.4047,37.3298],[-121.2774,37.3195],[-120.8884,37.291],[-120.5239,37.3368],[-120.2761,37.4883]]],[[[-122.1131,37.4035],[-122.1372,37.4638],[-122.132,37.4815],[-122.0973,37.5023],[-122.0449,37.5345],[-121.9739,37.517],[-121.8744,37.4928],[-121.7187,37.4534],[-121.6613,37.5153],[-121.5741,37.5306],[-121.4603,37.4183],[-121.6147,37.4018],[-121.5485,37.3419],[-121.3989,37.2048],[-121.5468,37.0641],[-121.7425,37.2376],[-121.8835,37.1619],[-121.9691,37.3388],[-121.9288,37.3624],[-122.0484,37.4085],[-122.1131,37.4035]]],[[[-121.0861,39.5],[-120.95,39.2833],[-120.8581,39.1336],[-120.8025,39.0442],[-120.7622,38.9797],[-120.5942,38.7078],[-120.5,38.5556],[-120.442,38.4628],[-120.1788,38.041],[-120.5306,37.9908],[-121.2902,37.886],[-121.4744,38.1605],[-121.6033,38.2046],[-121.6693,38.2268],[-121.7968,38.2677],[-121.8249,38.2794],[-121.8011,38.3778],[-121.7722,38.5003],[-121.7514,38.5881],[-121.7764,38.6431],[-121.8708,38.8667],[-121.925,38.9833],[-121.9336,39.0911],[-121.9389,39.2],[-121.8797,39.4136],[-121.6167,39.5],[-121.4292,39.5],[-121.0861,39.5]]]]}},{"type":"Feature","properties":{"id":"NFL","name":"FALLON APPROACH","prefixes":["NFL"],"labelLat":39.95,"labelLon":-118.6344,"artcc":"ZOA"},"geometry":{"type":"MultiPolygon","coordinates":[[[[-119.25,39.5972],[-119.2083,39.3292],[-119.0167,39.1333],[-118.905,39.0578],[-118.8,38.9864],[-118.715,38.9667],[-118.1925,38.7167],[-118.0342,38.7167],[-117.3842,39.1667],[-117.325,39.2069],[-117.3333,39.4167],[-117.3667,39.9333],[-117.7322,40.1211],[-117.9592,40.1],[-118.2511,40.1],[-118.6344,39.95],[-119.1167,39.6083],[-119.25,39.5972]]]]}},{"type":"Feature","properties":{"id":"NGF","name":"KANEOHE APPROACH","prefixes":["NGF"],"labelLat":21.7225,"labelLon":-157.5797,"artcc":"ZHN"},"geometry":{"type":"MultiPolygon","coordinates":[[[[-157.8783,21.4405],[-158.009,21.7692],[-157.8815,21.7485],[-157.9306,22.0144],[-157.875,22.0245],[-157.7657,22.0334],[-157.6564,22.0245],[-157.5505,21.9981],[-157.4512,21.955],[-157.3616,21.8964],[-157.2844,21.8243],[-157.1984,21.7156],[-157.1504,21.6256],[-157.5045,21.4116],[-157.8783,21.4405]]]]}},{"type":"Feature","properties":{"id":"NHK","name":"PATUXENT APPROACH","prefixes":["NHK"],"labelLat":38.1363,"labelLon":-75.963,"artcc":"ZDC"},"geometry":{"type":"MultiPolygon","coordinates":[[[[-76.1925,37.75],[-76.3917,37.75],[-76.5333,37.8417],[-76.9369,38.1278],[-76.8867,38.1976],[-76.8629,38.2194],[-76.8112,38.2673],[-76.5388,38.5172],[-76.5239,38.5914],[-76.492,38.6041],[-76.384,38.613],[-76.309,38.6184],[-76.2202,38.6248],[-75.8293,38.6484],[-75.7514,38.6966],[-75.6667,38.7],[-75.59,38.7058],[-75.55,38.6167],[-75.1,38.5],[-74.9892,38.5],[-74.9894,38.4189],[-75.05,38.2667],[-75.3333,37.8208],[-75.4172,37.82],[-75.5,37.7133],[-75.5,37.5667],[-76.025,37.6667],[-76.1667,37.6667],[-76.1925,37.75]]]]}},{"type":"Feature","properties":{"id":"NKT","name":"CHERRY POINT APPROACH","prefixes":["NKT"],"labelLat":35.2854,"labelLon":-76.4888,"artcc":"ZDC"},"geometry":{"type":"MultiPolygon","coordinates":[[[[-76.0142,35.0064],[-76.0233,35.0042],[-76.0308,34.9997],[-76.0639,34.9769],[-76.0781,34.9656],[-76.0914,34.9578],[-76.1292,34.9294],[-76.155,34.9089],[-76.1922,34.8775],[-76.2206,34.8556],[-76.2275,34.8492],[-76.2583,34.8283],[-76.2761,34.8131],[-76.2847,34.8072],[-76.3136,34.7781],[-76.335,34.7586],[-76.4128,34.6719],[-76.415,34.6692],[-76.4372,34.6422],[-76.4472,34.6286],[-76.4542,34.6164],[-76.4703,34.5917],[-76.4686,34.5836],[-76.4686,34.5756],[-76.4711,34.5653],[-76.4719,34.555],[-76.475,34.5458],[-76.4786,34.5392],[-76.4833,34.5333],[-76.4958,34.5231],[-76.5042,34.5186],[-76.5125,34.5156],[-76.5211,34.5136],[-76.5306,34.5128],[-76.54,34.5131],[-76.5492,34.5144],[-76.5581,34.5172],[-76.5664,34.5208],[-76.5739,34.5256],[-76.5803,34.5311],[-76.5856,34.5372],[-76.59,34.5442],[-76.5942,34.5564],[-76.5947,34.5633],[-76.5942,34.5703],[-76.5953,34.5733],[-76.6011,34.5808],[-76.6114,34.5972],[-76.6153,34.6097],[-76.6164,34.6194],[-76.645,34.6267],[-76.6711,34.6317],[-76.6836,34.6361],[-76.6956,34.6428],[-76.7228,34.6461],[-76.7386,34.6472],[-76.7547,34.6469],[-76.8006,34.6444],[-76.8472,34.6397],[-76.9194,34.6297],[-76.9636,34.6225],[-77.0133,34.6131],[-77.0414,34.6056],[-77.0744,34.5953],[-77.0875,34.5928],[-77.0997,34.5883],[-77.1264,34.5822],[-77.1475,34.5711],[-77.1483,34.5703],[-77.1578,34.5672],[-77.1686,34.5653],[-77.1753,34.5625],[-77.1911,34.5522],[-77.2122,34.5431],[-77.2494,34.5175],[-77.2653,34.5075],[-77.275,34.5011],[-77.2986,34.4875],[-77.3156,34.4819],[-77.3322,34.4744],[-77.3569,34.4642],[-77.3803,34.4525],[-77.4292,34.4297],[-77.4678,34.4092],[-77.4997,34.3919],[-77.5944,34.4717],[-77.6497,34.5189],[-77.6944,34.6314],[-77.5219,34.7989],[-77.3872,34.9158],[-77.4961,35.1025],[-77.4114,35.1308],[-77.2508,35.3886],[-77.2047,35.5186],[-77.0614,35.92],[-76.6417,35.9042],[-76.6244,35.9033],[-76.4014,35.8875],[-76.3767,35.9764],[-76.3497,36.0731],[-76.2747,36.0831],[-76.0997,36.0669],[-75.9119,36.1789],[-75.5497,35.9503],[-75.4997,35.9169],[-75.2831,35.6544],[-75.4164,35.5003],[-75.5664,35.6503],[-75.6917,35.7678],[-75.7275,35.8086],[-75.7497,35.8253],[-75.965,35.86],[-76.0219,35.6128],[-75.8053,35.5753],[-75.8053,35.4503],[-75.4203,35.45],[-75.4228,35.4217],[-75.4233,35.4036],[-75.425,35.3928],[-75.4378,35.3472],[-75.4422,35.3256],[-75.4472,35.3108],[-75.4561,35.2614],[-75.4569,35.2503],[-75.46,35.2397],[-75.4647,35.2308],[-75.4683,35.2042],[-75.47,35.2006],[-75.4736,35.1922],[-75.4822,35.1817],[-75.4922,35.1744],[-75.5033,35.1692],[-75.5158,35.1658],[-75.5286,35.1647],[-75.5425,35.1661],[-75.5553,35.17],[-75.5669,35.1761],[-75.5764,35.1842],[-75.5919,35.1825],[-75.6247,35.175],[-75.6556,35.1656],[-75.6908,35.1525],[-75.7317,35.1406],[-75.7408,35.1353],[-75.7506,35.1314],[-75.7611,35.1292],[-75.7722,35.1283],[-75.8314,35.1053],[-75.8914,35.0789],[-75.9219,35.0628],[-75.9408,35.0492],[-75.9533,35.0386],[-75.9633,35.0325],[-75.9736,35.0281],[-75.9808,35.0211],[-75.9894,35.0156],[-76.0067,35.0078],[-76.0142,35.0064]]]]}},{"type":"Feature","properties":{"id":"NLC","name":"LEMOORE APPROACH","prefixes":["NLC"],"labelLat":36.2525,"labelLon":-120.3042,"artcc":"ZOA"},"geometry":{"type":"MultiPolygon","coordinates":[[[[-120.6081,36.6622],[-120.4144,36.4006],[-120.3042,36.2525],[-120.1694,36.0667],[-119.9811,35.8078],[-119.9175,35.7197],[-119.7128,35.6844],[-119.5764,35.6608],[-119.4903,35.6453],[-119.3722,35.8278],[-119.4628,36.0017],[-119.4733,36.0219],[-119.4969,36.0669],[-119.5494,36.1669],[-119.5917,36.2475],[-119.6683,36.3953],[-119.7281,36.5064],[-119.7642,36.5744],[-120.0011,36.6647],[-120.0483,36.6828],[-120.1897,36.7361],[-120.6081,36.6622]]]]}},{"type":"Feature","properties":{"id":"NMM","name":"MERIDIAN APPROACH","prefixes":["NMM"],"labelLat":32.5945,"labelLon":-88.5709,"artcc":"ZME"},"geometry":{"type":"MultiPolygon","coordinates":[[[[-88.0708,32.2556],[-88.0708,32.0625],[-88.3472,32.0694],[-88.5,32.0417],[-88.8333,31.9667],[-89.125,32.0667],[-89.2917,32.3167],[-89.1958,32.5375],[-89.075,32.7917],[-88.825,33.2222],[-88.4306,33.2],[-88.3667,33.175],[-88.3486,33.0975],[-87.9861,33.0431],[-87.85,32.6972],[-87.9458,32.6278],[-87.9917,32.5917],[-87.8639,32.475],[-87.8625,32.2417],[-88.0708,32.2556]]]]}},{"type":"Feature","properties":{"id":"NQI","name":"KINGSVILLE APPROACH","prefixes":["NQI"],"labelLat":27.5098,"labelLon":-98.0757,"artcc":"ZHU"},"geometry":{"type":"MultiPolygon","coordinates":[[[[-98.4333,27.8667],[-98.5514,28.0347],[-98.3542,28.2167],[-98.2194,28.2167],[-98.1475,28.1219],[-97.9667,28.0333],[-97.9383,28],[-97.7333,27.7583],[-97.6,27.6],[-97.6333,27.4667],[-97.7422,27.08],[-97.7717,26.9694],[-97.8111,26.8222],[-98.3,26.8028],[-98.4,27.0417],[-98.4333,27.125],[-98.4139,27.2722],[-98.4333,27.6083],[-98.4333,27.8667]]]]}},{"type":"Feature","properties":{"id":"NQX","name":"NAVY KEY WEST APPROACH","prefixes":["NQX"],"labelLat":24.9667,"labelLon":-81.7,"artcc":"ZMA"},"geometry":{"type":"MultiPolygon","coordinates":[[[[-81.2694,24.4833],[-81.25,24.4167],[-81.2764,24.2528],[-81.7589,24.2528],[-81.8925,24.21],[-82.3833,24.05],[-82.4956,24.2436],[-82.6164,24.4589],[-82.1,24.675],[-81.9997,24.7172],[-82,24.9667],[-81.7,24.9667],[-81.3667,24.8833],[-81.275,24.7],[-81.2742,24.6633],[-81.2719,24.5478],[-81.2694,24.4833]]]]}},{"type":"Feature","properties":{"id":"NTD","name":"POINT MUGU APPROACH","prefixes":["NTD"],"labelLat":33.7133,"labelLon":-119.5578,"artcc":"ZLA"},"geometry":{"type":"MultiPolygon","coordinates":[[[[-120.5,34.1],[-120.4222,34.1333],[-120,34.1333],[-120,34.1167],[-119.6667,34.1167],[-119.4155,34.2917],[-119.4155,34.4362],[-119.4695,34.525],[-119.085,34.4918],[-118.9944,34.3806],[-118.8167,34.2083],[-118.7781,34.1],[-118.8173,34.1],[-118.9454,34.1471],[-118.9417,33.9083],[-118.7667,33.6584],[-118.7834,33.475],[-118.6157,33.3264],[-119.1727,32.9016],[-120.5,34],[-120.5,34.1]]]]}},{"type":"Feature","properties":{"id":"NTU","name":"OCEANA APPROACH","prefixes":["NTU"],"labelLat":36.4459,"labelLon":-75.879,"artcc":"ZDC"},"geometry":{"type":"MultiPolygon","coordinates":[[[[-75.9583,36.975],[-75.5,36.9333],[-75.5,36.8833],[-75.5,36.8167],[-75.4997,35.9169],[-75.5497,35.9503],[-75.9119,36.1789],[-76.2583,36.4],[-76.25,36.4417],[-76.1417,36.8167],[-76.1167,36.84],[-76,36.9417],[-75.9583,36.975]]]]}},{"type":"Feature","properties":{"id":"NUW","name":"WHIDBEY APPROACH","prefixes":["NUW"],"labelLat":48.2792,"labelLon":-122.9841,"artcc":"ZSE"},"geometry":{"type":"MultiPolygon","coordinates":[[[[-124.0001,48.2906],[-124.0015,48.1346],[-123.7353,48.0835],[-123.3491,48.0088],[-122.8833,47.9167],[-122.7797,48],[-122.5266,48.0862],[-122.4059,48.2325],[-121.9724,48.2435],[-121.9681,48.3005],[-121.9667,48.6417],[-122.2667,48.6417],[-122.6083,48.6417],[-122.75,48.6417],[-123.025,48.6417],[-123.1003,48.4501],[-123.2475,48.2844],[-123.3292,48.2675],[-123.5407,48.2241],[-123.7385,48.2501],[-123.9167,48.2811],[-124.0001,48.2906]]]]}},{"type":"Feature","properties":{"id":"NYL","name":"YUMA APPROACH","prefixes":["NYL"],"labelLat":32.8222,"labelLon":-114.6055,"artcc":"ZLA"},"geometry":{"type":"MultiPolygon","coordinates":[[[[-115.0667,33.5167],[-115.5639,33.5444],[-115.7028,33.475],[-115.5556,33.3944],[-115.5486,33.3583],[-115.45,32.9417],[-115.4333,32.85],[-115.0917,32.85],[-115.0917,32.7068],[-115.0917,32.6917],[-114.7186,32.7184],[-114.8102,32.5051],[-114.475,32.3958],[-114,32.25],[-113.5083,32.1],[-113.5128,32.1162],[-113.6847,32.7375],[-113.6222,32.9667],[-113.6222,33.0333],[-113.6511,33.0333],[-113.6511,33.2917],[-114,33.4],[-114.2167,33.4667],[-114.4667,33.4667],[-115.0667,33.5167]]]]}},{"type":"Feature","properties":{"id":"OGG","name":"HCF APPROACH","prefixes":["OGG"],"labelLat":20.8937,"labelLon":-156.3169,"artcc":"ZHN"},"geometry":{"type":"MultiPolygon","coordinates":[[[[-156.8533,20.6138],[-156.3632,20.4711],[-156.3492,20.587],[-156.133,20.7283],[-156.025,20.6727],[-155.786,20.6346],[-155.7694,20.9185],[-155.9753,20.9528],[-155.9963,21.0441],[-156.0495,21.1336],[-156.1502,21.2346],[-156.3049,21.3052],[-156.424,21.3162],[-156.6933,21.2267],[-156.8294,21.0684],[-156.8645,20.956],[-156.7879,20.748],[-156.8533,20.6138]]]]}},{"type":"Feature","properties":{"id":"OKA","name":"NAHA APPROACH","prefixes":["OKA","RJKA","ROAH"],"labelLat":27.2802,"labelLon":128.4581},"geometry":{"type":"MultiPolygon","coordinates":[[[[126.8019,26.8664],[126.842,26.9024],[126.9885,27.0166],[127.1548,27.1063],[127.336,27.1687],[127.5265,27.2019],[127.7205,27.205],[127.9122,27.1777],[128.0039,27.1578],[128.5347,27.9186],[128.7208,28.1575],[128.7104,28.1823],[128.6758,28.339],[128.6726,28.4986],[128.701,28.6563],[128.7601,28.8072],[128.8481,28.9468],[128.9623,29.0708],[129.0993,29.1755],[129.2549,29.2578],[129.4244,29.315],[129.6026,29.3454],[129.784,29.3482],[129.9633,29.3232],[130.135,29.2713],[130.2937,29.1939],[130.4348,29.0934],[130.5539,28.973],[130.6474,28.8361],[130.7124,28.6871],[130.7471,28.5304],[130.7502,28.3708],[130.7472,28.3558],[130.5125,28.025],[129.5061,27.7003],[129.2992,27.65],[128.845,26.9467],[128.5944,26.7311],[128.6435,26.6464],[128.7131,26.4839],[128.7501,26.3129],[128.7535,26.1389],[128.7231,25.9669],[128.6599,25.8023],[128.5659,25.65],[128.4437,25.5147],[128.2973,25.4004],[128.1309,25.3108],[127.9497,25.2484],[127.7592,25.2151],[127.5652,25.2121],[127.4011,25.2333],[127.4672,25.3878],[127.4184,25.4009],[127.2655,25.4481],[127.2167,25.4669],[127.1241,25.5185],[126.9984,25.6098],[126.8923,25.7193],[126.809,25.8436],[126.7944,25.8747],[126.7803,25.8752],[126.6832,25.8737],[126.5872,25.8873],[126.4953,25.9156],[126.4103,25.9578],[126.3348,26.0126],[126.3158,26.0297],[126.2711,26.0783],[126.221,26.1529],[126.1862,26.2342],[126.1677,26.3197],[126.166,26.4067],[126.1812,26.4927],[126.2128,26.575],[126.2599,26.6511],[126.3211,26.7188],[126.3944,26.7759],[126.4777,26.8208],[126.5684,26.852],[126.6638,26.8686],[126.761,26.8701],[126.8019,26.8664]]],[[[128.7208,28.1575],[128.7104,28.1823],[128.6758,28.339],[128.6726,28.4986],[128.701,28.6563],[128.7601,28.8072],[128.8481,28.9468],[128.9623,29.0708],[129.0993,29.1755],[129.2549,29.2578],[129.4244,29.315],[129.6026,29.3454],[129.784,29.3482],[129.9633,29.3232],[130.135,29.2713],[130.2937,29.1939],[130.4348,29.0934],[130.5539,28.973],[130.6474,28.8361],[130.7124,28.6871],[130.7471,28.5304],[130.7502,28.3708],[130.7472,28.3558],[130.5125,28.025],[129.5061,27.7003],[129.2992,27.65],[128.845,26.9467],[128.5944,26.7311],[128.5436,26.7956],[128.4162,26.9271],[128.2654,27.0366],[128.0957,27.121],[128.0039,27.1578],[128.5347,27.9186],[128.7208,28.1575]]],[[[126.8019,26.8664],[126.842,26.9024],[126.9885,27.0166],[127.1548,27.1063],[127.336,27.1687],[127.5265,27.2019],[127.7205,27.205],[127.9122,27.1777],[128.0039,27.1578],[128.0957,27.121],[128.2654,27.0366],[128.4162,26.9271],[128.5436,26.7956],[128.5944,26.7311],[128.6435,26.6464],[128.7131,26.4839],[128.7501,26.3129],[128.7535,26.1389],[128.7231,25.9669],[128.6599,25.8023],[128.5659,25.65],[128.4437,25.5147],[128.2973,25.4004],[128.1309,25.3108],[127.9497,25.2484],[127.7592,25.2151],[127.5652,25.2121],[127.4011,25.2333],[127.4672,25.3878],[127.4184,25.4009],[127.2655,25.4481],[127.2167,25.4669],[127.1241,25.5185],[126.9984,25.6098],[126.8923,25.7193],[126.809,25.8436],[126.7944,25.8747],[126.7803,25.8752],[126.6832,25.8737],[126.5872,25.8873],[126.4953,25.9156],[126.4103,25.9578],[126.3348,26.0126],[126.3158,26.0297],[126.2711,26.0783],[126.221,26.1529],[126.1862,26.2342],[126.1677,26.3197],[126.166,26.4067],[126.1812,26.4927],[126.2128,26.575],[126.2599,26.6511],[126.3211,26.7188],[126.3944,26.7759],[126.4777,26.8208],[126.5684,26.852],[126.6638,26.8686],[126.761,26.8701],[126.8019,26.8664]]]]}},{"type":"Feature","properties":{"id":"OKC","name":"OKLAHOMA CITY APPROACH","prefixes":["OKC"],"labelLat":35.4791,"labelLon":-97.5271,"artcc":"ZFW"},"geometry":{"type":"MultiPolygon","coordinates":[[[[-98.2167,35.55],[-98.1483,35.8625],[-98.0167,35.8833],[-97.8833,35.925],[-97.7472,35.9744],[-97.5836,36.0333],[-97.2614,36.0086],[-96.9936,35.8644],[-96.9125,35.7375],[-96.8394,35.6222],[-96.8392,35.5278],[-96.8375,35.1333],[-96.9775,35.0194],[-97.0464,34.9633],[-97.0917,34.925],[-97.705,34.9386],[-97.85,34.9417],[-98,34.9667],[-98.0667,35.0167],[-98.1458,35.0792],[-98.2167,35.1333],[-98.2167,35.55]]]]}},{"type":"Feature","properties":{"id":"ORF","name":"NORFOLK APPROACH","prefixes":["ORF"],"labelLat":36.9078,"labelLon":-76.3582,"artcc":"ZDC"},"geometry":{"type":"MultiPolygon","coordinates":[[[[-77.2167,36.9056],[-77.1,36.6833],[-76.9883,36.58],[-76.9597,36.5542],[-76.405,36.0656],[-76.3497,36.0731],[-76.2747,36.0831],[-76.0997,36.0669],[-75.9119,36.1789],[-76.2583,36.4],[-76.25,36.4417],[-76.1417,36.8167],[-76.1167,36.84],[-76,36.9417],[-75.9583,36.975],[-75.5,36.9333],[-75.4997,37.0058],[-75.5,37.5083],[-75.5,37.5667],[-76.025,37.6667],[-76.1667,37.6667],[-76.1925,37.75],[-76.3917,37.75],[-76.4667,37.6],[-76.4569,37.5122],[-76.5731,37.5036],[-76.7742,37.4886],[-76.8519,37.4603],[-76.8806,37.4028],[-76.9069,37.3472],[-77,37.2333],[-77.2167,36.9056]]]]}},{"type":"Feature","properties":{"id":"OZR","name":"CAIRNS APPROACH","prefixes":["OZR"],"labelLat":31.3485,"labelLon":-85.6687,"artcc":"ZJX"},"geometry":{"type":"MultiPolygon","coordinates":[[[[-86.5792,31.1333],[-86.4,31.1333],[-86.4167,31.0375],[-86.0761,31.0517],[-85.9333,30.7039],[-85.7,30.7361],[-85.6667,30.7361],[-85.1625,30.7222],[-85.1328,30.6886],[-84.8167,30.975],[-84.8,31.0667],[-84.7583,31.3],[-84.9625,31.8083],[-85.075,31.85],[-85.2389,31.8278],[-85.6958,32.0083],[-85.9833,31.9917],[-86.0744,31.9631],[-86.4625,31.8417],[-86.5083,31.5792],[-86.5792,31.1333]]]]}},{"type":"Feature","properties":{"id":"P50","name":"PHOENIX APPROACH","prefixes":["PHX"],"labelLat":34.182,"labelLon":-112.0844,"artcc":"ZAB"},"geometry":{"type":"MultiPolygon","coordinates":[[[[-113.0708,34.6569],[-112.8944,34.4764],[-112.6811,34.2556],[-112.5931,34.1642],[-112.4478,33.9836],[-112.5408,33.9239],[-112.6339,33.8333],[-112.7067,33.7308],[-112.7567,33.6189],[-112.7975,33.5069],[-112.8003,33.4661],[-112.8014,33.4119],[-112.8008,33.3994],[-112.7919,33.3194],[-112.7869,33.2978],[-112.7708,33.2378],[-112.7378,33.1694],[-112.7225,33.1378],[-112.6867,33.0831],[-112.6569,33.0433],[-112.3475,33.0225],[-112.1883,33.0125],[-112.0539,33.0033],[-111.7481,32.9836],[-111.7319,32.9658],[-111.7028,32.9806],[-111.435,32.9628],[-111.3542,33.0464],[-111.2936,33.1342],[-111.2525,33.2158],[-111.2225,33.3169],[-111.2153,33.3744],[-111.2108,33.4433],[-111.2228,33.5433],[-111.2592,33.6611],[-111.3258,33.7758],[-111.35,33.8],[-111.4181,33.8781],[-111.4989,33.9431],[-111.5319,33.9617],[-111.6431,34.0239],[-111.4272,34.4558],[-111.2025,34.9022],[-111.0981,35.3169],[-111.1511,35.4011],[-111.6508,35.4],[-112.1478,35.3278],[-112.1269,35.0475],[-112.4556,35.1194],[-112.5917,35.1142],[-112.7111,35.0783],[-112.8158,35.0194],[-112.9006,34.9364],[-113.0708,34.6569]]]]}},{"type":"Feature","properties":{"id":"P80","name":"PORTLAND APPROACH","prefixes":["PDX"],"labelLat":45.5175,"labelLon":-122.5565,"artcc":"ZSE"},"geometry":{"type":"MultiPolygon","coordinates":[[[[-122.2686,44.9694],[-122.4778,44.935],[-122.725,45],[-122.7166,45.0561],[-122.75,45.0667],[-122.7833,45.0746],[-122.9167,45.1167],[-123.4004,45.122],[-123.4019,45.2564],[-123.2333,45.3333],[-123.2346,45.3326],[-123.3189,45.4648],[-123.3636,45.7219],[-123.3033,45.8672],[-123.1967,45.9319],[-123.075,46],[-122.5861,46.0958],[-122.5489,46.0967],[-122.2833,46.1],[-122.1789,46.0072],[-121.9849,45.8666],[-121.7333,45.6167],[-121.7111,45.4917],[-121.8126,45.3703],[-121.8667,45.3167],[-122,45.1833],[-122.2686,44.9694]]]]}},{"type":"Feature","properties":{"id":"PAM","name":"TYNDALL APPROACH","prefixes":["PAM"],"labelLat":29.9931,"labelLon":-85.2098,"artcc":"ZJX"},"geometry":{"type":"MultiPolygon","coordinates":[[[[-85.7,30.7361],[-85.6667,30.7361],[-85.1625,30.7222],[-85.1328,30.6886],[-84.9061,30.4478],[-84.7833,30.3167],[-84.525,30.0208],[-84.37,29.8447],[-84.3336,29.7089],[-84.6667,29.7083],[-84.6797,29.6872],[-84.7264,29.6489],[-84.9317,29.5494],[-84.9667,29.5447],[-85,29.5419],[-85,29.25],[-86,29.5],[-86,29.9667],[-85.9333,29.9667],[-85.9333,30.1836],[-85.9333,30.4003],[-86.0861,30.6836],[-85.9333,30.7039],[-85.7,30.7361]]]]}},{"type":"Feature","properties":{"id":"PBI","name":"PALM BEACH APPROACH","prefixes":["PBI"],"labelLat":27.1872,"labelLon":-79.8928,"artcc":"ZMA"},"geometry":{"type":"MultiPolygon","coordinates":[[[[-80.925,27.9333],[-80.8667,27.8333],[-80.795,27.5944],[-80.7486,27.0947],[-80.8344,26.9636],[-80.7956,26.8839],[-80.6831,26.5906],[-80.6658,26.5444],[-80.6558,26.5139],[-80.6125,26.3833],[-80.1808,26.3833],[-80.1639,26.3833],[-80.1644,26.3639],[-80.16,26.35],[-80.1514,26.3381],[-80.1378,26.3275],[-80.1231,26.3217],[-80.1064,26.32],[-80.0989,26.3206],[-80.085,26.3242],[-80.0731,26.3303],[-80.06,26.3428],[-80.0519,26.3592],[-80.0503,26.3733],[-80.0522,26.3836],[-79.9706,26.3836],[-79.9167,26.3833],[-79.8656,26.3833],[-79.7,26.3833],[-79.6064,26.4333],[-79.5397,26.5619],[-79.5197,26.5967],[-79.3819,26.8331],[-79.7864,27.0036],[-79.8206,27.0658],[-79.8928,27.1872],[-79.9194,27.3022],[-79.885,27.415],[-80.0667,27.85],[-80.1667,28.0167],[-80.3833,27.9167],[-80.7133,27.9272],[-80.925,27.9333]]]]}},{"type":"Feature","properties":{"id":"PCT","name":"POTOMAC APPROACH","prefixes":["BWI","CHO","DCA","IAD","PCT","RIC"],"labelLat":38.384,"labelLon":-77.1571,"artcc":"ZDC"},"geometry":{"type":"MultiPolygon","coordinates":[[[[-76.402,39.8589],[-76.2114,39.8203],[-76.1397,39.7253],[-76.0403,39.5936],[-76.0133,39.5578],[-75.87,39.335],[-75.8361,39.2667],[-75.8758,38.9694],[-75.8325,38.8631],[-75.6667,38.7],[-75.7514,38.6966],[-75.8293,38.6484],[-76.2202,38.6248],[-76.309,38.6184],[-76.384,38.613],[-76.492,38.6041],[-76.5239,38.5914],[-76.5126,38.6464],[-76.5236,38.675],[-76.5452,38.7988],[-76.5583,38.8736],[-76.5776,38.9272],[-76.6667,39.0099],[-76.8249,39.0467],[-76.9695,39.0819],[-77.2043,39.1416],[-77.232,39.1999],[-77.3334,39.1417],[-77.3544,39.0999],[-77.449,39.1001],[-77.7446,39.0771],[-77.8133,39.1298],[-78.013,39.2156],[-78.1051,39.2362],[-78.1642,39.2475],[-78.0575,39.5103],[-78,39.5333],[-77.675,39.585],[-77.3572,39.6981],[-77.2403,39.5811],[-77.1777,39.6365],[-77.1751,39.6782],[-77.1724,39.7198],[-77.1679,39.7887],[-77.1592,39.8806],[-76.9755,39.8836],[-76.9712,39.8836],[-76.9172,39.8839],[-76.8696,39.884],[-76.7764,39.8844],[-76.6918,39.8845],[-76.5333,39.8847],[-76.402,39.8589]]],[[[-78.0667,38.4484],[-78.025,38.4416],[-77.9645,38.3981],[-77.7317,38.2308],[-77.6416,38.1749],[-77.8171,37.9996],[-77.8609,37.9181],[-77.9484,37.8068],[-77.9694,37.7792],[-78.0389,37.6917],[-78.1719,37.5344],[-78.4792,37.6022],[-78.5566,37.62],[-78.6056,37.6294],[-79.2707,37.7813],[-79.2953,38.0519],[-79.325,38.35],[-78.7823,38.4563],[-78.3233,38.5469],[-78.2664,38.5248],[-78.0667,38.4484]]],[[[-78.0841,38.6981],[-78.1051,38.7262],[-78.1328,38.7534],[-78.1758,38.7817],[-78.2123,38.7982],[-78.2548,38.8107],[-78.2979,38.812],[-78.3342,38.8135],[-78.375,38.8144],[-78.3749,39.0919],[-78.1952,39.1281],[-78.1673,39.1554],[-78.1642,39.2475],[-78.1051,39.2362],[-78.013,39.2156],[-77.8133,39.1298],[-77.7446,39.0771],[-77.449,39.1001],[-77.3544,39.0999],[-77.3334,39.1417],[-77.232,39.1999],[-77.2043,39.1416],[-76.9695,39.0819],[-76.8249,39.0467],[-76.6667,39.0099],[-76.5776,38.9272],[-76.5583,38.8736],[-76.5452,38.7988],[-76.5236,38.675],[-76.5126,38.6464],[-76.5239,38.5914],[-76.5388,38.5172],[-76.8112,38.2673],[-76.9127,38.3109],[-77.0142,38.3311],[-77.2912,38.3116],[-77.371,38.3059],[-77.5167,38.2556],[-77.6416,38.1749],[-77.7317,38.2308],[-77.9645,38.3981],[-78.025,38.4416],[-78.0667,38.4484],[-78.2664,38.5248],[-78.0689,38.6088],[-78.0706,38.6427],[-78.0749,38.6807],[-78.0841,38.6981]]],[[[-78.3751,39.3482],[-78.7028,39.3347],[-78.5222,39.5917],[-78.485,39.6467],[-78.4511,39.6959],[-77.9333,39.85],[-77.8403,39.8556],[-77.358,39.8751],[-77.1592,39.8806],[-77.1679,39.7887],[-77.1724,39.7198],[-77.1751,39.6782],[-77.1777,39.6365],[-77.2403,39.5811],[-77.2567,39.4847],[-77.2667,39.2751],[-77.232,39.1999],[-77.2043,39.1416],[-77.3063,39.055],[-77.3153,38.8182],[-77.3208,38.643],[-77.3231,38.6164],[-77.3249,38.5666],[-77.2181,38.5153],[-77.2717,38.367],[-77.2912,38.3116],[-77.3178,38.2333],[-77.3792,38.175],[-77.6416,38.1749],[-77.7317,38.2308],[-77.9645,38.3981],[-78.025,38.4416],[-78.0667,38.4484],[-78.2664,38.5248],[-78.3233,38.5469],[-78.375,38.5667],[-78.375,38.8144],[-78.375,39.0919],[-78.3751,39.3482]]],[[[-75.59,38.7058],[-75.55,38.6167],[-75.1,38.5],[-74.9892,38.5],[-74.9894,38.4189],[-75.05,38.2667],[-75.3333,37.8208],[-75.4172,37.82],[-75.5,37.7133],[-75.5,37.5667],[-76.025,37.6667],[-76.1667,37.6667],[-76.1925,37.75],[-76.3917,37.75],[-76.4667,37.6],[-76.4569,37.5122],[-76.5731,37.5036],[-76.7742,37.4886],[-76.8519,37.4603],[-76.8806,37.4028],[-76.9069,37.3472],[-77,37.2333],[-77.2167,36.9056],[-77.3039,36.9025],[-77.5333,36.8833],[-77.8449,37.0183],[-77.8436,37.0455],[-77.851,37.0656],[-77.8622,37.074],[-77.8646,37.0939],[-77.8647,37.1468],[-77.9993,37.2466],[-78.1666,37.2606],[-78.1719,37.5344],[-78.4792,37.6022],[-78.5566,37.62],[-78.6056,37.6294],[-79.2707,37.7813],[-79.2953,38.0519],[-79.325,38.35],[-78.7823,38.4563],[-78.3233,38.5469],[-78.375,38.5667],[-78.375,38.8144],[-78.375,39.0919],[-78.3751,39.3482],[-78.7028,39.3347],[-78.5222,39.5917],[-78.485,39.6467],[-78.4511,39.6959],[-77.9333,39.85],[-77.8403,39.8556],[-77.358,39.8751],[-77.1592,39.8806],[-76.9755,39.8836],[-76.9712,39.8836],[-76.9172,39.8839],[-76.8696,39.884],[-76.7764,39.8844],[-76.6918,39.8845],[-76.5333,39.8847],[-76.402,39.8589],[-76.2114,39.8203],[-76.1397,39.7253],[-76.0403,39.5936],[-76.0133,39.5578],[-75.87,39.335],[-75.8361,39.2667],[-75.8758,38.9694],[-75.8325,38.8631],[-75.6667,38.7],[-75.59,38.7058]]],[[[-77.3792,38.175],[-77.3178,38.2333],[-77.2912,38.3116],[-77.0142,38.3311],[-76.9127,38.3109],[-76.8112,38.2673],[-76.5388,38.5172],[-76.5239,38.5914],[-76.492,38.6041],[-76.384,38.613],[-76.309,38.6184],[-76.2202,38.6248],[-75.8293,38.6484],[-75.7514,38.6966],[-75.6667,38.7],[-75.59,38.7058],[-75.55,38.6167],[-75.1,38.5],[-74.9892,38.5],[-74.9894,38.4189],[-75.05,38.2667],[-75.3333,37.8208],[-75.4172,37.82],[-75.5,37.7133],[-75.5,37.5667],[-76.025,37.6667],[-76.1667,37.6667],[-76.1925,37.75],[-76.3917,37.75],[-76.4667,37.6],[-76.4569,37.5122],[-76.5731,37.5036],[-76.7742,37.4886],[-76.8519,37.4603],[-76.8806,37.4028],[-76.9069,37.3472],[-77,37.2333],[-77.2167,36.9056],[-77.3039,36.9025],[-77.5333,36.8833],[-77.8449,37.0183],[-77.8436,37.0455],[-77.851,37.0656],[-77.8622,37.074],[-77.8646,37.0939],[-77.8647,37.1468],[-77.9993,37.2466],[-78.1666,37.2606],[-78.1719,37.5344],[-78.4792,37.6022],[-78.5566,37.62],[-78.6056,37.6294],[-79.2707,37.7813],[-79.2953,38.0519],[-79.325,38.35],[-78.7823,38.4563],[-78.3233,38.5469],[-78.2664,38.5248],[-78.0667,38.4484],[-78.025,38.4416],[-77.9645,38.3981],[-77.7317,38.2308],[-77.6416,38.1749],[-77.3792,38.175]]]]}},{"type":"Feature","properties":{"id":"PHL","name":"PHILADELPHIA APPROACH","prefixes":["PHL"],"labelLat":40.0388,"labelLon":-75.2407,"artcc":"ZNY"},"geometry":{"type":"MultiPolygon","coordinates":[[[[-76.0403,39.5936],[-76.1397,39.7253],[-76.2114,39.8203],[-76.1583,39.9014],[-76.0625,40.0403],[-75.9839,40.0339],[-76.0594,40.1472],[-75.8919,40.2256],[-75.7792,40.2825],[-75.6844,40.3253],[-75.5717,40.3781],[-75.4714,40.4247],[-75.3933,40.4597],[-75.0667,40.4833],[-74.9569,40.3417],[-74.6931,40.2633],[-74.7072,40.2464],[-74.7472,40.2069],[-74.7583,40.1389],[-74.7247,40.1211],[-74.6314,40.0203],[-74.6847,39.9833],[-74.7433,39.9428],[-74.6911,39.7642],[-74.7761,39.7203],[-74.8225,39.7164],[-74.9111,39.7097],[-74.9744,39.655],[-75.0958,39.5472],[-75.1667,39.5167],[-75.2392,39.4808],[-75.25,39.4722],[-75.3117,39.4319],[-75.2869,39.4158],[-75.2542,39.3944],[-75.2131,39.3608],[-75.2203,39.3589],[-75.4381,39.3144],[-75.4708,39.3081],[-75.5156,39.2994],[-75.5511,39.2956],[-75.7753,39.2728],[-75.8361,39.2667],[-75.87,39.335],[-76.0133,39.5578],[-76.0403,39.5936],[-76.0403,39.5936]]]]}},{"type":"Feature","properties":{"id":"PIT","name":"PITTSBURGH APPROACH","prefixes":["PIT"],"labelLat":40.4914,"labelLon":-80.2325,"artcc":"ZOB"},"geometry":{"type":"MultiPolygon","coordinates":[[[[-79.6008,40.3603],[-79.6669,40.2397],[-79.7714,40.1367],[-79.8136,40.1072],[-79.9069,40.0575],[-80.0642,40.0081],[-80.2328,39.9911],[-80.4008,40.0081],[-80.4806,40.0278],[-80.5581,40.0575],[-80.625,40.0833],[-80.6936,40.1367],[-80.7669,40.2031],[-80.7981,40.2397],[-80.8467,40.3186],[-80.8642,40.3603],[-80.8878,40.4894],[-80.8667,40.6192],[-80.8375,40.6833],[-80.8022,40.7403],[-80.6967,40.8464],[-80.5622,40.9278],[-80.4475,40.9642],[-80.4033,40.9744],[-80.2328,40.9917],[-80.0617,40.9744],[-79.9961,40.9583],[-79.9417,40.9417],[-79.9028,40.9242],[-79.7667,40.8442],[-79.6917,40.7708],[-79.6628,40.7403],[-79.5983,40.6192],[-79.5772,40.4894],[-79.6008,40.3603]]]]}},{"type":"Feature","properties":{"id":"PKWA","name":"KWAJ APPROACH","prefixes":["PKWA"],"labelLat":8.72,"labelLon":167.7317},"geometry":{"type":"MultiPolygon","coordinates":[[[[167.7317,10.3867],[167.4375,10.3612],[167.1524,10.2857],[166.8851,10.1624],[166.6439,9.9951],[166.4361,9.789],[166.2681,9.5505],[166.1447,9.2867],[166.0698,9.0058],[166.0455,8.7163],[166.0724,8.427],[166.1496,8.1468],[166.2746,7.884],[166.4435,7.6466],[166.6513,7.4418],[166.8917,7.2757],[167.1572,7.1534],[167.4401,7.0785],[167.7317,7.0533],[168.0233,7.0785],[168.3061,7.1534],[168.5717,7.2757],[168.812,7.4418],[169.0198,7.6466],[169.1888,7.884],[169.3138,8.1468],[169.3909,8.427],[169.4178,8.7163],[169.3935,9.0058],[169.3186,9.2867],[169.1953,9.5505],[169.0272,9.789],[168.8194,9.9951],[168.5782,10.1624],[168.3109,10.2857],[168.0258,10.3612],[167.7317,10.3867]]]]}},{"type":"Feature","properties":{"id":"PNS","name":"PENSACOLA APPROACH","prefixes":["PNS"],"labelLat":30.5335,"labelLon":-87.3792},"geometry":{"type":"MultiPolygon","coordinates":[[[[-87.6583,30.9583],[-87.5889,31.05],[-87,31.1667],[-86.8722,31.0883],[-86.7333,31],[-86.7833,30.8889],[-86.7833,30.7044],[-86.9167,30.6461],[-86.8583,30.4419],[-86.8583,30.3253],[-86.8,30.3378],[-86.8,29.9667],[-87.2547,29.9003],[-87.4153,29.9094],[-87.4967,29.9278],[-87.5897,29.9667],[-88.025,29.9667],[-88.025,30.0847],[-88.025,30.1544],[-88.025,30.2208],[-87.9167,30.5167],[-87.9167,30.6333],[-87.8083,30.6833],[-87.7167,30.6917],[-87.6917,30.7917],[-87.6833,30.8458],[-87.6583,30.9583]]]]}},{"type":"Feature","properties":{"id":"POE","name":"POLK APPROACH","prefixes":["POE"],"labelLat":31.375,"labelLon":-92.7708,"artcc":"ZHU"},"geometry":{"type":"MultiPolygon","coordinates":[[[[-93.9333,31.1167],[-93.8433,31.57],[-93.7958,31.8],[-92.8625,32.1917],[-92.5222,32.1083],[-92.25,31.95],[-91.9167,31.9833],[-91.6083,31.1972],[-91.95,30.8],[-92.25,30.8],[-92.6417,30.5583],[-93.3833,30.5583],[-93.625,30.5583],[-93.9333,31.1167]]]]}},{"type":"Feature","properties":{"id":"PVD","name":"PROVIDENCE APPROACH","prefixes":["PVD"],"labelLat":41.4324,"labelLon":-71.5834,"artcc":"ZBW"},"geometry":{"type":"MultiPolygon","coordinates":[[[[-70.8833,41.9061],[-70.7001,41.7999],[-70.7875,41.7028],[-70.8333,41.5639],[-71.0306,41.4372],[-71.0309,41.0154],[-71.0294,40.9639],[-71.8528,40.7647],[-71.8567,40.9428],[-72.1742,41.065],[-72.25,41.125],[-72.2875,41.1694],[-72.3833,41.3625],[-72.4667,41.4833],[-72.1542,41.6069],[-72.0627,41.8028],[-71.925,41.9958],[-71.6458,42.0628],[-71.4833,42.1],[-71.2206,41.9169],[-70.925,41.8943],[-70.8833,41.9061]]]]}},{"type":"Feature","properties":{"id":"PWM","name":"PORTLAND APPROACH","prefixes":["PWM"],"labelLat":43.9408,"labelLon":-69.9913,"artcc":"ZBW"},"geometry":{"type":"MultiPolygon","coordinates":[[[[-68.8167,44.1001],[-68.7992,43.8663],[-69.0597,43.8],[-69.9333,43.3166],[-70.15,43.2],[-70.2833,43.0334],[-70.65,43.2917],[-70.9917,43.4167],[-71.1835,43.7167],[-71.1583,43.7833],[-71.0669,44.0112],[-70.8167,44.1667],[-70.9667,44.5833],[-70.2161,44.5472],[-70.1034,44.8067],[-69.6789,44.8481],[-69.7167,44.5],[-69.4,44.2639],[-69,44.1833],[-68.8167,44.1001]]]]}},{"type":"Feature","properties":{"id":"R90","name":"OMAHA APPROACH","prefixes":["LNK","OMA"],"labelLat":41.1208,"labelLon":-96.2625,"artcc":"ZMP"},"geometry":{"type":"MultiPolygon","coordinates":[[[[-97.3833,41.0583],[-97.075,41.2583],[-96.7931,41.2589],[-96.6833,41.2583],[-96.25,41],[-96.225,40.5083],[-96.8583,40.3583],[-97.4,40.725],[-97.3833,41.0583]]],[[[-96.7931,41.2589],[-96.8075,41.4106],[-96.7667,41.525],[-96.6667,41.8],[-96.3583,41.8333],[-95.7833,41.8833],[-95.775,41.7333],[-95.6417,41.725],[-95.275,41.65],[-95.175,41.5],[-95.125,40.8],[-95.8075,40.6222],[-96.225,40.5083],[-96.375,40.4583],[-96.8583,40.3583],[-97.4,40.725],[-97.3833,41.0583],[-97.075,41.2583],[-96.7931,41.2589]]]]}},{"type":"Feature","properties":{"id":"RCA","name":"ELLSWORTH APPROACH","prefixes":["RCA"],"labelLat":44.1291,"labelLon":-103.1118,"artcc":"ZDV"},"geometry":{"type":"MultiPolygon","coordinates":[[[[-103.1167,43.475],[-103.8611,43.7583],[-104.0194,44.2139],[-103.6667,44.6667],[-102.8833,44.7833],[-102.3667,44.5306],[-102.2042,44.0292],[-102.5,43.7639],[-103.1167,43.475]]]]}},{"type":"Feature","properties":{"id":"RCKH","name":"KAOHSIUNG APPROACH","prefixes":["RCKH"],"labelLat":23.1393,"labelLon":120.0144},"geometry":{"type":"MultiPolygon","coordinates":[[[[118.1169,24.3683],[118.2389,24.1089],[118.6261,24.0142],[118.8442,24.2822],[118.5394,24.4894],[118.3686,24.5439],[118.2922,24.5408],[118.1169,24.3683]]],[[[119.3478,23.6928],[119.3483,23.4556],[119.7036,23.0883],[119.6894,22.7156],[119.6589,21.9131],[121.0275,21.7347],[121.3883,21.8372],[121.5853,21.8936],[121.5853,22.3981],[121.9119,23.4167],[121.305,23.4167],[121.0947,22.885],[120.9928,22.8444],[120.9547,22.7489],[121.0058,22.6592],[120.8042,22.1417],[120.6225,22.7419],[120.5444,23],[120.5222,23.2292],[120.7761,23.8364],[120.1925,23.9781],[119.8672,24.0569],[119.585,23.9036],[119.3478,23.6928]]]]}},{"type":"Feature","properties":{"id":"RCTP","name":"TAIPEI APPROACH","prefixes":["RCTP"],"labelLat":24.88,"labelLon":121.0235},"geometry":{"type":"MultiPolygon","coordinates":[[[[119.7572,26.1306],[119.7653,25.9842],[119.9269,25.8819],[120.1256,25.9556],[120.2986,25.8419],[120.3742,25.9372],[120.4669,26.1608],[120.475,26.2442],[120,26.3433],[119.7572,26.1306]]],[[[119.8672,24.0569],[120.1925,23.9781],[120.7761,23.8364],[120.8881,24.1017],[121,24.3667],[121.1686,24.4997],[121.5006,24.4022],[121.5,24.0167],[121.305,23.4167],[121.9119,23.4167],[122.2108,24.3414],[122.2322,24.7133],[122.2897,25.1061],[122.2078,25.4192],[122.0781,25.6156],[121.9433,25.7256],[121.5714,25.7353],[121.0136,25.2844],[120.4167,24.8],[120.1419,24.4203],[119.8672,24.0569]]]]}},{"type":"Feature","properties":{"id":"RDG","name":"READING APPROACH","prefixes":["RDG"],"labelLat":40.3614,"labelLon":-76.0123},"geometry":{"type":"MultiPolygon","coordinates":[[[[-76.2353,40.6884],[-76.1625,40.6889],[-75.9166,40.6869],[-75.9131,40.5411],[-75.8805,40.4639],[-75.7678,40.3397],[-75.7458,40.3361],[-75.6844,40.3253],[-75.7792,40.2825],[-75.8919,40.2256],[-76.0594,40.1472],[-75.9839,40.0339],[-76.0625,40.0403],[-76.165,40.1328],[-76.2808,40.3435],[-76.3403,40.4586],[-76.3282,40.5714],[-76.2353,40.6884]]]]}},{"type":"Feature","properties":{"id":"RDR","name":"GRAND FORKS APPROACH","prefixes":["RDR"],"labelLat":47.925,"labelLon":-97.2875,"artcc":"ZMP"},"geometry":{"type":"MultiPolygon","coordinates":[[[[-97.6333,47.35],[-98.0417,47.6375],[-98.225,48.0278],[-97.9083,48.3833],[-97.3,48.5],[-97,48.45],[-96.7167,48.35],[-96.7792,48.2833],[-96.4,47.875],[-96.35,47.8167],[-96.425,47.4833],[-97.6333,47.35]]]]}},{"type":"Feature","properties":{"id":"RDU","name":"RALEIGH APPROACH","prefixes":["RDU"],"labelLat":35.9464,"labelLon":-78.8373,"artcc":"ZDC"},"geometry":{"type":"MultiPolygon","coordinates":[[[[-79.5789,35.4261],[-79.4917,35.7042],[-79.3228,36.2417],[-78.8367,36.4139],[-78.7833,36.4333],[-78.6889,36.4667],[-78.2825,36.4653],[-78.1292,36.3814],[-78.0958,36.1208],[-78.2183,35.9275],[-78.155,35.6942],[-78.3489,35.5347],[-78.3639,35.5222],[-78.6175,35.4778],[-79.0583,35.5297],[-79.0836,35.5344],[-79.5789,35.4261]]]]}},{"type":"Feature","properties":{"id":"RFD","name":"ROCKFORD APPROACH","prefixes":["RFD"],"labelLat":42.1792,"labelLon":-89.3451,"artcc":"ZAU"},"geometry":{"type":"MultiPolygon","coordinates":[[[[-90.2292,42.1458],[-90.0458,42.0792],[-89.725,41.4917],[-89.2236,41.6661],[-89.1592,41.6881],[-88.7458,41.6806],[-88.82,41.7933],[-88.8194,41.8472],[-88.8189,41.8686],[-88.8197,42.0311],[-88.6489,42.2158],[-88.5444,42.3094],[-88.4611,42.5],[-88.5444,42.8417],[-88.8167,42.8667],[-89.0872,42.8144],[-89.3589,42.7622],[-89.7583,42.6833],[-90.0042,42.425],[-90.0794,42.2497],[-90.0917,42.2125],[-90.2292,42.1458]]]]}},{"type":"Feature","properties":{"id":"RJAH","name":"HYAKURI APPROACH","prefixes":["RJAH"],"labelLat":36.6082,"labelLon":141.0784},"geometry":{"type":"MultiPolygon","coordinates":[[[[140.4567,36.7192],[141.3597,37.2831],[141.5181,37.1777],[141.7143,37.0079],[141.8711,36.8131],[141.9131,36.7539],[141.9835,36.5993],[142.0167,36.5158],[141.8758,36.1225],[141.7678,36.0833],[141.7358,36.0719],[141.2594,35.9333],[141.1447,35.9333],[140.7961,35.9333],[140.6411,35.9333],[140.5931,35.9333],[140.5317,35.9333],[140.5006,35.9406],[140.2808,35.9917],[140.2883,36.0035],[140.2897,36.0064],[140.2935,36.0174],[140.2957,36.0318],[140.2948,36.0463],[140.2907,36.0605],[140.2837,36.0738],[140.2794,36.0794],[140.2739,36.086],[140.2617,36.0966],[140.2474,36.1053],[140.2314,36.1119],[140.2142,36.1162],[140.1964,36.118],[140.1928,36.1181],[140.1784,36.1172],[140.161,36.1139],[140.1444,36.1083],[140.14,36.1064],[140.1583,36.2225],[140.2214,36.5747],[140.3269,36.6311],[140.4522,36.6939],[140.4567,36.7192]]]]}},{"type":"Feature","properties":{"id":"RJAW","name":"IWO APPROACH","prefixes":["RJAW"],"labelLat":24.7845,"labelLon":141.3159},"geometry":{"type":"MultiPolygon","coordinates":[[[[141.2455,25.6978],[141.5938,25.6645],[141.9086,25.5252],[142.1519,25.2964],[142.2943,25.0059],[142.3188,24.6887],[142.2222,24.3831],[142.0164,24.1258],[141.726,23.948],[141.3862,23.8711],[141.0379,23.9043],[140.7231,24.0437],[140.4798,24.2725],[140.3373,24.563],[140.3129,24.8801],[140.4094,25.1858],[140.6153,25.443],[140.9057,25.6209],[141.2455,25.6978]]]]}},{"type":"Feature","properties":{"id":"RJBB","name":"KANSAI APPROACH","prefixes":["RJBB"],"labelLat":34.0995,"labelLon":134.7545},"geometry":{"type":"MultiPolygon","coordinates":[[[[134.2675,34.9936],[134.8022,35.0961],[135.3161,35.1856],[135.8253,35.0847],[135.8105,35.0311],[135.7931,34.9425],[136.1275,34.6719],[136.2933,34.5369],[136.3181,34.5167],[136.2969,34.4828],[136.2108,34.3585],[136.1131,34.2492],[135.8794,34.1536],[135.2706,33.8861],[135.2506,33.5436],[135.155,33.5017],[134.9975,33.4325],[134.4811,33.4569],[134.0883,33.1892],[133.3006,33.0133],[133.2919,33.0964],[133.1908,33.4589],[133.5397,33.8889],[133.3911,34.1844],[133.4606,34.3631],[133.3389,34.535],[133.5728,34.6722],[133.4297,34.7447],[133.4299,34.762],[133.4385,34.8196],[133.4592,34.8752],[133.4913,34.9269],[133.5338,34.9733],[133.5855,35.0129],[133.6447,35.0445],[133.7098,35.0672],[133.7786,35.0802],[133.8492,35.0833],[133.9193,35.0762],[133.9869,35.0592],[134.0014,35.0542],[134.0313,35.0542],[134.1118,35.0461],[134.1895,35.0266],[134.2618,34.9962],[134.2675,34.9936]]]]}},{"type":"Feature","properties":{"id":"RJCC","name":"CHITOSE APPROACH","prefixes":["RJCC"],"labelLat":42.7449,"labelLon":141.6235},"geometry":{"type":"MultiPolygon","coordinates":[[[[141.7242,43.2342],[141.8594,43.23],[142.6075,43.2047],[142.7,43.1021],[142.7597,43.0153],[142.7868,42.9652],[142.8399,42.8193],[142.8578,42.6689],[142.85,42.5983],[142.8399,42.5184],[142.7868,42.3725],[142.7,42.2357],[142.5821,42.1119],[142.4369,42.0052],[142.2686,41.9185],[142.0825,41.8547],[142.0694,41.8514],[142.0586,41.9731],[142.0282,41.9643],[141.8565,41.9305],[141.6794,41.9191],[141.5024,41.9305],[141.3842,41.9511],[141.3307,41.9643],[141.1678,42.0214],[141.0311,42.0925],[140.3892,42.4483],[140.525,42.8081],[140.6631,43.1692],[141.0914,43.6383],[141.6208,43.5514],[141.6283,43.4539],[141.6189,43.2372],[141.7242,43.2342]]]]}},{"type":"Feature","properties":{"id":"RJCO","name":"SAPPORO APPROACH","prefixes":["RJCO"],"labelLat":43.3178,"labelLon":141.3341},"geometry":{"type":"MultiPolygon","coordinates":[[[[141.2794,43.8414],[141.3024,43.8412],[141.4611,43.831],[141.6011,43.8053],[141.615,43.801],[141.7594,43.7519],[141.8899,43.6852],[141.9208,43.6661],[141.9994,43.6067],[142.0939,43.5079],[142.1431,43.4356],[141.9994,43.3667],[141.8697,43.3044],[141.7242,43.2342],[141.6164,43.1819],[141.5569,43.1531],[141.5612,43.1406],[141.564,43.1175],[141.5612,43.0944],[141.553,43.0719],[141.5428,43.0558],[141.5395,43.0508],[141.5213,43.0318],[141.4988,43.0154],[141.4727,43.0021],[141.4438,42.9922],[141.4131,42.9862],[141.3814,42.9842],[141.3497,42.9862],[141.3383,42.9878],[141.2711,42.7942],[140.8067,42.8267],[140.525,42.8081],[140.6631,43.1692],[141.0914,43.6383],[141.2794,43.8414]]]]}},{"type":"Feature","properties":{"id":"RJEC","name":"HIDAKA APPROACH","prefixes":["RJEC"],"labelLat":43.127,"labelLon":143.5478},"geometry":{"type":"MultiPolygon","coordinates":[[[[141.9722,44.0239],[142.0126,44.0502],[142.1113,44.1002],[142.1586,44.1186],[142.8072,43.7989],[142.9536,43.8181],[143.5789,43.8978],[143.5856,43.9587],[143.6122,44.0302],[143.6556,44.0974],[143.7145,44.158],[143.7778,44.2044],[144.5033,44.2867],[145.2508,43.6828],[145.3714,43.1747],[144.3697,42.3142],[143.9772,42.315],[143.5919,41.9672],[143.3767,42.1522],[143.1294,42.4025],[142.85,42.5983],[142.8578,42.6689],[142.8399,42.8193],[142.7868,42.9652],[142.7597,43.0153],[142.7,43.1021],[142.6075,43.2047],[141.8594,43.23],[141.7242,43.2342],[141.8697,43.3044],[141.9208,43.6661],[141.9722,44.0239]]]]}},{"type":"Feature","properties":{"id":"RJFO","name":"OITA APPROACH","prefixes":["RJFO"],"labelLat":33.3602,"labelLon":131.758},"geometry":{"type":"MultiPolygon","coordinates":[[[[131.9989,33.9828],[132.0305,33.9552],[132.0726,33.929],[132.1194,33.9092],[132.1697,33.8965],[132.1881,33.8933],[132.1325,33.8061],[132.1117,33.7361],[132.0481,33.5211],[132.0955,33.4766],[132.1428,33.4157],[132.1608,33.3828],[132.2403,33.3961],[132.2524,33.3695],[132.275,33.2875],[132.2803,33.2034],[132.268,33.1199],[132.2386,33.0394],[132.1929,32.9644],[132.1324,32.8971],[132.0588,32.8397],[131.9744,32.7939],[131.8817,32.761],[131.7837,32.742],[131.6832,32.7376],[131.5833,32.7479],[131.4871,32.7725],[131.3974,32.8107],[131.317,32.8614],[131.2484,32.9229],[131.2356,32.9386],[131.3986,33.1219],[131.4842,33.2536],[131.6119,33.3097],[131.6211,33.4058],[131.6317,33.52],[131.6431,33.6389],[131.9078,33.8231],[131.9989,33.9828]]]]}},{"type":"Feature","properties":{"id":"RJFY","name":"KANOYA APPROACH","prefixes":["RJFY"],"labelLat":31.2083,"labelLon":130.7541},"geometry":{"type":"MultiPolygon","coordinates":[[[[130.0898,30.8333],[130.0702,30.8548],[129.9802,30.9778],[129.9165,31.1124],[129.8812,31.2544],[129.8763,31.2975],[130.145,31.3514],[131.1925,31.5614],[131.2056,31.5125],[131.5681,31.5833],[131.5889,31.3931],[131.6217,31.0922],[131.6253,31.0594],[131.6318,31],[130.7626,31],[130.8246,30.8333],[130.0898,30.8333]]]]}},{"type":"Feature","properties":{"id":"RJFZ","name":"TSUIKI APPROACH","prefixes":["RJFZ"],"labelLat":33.6603,"labelLon":131.3479},"geometry":{"type":"MultiPolygon","coordinates":[[[[130.9267,34.1547],[131.0367,34.1761],[131.1572,34.1994],[131.3044,34.2281],[131.7325,34.1886],[131.9325,34.1697],[131.9308,34.1496],[131.9336,34.1061],[131.9454,34.0636],[131.966,34.0236],[131.9947,33.987],[131.9989,33.9828],[131.7947,33.9367],[131.8361,33.8845],[131.8959,33.8314],[131.9078,33.8231],[131.92,33.815],[131.6603,33.3867],[131.6211,33.4058],[131.6119,33.3097],[131.4842,33.2536],[131.2375,33.145],[131.1325,33.0986],[131.1125,33.0975],[131.0244,33.0925],[130.8544,33.3981],[130.8,33.4956],[130.74,33.6031],[130.6969,33.6797],[130.8161,33.7078],[130.7661,33.8531],[130.7889,33.8597],[130.7889,33.8636],[130.794,33.8982],[130.8063,33.9315],[130.8253,33.9625],[130.8506,33.9903],[130.8812,34.0141],[130.9011,34.0258],[130.9267,34.1547]]]]}},{"type":"Feature","properties":{"id":"RJGG","name":"CENTRAIR APPROACH","prefixes":["RJGG","RJGG_N","RJGG_S"],"labelLat":34.9809,"labelLon":136.7618},"geometry":{"type":"MultiPolygon","coordinates":[[[[135.8375,35.1197],[135.8622,35.17],[135.9425,35.2993],[136.049,35.4152],[136.1489,35.4986],[136.1584,35.5148],[136.223,35.6183],[136.3086,35.7111],[136.4126,35.7903],[136.5319,35.8535],[136.6628,35.8989],[136.8014,35.925],[136.9434,35.9311],[137.0846,35.9169],[137.2206,35.883],[137.3473,35.8302],[137.4609,35.7604],[137.5579,35.6754],[137.6354,35.578],[137.6492,35.5583],[137.6909,35.4711],[137.7111,35.4142],[137.7229,35.358],[137.7304,35.242],[137.7131,35.1268],[137.6988,35.0803],[137.6715,35.0157],[137.6514,34.9808],[137.6069,34.9122],[137.5417,34.8394],[137.5207,34.819],[137.4672,34.7756],[137.4583,34.7437],[137.4242,34.6521],[137.4189,34.6433],[137.3703,34.5656],[137.3009,34.4902],[137.2155,34.4249],[137.1583,34.3925],[137.0492,34.3094],[136.7822,34.1044],[136.6831,34.0306],[136.5922,34.0435],[136.423,34.0859],[136.2654,34.1518],[136.1241,34.2392],[136.1131,34.2492],[136.2108,34.3585],[136.2969,34.4828],[136.3181,34.5167],[136.2933,34.5369],[136.1275,34.6719],[135.7931,34.9425],[135.8105,35.0311],[135.8253,35.0847],[135.8375,35.1197]]],[[[136.3412,35.7359],[136.4126,35.7903],[136.5319,35.8535],[136.6628,35.8989],[136.8014,35.925],[136.9434,35.9311],[137.0846,35.9169],[137.2206,35.883],[137.3473,35.8302],[137.4609,35.7604],[137.5579,35.6754],[137.6354,35.578],[137.6492,35.5583],[137.6909,35.4711],[137.7111,35.4142],[137.7229,35.358],[137.7304,35.242],[137.7131,35.1268],[137.6988,35.0803],[137.6715,35.0157],[137.6514,34.9808],[137.6069,34.9122],[137.5417,34.8394],[137.5207,34.819],[136.8991,34.8965],[136.8279,35.1716],[136.7533,35.2912],[136.5303,35.4484],[136.3412,35.7359]]],[[[135.8375,35.1197],[135.8622,35.17],[135.9425,35.2993],[136.049,35.4152],[136.1489,35.4986],[136.1584,35.5148],[136.223,35.6183],[136.3086,35.7111],[136.3412,35.7359],[136.5303,35.4484],[136.7533,35.2912],[136.8279,35.1716],[136.8991,34.8965],[137.5207,34.819],[137.4672,34.7756],[137.4583,34.7437],[137.4242,34.6521],[137.4189,34.6433],[137.3703,34.5656],[137.3009,34.4902],[137.2155,34.4249],[137.1583,34.3925],[137.0492,34.3094],[136.7822,34.1044],[136.6831,34.0306],[136.5922,34.0435],[136.423,34.0859],[136.2654,34.1518],[136.1241,34.2392],[136.1131,34.2492],[136.2108,34.3585],[136.2969,34.4828],[136.3181,34.5167],[136.2933,34.5369],[136.1275,34.6719],[135.7931,34.9425],[135.8105,35.0311],[135.8253,35.0847],[135.8375,35.1197]]]]}},{"type":"Feature","properties":{"id":"RJNH","name":"HAMAMATSU APPROACH","prefixes":["RJNH"],"labelLat":34.4886,"labelLon":137.5345},"geometry":{"type":"MultiPolygon","coordinates":[[[[137.5872,35.0647],[137.6536,35.0772],[137.7242,35.0802],[137.7943,35.0732],[137.8619,35.0562],[137.9249,35.0298],[137.9813,34.9949],[138.0295,34.9524],[138.068,34.9037],[138.0956,34.8503],[138.1115,34.7937],[138.1152,34.7357],[138.1066,34.6781],[138.0874,34.6257],[138.1437,34.6221],[138.183,34.606],[138.2304,34.5941],[138.2795,34.5892],[138.2868,34.5891],[138.2739,34.5602],[138.2431,34.5097],[137.9808,34.1311],[137.0739,33.8969],[137.0656,33.8999],[136.8963,34.0047],[136.7822,34.1044],[137.0492,34.3094],[137.1583,34.3925],[137.2155,34.4249],[137.3009,34.4902],[137.3703,34.5656],[137.3521,34.591],[137.3264,34.6392],[137.3245,34.6444],[137.3086,34.701],[137.3049,34.759],[137.3135,34.8166],[137.3342,34.8721],[137.36,34.9153],[137.3986,34.9518],[137.4307,34.9887],[137.4605,35.0098],[137.5197,35.0415],[137.5848,35.0641],[137.5872,35.0647]]]]}},{"type":"Feature","properties":{"id":"RJNK","name":"KOMATSU APPROACH","prefixes":["RJNK"],"labelLat":36.563,"labelLon":136.1975},"geometry":{"type":"MultiPolygon","coordinates":[[[[135.3961,36.2091],[135.3797,36.2806],[135.3702,36.4255],[135.3922,36.5696],[135.4449,36.7085],[135.5268,36.8378],[135.6354,36.9537],[135.7673,37.0527],[135.9185,37.1318],[136.0845,37.1885],[136.2603,37.2212],[136.4404,37.2288],[136.6194,37.2111],[136.7,37.1945],[137.0155,36.8461],[136.8482,36.7457],[136.8934,36.7041],[136.9524,36.6311],[136.9947,36.5509],[137.019,36.466],[137.0247,36.379],[137.0115,36.2926],[136.9798,36.2093],[136.9307,36.1317],[136.8656,36.0621],[136.7865,36.0027],[136.6957,35.9553],[136.5961,35.9212],[136.4907,35.9016],[136.3826,35.8971],[136.2752,35.9077],[136.1717,35.9332],[136.0753,35.9727],[135.9889,36.0251],[135.9151,36.0888],[135.8879,36.1191],[135.5757,35.8977],[135.4907,36.0055],[135.4202,36.1391],[135.3961,36.2091]]]]}},{"type":"Feature","properties":{"id":"RJOA","name":"HIROSHIMA APPROACH","prefixes":["RJOA"],"labelLat":34.4839,"labelLon":132.9785},"geometry":{"type":"MultiPolygon","coordinates":[[[[132.7664,34.8936],[133.135,34.8933],[133.5833,34.6667],[133.3869,34.1806],[132.5842,34.0742],[132.5294,34.1],[132.5058,34.1106],[132.3833,34.25],[132.3736,34.2908],[132.6483,34.7153],[132.6936,34.7722],[132.7206,34.8233],[132.7664,34.8936]]]]}},{"type":"Feature","properties":{"id":"RJOE","name":"AKENO APPROACH","prefixes":["RJOE"],"labelLat":34.4662,"labelLon":136.8318},"geometry":{"type":"MultiPolygon","coordinates":[[[[136.5214,34.8279],[136.5218,34.8256],[136.5329,34.786],[136.5342,34.7822],[136.5523,34.7485],[136.5793,34.7145],[136.613,34.6847],[136.6526,34.6603],[136.6967,34.6418],[136.7441,34.6299],[136.7933,34.625],[136.8427,34.6271],[136.891,34.6362],[136.8968,34.6379],[137.3264,34.6392],[137.3521,34.591],[137.3703,34.5656],[137.3009,34.4902],[137.2155,34.4249],[137.1583,34.3925],[137.0492,34.3094],[136.7822,34.1044],[136.4994,34.2372],[136.4824,34.2453],[136.4261,34.2802],[136.3781,34.3227],[136.3397,34.3714],[136.3121,34.4248],[136.2969,34.4828],[136.2933,34.5369],[136.3012,34.597],[136.3218,34.6526],[136.3538,34.7043],[136.3967,34.7519],[136.4477,34.7903],[136.5069,34.8219],[136.5214,34.8279]]]]}},{"type":"Feature","properties":{"id":"RJOH","name":"MIHO APPROACH","prefixes":["RJOH"],"labelLat":35.5199,"labelLon":133.207},"geometry":{"type":"MultiPolygon","coordinates":[[[[132.7072,35.8486],[132.7403,35.8803],[132.8289,35.9476],[132.9306,36.0014],[133.0423,36.04],[133.06,36.0456],[133.0789,36.0229],[133.1157,35.9911],[133.1588,35.9649],[133.2069,35.9451],[133.2585,35.9324],[133.312,35.9271],[133.3659,35.9293],[133.4185,35.9391],[133.4681,35.9561],[133.5134,35.9799],[133.5528,36.0096],[133.5569,36.0136],[133.6258,35.9816],[133.7227,35.9222],[133.8054,35.85],[133.8519,35.7958],[133.705,35.7025],[133.7088,35.6969],[133.7436,35.63],[133.7575,35.5853],[133.7637,35.5593],[133.7684,35.4868],[133.7575,35.4148],[133.7314,35.3481],[133.691,35.2807],[133.6373,35.2228],[133.5721,35.1733],[133.4973,35.1337],[133.4153,35.1054],[133.3284,35.089],[133.2394,35.0852],[133.1509,35.0941],[133.0656,35.1153],[133.0342,35.1261],[132.9469,34.9942],[132.8886,35.0211],[132.7918,35.0805],[132.7091,35.1527],[132.643,35.2355],[132.5956,35.3264],[132.5684,35.4226],[132.562,35.5211],[132.5768,35.6191],[132.6123,35.7135],[132.6673,35.8015],[132.7072,35.8486]]]]}},{"type":"Feature","properties":{"id":"RJOI","name":"IWAKUNI APPROACH","prefixes":["RJOI"],"labelLat":34.2197,"labelLon":132.319},"geometry":{"type":"MultiPolygon","coordinates":[[[[131.3997,34.7441],[131.41,34.7537],[131.4593,34.7962],[131.5511,34.8626],[131.7129,34.9496],[131.8905,35.012],[132.0785,35.0479],[132.2082,35.0566],[132.2711,35.0563],[132.4626,35.0368],[132.6439,34.9912],[132.595,34.9103],[132.5397,34.8406],[132.5017,34.7678],[132.325,34.4951],[132.355,34.3692],[132.3924,34.3527],[132.4345,34.3265],[132.4703,34.2946],[132.499,34.2581],[132.5196,34.218],[132.5314,34.1756],[132.5342,34.1321],[132.5294,34.0997],[132.5842,34.0742],[133.2383,34.1609],[133.238,34.1118],[133.2166,33.9677],[133.1654,33.8289],[133.0857,33.6996],[132.9802,33.5836],[132.9003,33.5181],[132.2403,33.3961],[132.1608,33.3828],[132.1428,33.4157],[132.0955,33.4766],[132.0481,33.5211],[132.1117,33.7361],[132.1325,33.8061],[132.1881,33.8933],[132.1697,33.8965],[132.1194,33.9092],[132.0726,33.929],[132.0305,33.9552],[131.9989,33.9828],[131.9947,33.987],[131.966,34.0236],[131.9454,34.0636],[131.9336,34.1061],[131.9308,34.1496],[131.9325,34.1697],[131.9373,34.1928],[131.9526,34.2344],[131.9765,34.2732],[131.9942,34.2941],[131.7664,34.3184],[131.4455,34.5115],[131.5093,34.5919],[131.5634,34.6458],[131.3997,34.7441]]]]}},{"type":"Feature","properties":{"id":"RJOS","name":"TOKUSHIMA APPROACH","prefixes":["RJOS"],"labelLat":33.8887,"labelLon":134.7391},"geometry":{"type":"MultiPolygon","coordinates":[[[[134.8411,34.2167],[135.1614,33.9308],[135.0833,33.7767],[135.0833,33.5606],[134.3167,33.5958],[134.3167,33.9669],[134.3167,34.1933],[134.3256,34.2167],[134.6439,34.2167],[134.8411,34.2167]]]]}},{"type":"Feature","properties":{"id":"RJSK","name":"SHIRAKAMI APPROACH","prefixes":["RJSK"],"labelLat":40.7633,"labelLon":140.4192},"geometry":{"type":"MultiPolygon","coordinates":[[[[140.3892,42.4483],[140.4884,42.4786],[140.6576,42.5124],[140.8322,42.5238],[141.0068,42.5124],[141.1639,42.4828],[141.0311,42.0925],[141.1678,42.0214],[141.3307,41.9643],[141.3842,41.9511],[141.3083,41.7603],[141.2647,41.4889],[141.2533,41.4167],[141.1278,41.4167],[140.9247,41],[140.9203,40.9908],[140.965,40.9651],[141.0003,40.9379],[141.0137,40.9274],[141.0244,40.9154],[141.0322,40.9021],[141.0369,40.888],[141.0382,40.8735],[141.0362,40.8591],[141.0309,40.8451],[141.0225,40.8321],[141.0112,40.8203],[140.9974,40.8103],[140.9958,40.8094],[140.9733,40.8089],[140.7986,40.7386],[140.7911,40.7231],[140.7342,40.37],[140.7164,40.2594],[140.7236,39.9364],[140.7586,39.9184],[140.9479,39.8484],[141.1505,39.8043],[141.36,39.7876],[141.5702,39.7988],[141.7247,39.8247],[141.7728,39.8508],[141.1517,39.0058],[139.9967,39.0028],[139.2939,39.2903],[139.0656,39.4553],[139.6069,40.2911],[139.6347,40.37],[139.9536,41.2644],[140.3892,42.4483]]]]}},{"type":"Feature","properties":{"id":"RJSM","name":"MISAWA APPROACH","prefixes":["RJSM"],"labelLat":40.6021,"labelLon":141.6531},"geometry":{"type":"MultiPolygon","coordinates":[[[[141.1278,41.4167],[142.1389,41.4167],[142.1741,41.3954],[142.3205,41.2805],[142.4383,41.1481],[142.524,41.0021],[142.525,41],[142.575,40.8472],[142.5897,40.6878],[142.5676,40.529],[142.5096,40.3754],[142.4172,40.2319],[142.3651,40.1717],[142.2934,40.1027],[142.1556,40],[142.0482,40],[141.7728,39.8508],[141.7247,39.8247],[141.5702,39.7988],[141.36,39.7876],[141.1505,39.8043],[140.9479,39.8484],[140.7586,39.9184],[140.7236,39.9364],[140.7164,40.2594],[140.7342,40.37],[140.7911,40.7231],[140.7986,40.7386],[140.9203,40.9908],[140.9247,41],[141.1278,41.4167]]]]}},{"type":"Feature","properties":{"id":"RJSN","name":"NIIGATA APPROACH","prefixes":["RJSN"],"labelLat":37.9112,"labelLon":138.9037},"geometry":{"type":"MultiPolygon","coordinates":[[[[138.2094,37.5293],[138.191,37.5545],[138.1161,37.6871],[138.0715,37.828],[138.0587,37.9728],[138.0779,38.1172],[138.1287,38.2568],[138.2094,38.3873],[138.3176,38.5047],[138.4501,38.6056],[138.509,38.6406],[138.5605,38.5825],[138.7757,38.3804],[138.8076,38.3954],[138.9085,38.4308],[139.0157,38.4519],[139.1259,38.458],[139.2358,38.4489],[139.2395,38.4481],[139.342,38.4248],[139.4413,38.3867],[139.5307,38.3355],[139.6075,38.2728],[139.6692,38.2006],[139.7142,38.121],[139.7409,38.0365],[139.7486,37.9496],[139.7458,37.9109],[139.4714,37.8568],[139.6494,37.6898],[139.5932,37.6304],[139.5138,37.5699],[139.4222,37.5212],[139.3212,37.4858],[139.214,37.4647],[139.1038,37.4586],[139.0893,37.459],[139.0467,37.5531],[138.7331,37.1819],[138.5708,37.2444],[138.4218,37.3297],[138.2939,37.4341],[138.2094,37.5293]]]]}},{"type":"Feature","properties":{"id":"RJSS","name":"SENDAI APPROACH","prefixes":["RJSS"],"labelLat":37.8144,"labelLon":141.1456},"geometry":{"type":"MultiPolygon","coordinates":[[[[140.6653,38.3231],[140.8264,38.2697],[140.8241,38.2654],[140.819,38.2514],[140.817,38.237],[140.8183,38.2225],[140.8222,38.21],[141.0222,38.2044],[141.8269,37.9319],[141.6681,37.7875],[141.0644,37.3136],[140.903,37.3058],[140.7194,37.321],[140.7019,37.3242],[140.6932,37.3374],[140.6869,37.3464],[140.7328,37.4603],[140.7116,37.4757],[140.6526,37.5099],[140.587,37.5353],[140.5169,37.5513],[140.4642,37.5567],[140.4642,38.1531],[140.5125,38.1701],[140.5586,38.1944],[140.5985,38.2247],[140.6312,38.2599],[140.6556,38.2991],[140.6653,38.3231]]]]}},{"type":"Feature","properties":{"id":"RJST","name":"MATSUSHIMA APPROACH","prefixes":["RJST"],"labelLat":38.466,"labelLon":141.4882},"geometry":{"type":"MultiPolygon","coordinates":[[[[140.9062,39],[142.1134,39],[142.1342,38.9805],[142.2481,38.8481],[142.331,38.7022],[142.3803,38.5472],[142.3911,38.4792],[141.8269,37.9319],[141.0487,38.1955],[141.0222,38.2044],[141.0171,38.2046],[140.8222,38.21],[140.8183,38.2225],[140.817,38.237],[140.819,38.2514],[140.8241,38.2654],[140.8264,38.2697],[140.6653,38.3231],[140.6709,38.3409],[140.6767,38.3843],[140.6728,38.4277],[140.6594,38.47],[140.6368,38.5098],[140.6057,38.5459],[140.5852,38.5639],[140.9062,39]]]]}},{"type":"Feature","properties":{"id":"RJTU","name":"UTSUNOMIYA APPROACH","prefixes":["RJTU"],"labelLat":36.6146,"labelLon":139.9993},"geometry":{"type":"MultiPolygon","coordinates":[[[[139.65,36.9569],[139.6713,36.965],[139.7768,36.9846],[139.885,36.9891],[139.9919,36.9764],[140.0962,36.953],[140.1927,36.9135],[140.2792,36.8611],[140.3531,36.7974],[140.4121,36.7243],[140.4347,36.6851],[140.3269,36.6311],[140.2214,36.5747],[140.1656,36.5456],[140.166,36.5442],[140.1711,36.5245],[140.1739,36.481],[140.1673,36.4378],[140.1515,36.3961],[140.1269,36.3573],[140.0943,36.3225],[140.0547,36.2928],[140.0092,36.2691],[139.9594,36.2521],[139.9066,36.2423],[139.8525,36.24],[139.7987,36.2453],[139.7469,36.2581],[139.6986,36.2778],[139.6554,36.304],[139.6184,36.3359],[139.5889,36.3724],[139.5678,36.4125],[139.5639,36.4203],[139.65,36.4692],[139.65,36.9569]]]]}},{"type":"Feature","properties":{"id":"RJTY","name":"YOKOTA APPROACH","prefixes":["RJTY"],"labelLat":36.2282,"labelLon":139.0185},"geometry":{"type":"MultiPolygon","coordinates":[[[[139.0467,37.5531],[139.0897,37.4586],[139.515,36.5197],[139.74,35.9883],[139.6961,35.8942],[139.6444,35.5569],[139.7194,35.1933],[139.6383,35.0053],[139.4119,34.9697],[139.2069,34.9372],[138.9969,34.9033],[138.7636,35.0864],[138.7636,36.1531],[138.2969,36.1044],[138.2969,36.5556],[138.6333,37.0639],[138.7336,37.1825],[139.0467,37.5531]]]]}},{"type":"Feature","properties":{"id":"RKPC","name":"JEJU APPROACH","prefixes":["RKPC"],"labelLat":33.6283,"labelLon":126.5834},"geometry":{"type":"MultiPolygon","coordinates":[[[[125.851,33.0032],[125.8354,34.2489],[127.3314,34.2533],[127.3314,33.27],[126.9981,33.0033],[125.851,33.0032]]]]}},{"type":"Feature","properties":{"id":"RKPK","name":"GIMHAE APPROACH","prefixes":["RKPK"],"labelLat":35.0031,"labelLon":129.1644},"geometry":{"type":"MultiPolygon","coordinates":[[[[128.4978,35.5031],[129.0311,35.5031],[129.0894,35.4197],[129.8311,35.4197],[129.7978,35.2364],[128.8644,34.5031],[128.4978,34.5031],[128.4978,35.5031]]]]}},{"type":"Feature","properties":{"id":"RKSS","name":"SEOUL APPROACH","prefixes":["RKSS"],"labelLat":37.3465,"labelLon":126.6063},"geometry":{"type":"MultiPolygon","coordinates":[[[[125.7981,37.2694],[125.5481,37.3528],[126.1647,37.6528],[126.244,37.663],[126.2461,37.6744],[126.2744,37.6981],[126.4925,37.7267],[126.5374,37.7009],[126.6811,37.7194],[126.8811,37.6361],[127.6644,37.9694],[127.6644,37.0417],[127.6144,37.0325],[127.5787,36.9993],[127.5408,36.9677],[127.5009,36.9376],[127.459,36.9093],[127.4154,36.8828],[127.37,36.858],[127.3231,36.8353],[127.2747,36.8144],[127.2251,36.7956],[127.1742,36.779],[127.1223,36.7644],[127.0696,36.752],[127.0161,36.7418],[126.9619,36.7339],[126.9074,36.7282],[126.8525,36.7248],[126.7975,36.7236],[126.7425,36.7248],[126.6876,36.7282],[126.6331,36.7339],[126.5789,36.7418],[126.5254,36.752],[126.4727,36.7644],[126.4208,36.779],[126.3699,36.7956],[126.3203,36.8144],[126.2719,36.8353],[126.225,36.858],[126.1796,36.8828],[126.136,36.9093],[126.0941,36.9376],[126.0542,36.9677],[126.0392,36.9802],[125.8064,36.9478],[125.7981,37.2694]]]]}},{"type":"Feature","properties":{"id":"ROA","name":"ROANOKE APPROACH","prefixes":["ROA"],"labelLat":37.233,"labelLon":-79.3738,"artcc":"ZDC"},"geometry":{"type":"MultiPolygon","coordinates":[[[[-79.2707,37.7813],[-78.6056,37.6294],[-78.5566,37.62],[-78.4792,37.6022],[-78.1719,37.5344],[-78.1666,37.2606],[-78.3867,37.23],[-78.45,37.15],[-78.5917,36.9833],[-79.5525,36.9433],[-79.9208,36.6969],[-80.0708,36.7928],[-80.2594,36.6847],[-80.3236,36.8083],[-80.5019,37.1183],[-80.5811,37.2556],[-80.5272,37.3872],[-79.9897,37.5542],[-79.2707,37.7813]]]]}},{"type":"Feature","properties":{"id":"ROC","name":"ROCHESTER APPROACH","prefixes":["ROC"],"labelLat":42.8504,"labelLon":-77.4625,"artcc":"ZOB"},"geometry":{"type":"MultiPolygon","coordinates":[[[[-78,43.4],[-76.7806,43.4],[-76.7783,43.3544],[-76.9,43.3375],[-76.875,42.8472],[-76.7083,42.775],[-76.7139,42.7389],[-76.8028,42.6083],[-76.8912,42.6406],[-77.0999,42.6583],[-77.5883,42.3008],[-77.8722,42.4458],[-78.1583,42.5917],[-78.1517,42.6758],[-78.1433,42.7731],[-78.1292,42.9444],[-78.1806,43.0944],[-78.2167,43.1917],[-78.2,43.25],[-78,43.4]]]]}},{"type":"Feature","properties":{"id":"ROMY","name":"SAKISHIMA APPROACH","prefixes":["ROMY"],"labelLat":24.8918,"labelLon":125.6539},"geometry":{"type":"MultiPolygon","coordinates":[[[[124.4297,25.04],[124.4396,25.0708],[124.4842,25.1628],[124.5501,25.2635],[124.6528,25.3747],[124.7753,25.4679],[124.9137,25.5405],[125.0638,25.5901],[125.2212,25.6153],[125.381,25.6153],[125.4136,25.6147],[125.4603,25.6058],[125.6147,25.5682],[125.7595,25.5069],[125.7822,25.4972],[126.1294,25.8225],[126.3158,26.0297],[126.3348,26.0126],[126.4103,25.9578],[126.4953,25.9156],[126.5872,25.8873],[126.6832,25.8737],[126.7803,25.8752],[126.7944,25.8747],[126.809,25.8436],[126.8923,25.7193],[126.9984,25.6098],[127.1241,25.5185],[127.2167,25.4669],[126.9825,25.0553],[126.2031,24.9294],[126.2144,24.8587],[126.2144,24.7136],[126.1867,24.5707],[126.132,24.4344],[126.0521,24.3087],[125.9494,24.1976],[125.9222,24.1739],[125.827,24.1043],[125.6886,24.0318],[125.5384,23.9821],[125.381,23.9569],[125.2212,23.9569],[125.0638,23.9821],[125.0356,23.9872],[124.9137,24.0318],[124.8631,24.0542],[124.8369,24.0141],[124.7549,23.9252],[124.6573,23.8506],[124.5469,23.7925],[124.4314,23.7539],[124.3548,23.7992],[124.1711,23.9391],[124.0911,24.0208],[124.0919,25.0489],[124.1742,25.0593],[124.3017,25.0593],[124.4297,25.04]]]]}},{"type":"Feature","properties":{"id":"ROW","name":"ROSWELL APPROACH","prefixes":["ROW"],"labelLat":33.3092,"labelLon":-104.3687,"artcc":"ZAB"},"geometry":{"type":"MultiPolygon","coordinates":[[[[-104.5,33.9508],[-104.1,33.8292],[-103.4875,33.6375],[-103.6917,33.4028],[-103.8,33.3833],[-103.8,33.05],[-103.8,33],[-103.8403,32.8458],[-104.2667,32.6675],[-104.835,32.6675],[-105.25,33.0008],[-105.25,33.5008],[-105.1219,33.6683],[-105,33.8342],[-104.5,33.9508]]]]}},{"type":"Feature","properties":{"id":"RPLC","name":"CLARK APPROACH","prefixes":["RPLC"],"labelLat":14.8628,"labelLon":120.2462},"geometry":{"type":"MultiPolygon","coordinates":[[[[120.1038,14.0382],[119.8824,14.0597],[119.7345,14.6186],[119.6747,14.8186],[119.7465,14.8491],[120.0081,14.9569],[120.2511,15.1564],[120.398,15.3084],[120.398,15.3921],[120.4831,15.4459],[120.4523,15.6843],[120.7211,15.6873],[120.8176,15.4922],[120.8176,15.1436],[120.8176,15.1179],[120.7223,14.9494],[120.398,14.7945],[120.3964,14.7843],[120.397,14.7698],[120.3964,14.7553],[120.398,14.6369],[120.398,14.5779],[120.3369,14.4666],[120.1038,14.0382]]]]}},{"type":"Feature","properties":{"id":"RPLI","name":"LAOAG APPROACH","prefixes":["RPLI"],"labelLat":18.1777,"labelLon":120.3289},"geometry":{"type":"MultiPolygon","coordinates":[[[[120.7743,19.069],[120.7421,18.6378],[120.7836,18.6186],[120.8232,18.5961],[120.8605,18.5703],[120.8954,18.5416],[120.9275,18.5101],[120.9565,18.4761],[120.9823,18.4398],[121.0046,18.4015],[121.0233,18.3615],[121.0383,18.3201],[121.0494,18.2776],[121.0566,18.2343],[121.0597,18.1907],[121.0589,18.1469],[121.054,18.1034],[121.0452,18.0604],[121.0324,18.0183],[121.0159,17.9775],[120.9957,17.9381],[120.972,17.9006],[120.9449,17.8652],[120.9147,17.8322],[120.887,17.8069],[120.8816,17.8018],[120.8459,17.7743],[120.8078,17.7498],[120.7878,17.7424],[120.882,17.3167],[120.8021,17.2933],[120.7205,17.2766],[120.6376,17.2667],[120.5542,17.2637],[120.4708,17.2677],[120.3881,17.2785],[120.3066,17.2961],[120.2271,17.3204],[120.1501,17.3513],[120.0761,17.3883],[120.0058,17.4314],[119.9396,17.4801],[119.8782,17.5341],[119.8218,17.593],[119.771,17.6564],[119.7262,17.7237],[119.7065,17.7601],[119.6876,17.7945],[119.6557,17.8682],[119.6305,17.9443],[119.6125,18.0221],[119.6016,18.1012],[119.598,18.1808],[119.6018,18.2605],[119.6128,18.3395],[119.6311,18.4173],[119.6564,18.4934],[119.6887,18.567],[119.7276,18.6377],[119.773,18.7048],[119.8243,18.768],[119.8814,18.8267],[119.9436,18.8804],[120.0107,18.9287],[120.0819,18.9714],[120.1568,19.0079],[120.2349,19.0381],[120.3154,19.0618],[120.3979,19.0786],[120.4816,19.0886],[120.5659,19.0916],[120.6502,19.0876],[120.7337,19.0767],[120.7743,19.069]]]]}},{"type":"Feature","properties":{"id":"RPLK","name":"BICOL APPROACH","prefixes":["RPLK"],"labelLat":13.2079,"labelLon":123.4073},"geometry":{"type":"MultiPolygon","coordinates":[[[[123.6306,12.3692],[122.4369,13.6683],[122.5842,13.7297],[122.7781,13.8167],[122.9958,13.9108],[123.3102,14.0466],[124.3777,13.6608],[124.3722,12.3719],[124.2572,12.3722],[123.6306,12.3692]]]]}},{"type":"Feature","properties":{"id":"RPLL","name":"MANILA APPROACH","prefixes":["RPLL","RPLL_F","RPLL_N","RPLL_S"],"labelLat":15.4616,"labelLon":121.3275},"geometry":{"type":"MultiPolygon","coordinates":[[[[119.8824,14.0597],[119.7345,14.6186],[119.6747,14.8186],[119.7465,14.8491],[120.0081,14.9569],[120.2511,15.1564],[120.398,15.3084],[120.398,15.3921],[120.4831,15.4459],[120.4523,15.6843],[120.7211,15.6873],[120.8176,15.4922],[120.9074,15.5057],[120.9981,15.5116],[121.089,15.5098],[121.1793,15.5004],[121.2684,15.4834],[121.3557,15.4589],[121.4404,15.4272],[121.4942,15.4017],[121.5218,15.3884],[121.5994,15.3429],[121.6726,15.291],[121.7408,15.2332],[121.8034,15.1698],[121.8601,15.1014],[121.9103,15.0285],[121.9165,15.0084],[122.5014,14.7651],[122.5014,14.6652],[122.0525,14.4969],[122.0478,14.41],[122.0374,14.3389],[122.0353,14.3238],[122.0151,14.239],[121.9873,14.1563],[121.9523,14.0762],[121.9102,13.9993],[121.8614,13.9263],[121.8063,13.8577],[121.7452,13.794],[121.6787,13.7357],[121.6073,13.6832],[121.5314,13.6369],[121.4517,13.5972],[121.3688,13.5644],[121.2833,13.5387],[121.1958,13.5204],[121.107,13.5094],[121.0176,13.506],[120.9282,13.5102],[120.8724,13.5176],[120.8395,13.5219],[120.7522,13.541],[120.6669,13.5675],[120.5843,13.601],[120.5049,13.6414],[120.4295,13.6883],[120.3585,13.7414],[120.3392,13.7569],[120.0514,13.7569],[119.9981,13.8436],[120.1038,14.0382],[119.8824,14.0597]]],[[[120.4322,14.3403],[121.4567,14.9058],[121.5244,14.7897],[121.5942,14.67],[120.5736,14.1003],[120.4322,14.3403]]],[[[120.5022,14.2208],[120.3392,13.7569],[120.2309,13.8643],[120.1277,14.0066],[120.1038,14.0382],[120.3369,14.4666],[120.398,14.5779],[120.398,14.7945],[120.7223,14.9494],[120.8176,15.1179],[120.8176,15.1436],[120.8176,15.4922],[120.9074,15.5057],[120.9981,15.5116],[121.089,15.5098],[121.1793,15.5004],[121.2684,15.4834],[121.3557,15.4589],[121.4404,15.4272],[121.5218,15.3884],[121.5994,15.3429],[121.6726,15.291],[121.7408,15.2332],[121.8034,15.1698],[121.8601,15.1014],[121.9103,15.0285],[121.9165,15.0084],[121.5244,14.7897],[121.4567,14.9058],[120.4322,14.3403],[120.5022,14.2208]]],[[[120.5022,14.2208],[120.3392,13.7569],[120.3585,13.7414],[120.4295,13.6883],[120.5049,13.6414],[120.5843,13.601],[120.6669,13.5675],[120.7522,13.541],[120.8395,13.5219],[120.9282,13.5102],[121.0176,13.506],[121.107,13.5094],[121.1958,13.5204],[121.2833,13.5387],[121.3688,13.5644],[121.4517,13.5972],[121.5314,13.6369],[121.6073,13.6832],[121.6787,13.7357],[121.7452,13.794],[121.8063,13.8577],[121.8614,13.9263],[121.9102,13.9993],[121.9523,14.0762],[121.9873,14.1563],[122.0151,14.239],[122.0374,14.3389],[122.0525,14.4969],[122.0413,14.6621],[122.0035,14.8147],[121.9415,14.9598],[121.9165,15.0084],[121.5244,14.7897],[121.5942,14.67],[120.5736,14.1003],[120.5022,14.2208]]]]}},{"type":"Feature","properties":{"id":"RPMD","name":"DAVAO APPROACH","prefixes":["RPMD"],"labelLat":7.342,"labelLon":125.4865},"geometry":{"type":"MultiPolygon","coordinates":[[[[125.4322,6.7153],[124.9211,6.9047],[124.8475,7.2619],[124.8193,7.9686],[124.9736,7.9686],[125.6983,7.9686],[126.1537,7.2777],[126.1537,6.7154],[125.4322,6.7153]]]]}},{"type":"Feature","properties":{"id":"RPME","name":"BUTUAN APPROACH","prefixes":["RPME"],"labelLat":9.285,"labelLon":125.6256},"geometry":{"type":"MultiPolygon","coordinates":[[[[126.5014,8.5295],[125.5269,8.5258],[124.9606,8.4672],[124.7562,8.8556],[124.7529,8.8789],[124.7497,8.9441],[124.7522,9.0094],[124.7605,9.0742],[124.7745,9.1381],[124.794,9.2005],[124.819,9.261],[124.8493,9.3191],[124.8846,9.3744],[124.9247,9.4264],[124.9692,9.4748],[125.0178,9.5192],[125.0702,9.5592],[125.1259,9.5946],[125.1846,9.625],[125.2457,9.6502],[125.3088,9.6701],[125.3735,9.6845],[125.3811,9.6847],[125.3852,10.1027],[126.5014,10.0901],[126.5014,8.5295]]]]}},{"type":"Feature","properties":{"id":"RPMR","name":"TAMBLER APPROACH","prefixes":["RPMR"],"labelLat":6.2017,"labelLon":125.0606},"geometry":{"type":"MultiPolygon","coordinates":[[[[125.1631,5.4986],[124.8119,5.4986],[124.5478,6.2294],[124.5259,6.2902],[124.5646,6.622],[124.6131,6.6689],[124.9211,6.9047],[125.4322,6.7153],[125.4694,6.7017],[125.5952,5.4986],[125.1631,5.4986]]]]}},{"type":"Feature","properties":{"id":"RPMY","name":"LAGUINDINGAN APPROACH","prefixes":["RPMY"],"labelLat":8.4984,"labelLon":124.5117},"geometry":{"type":"MultiPolygon","coordinates":[[[[124,9.0317],[124.6667,9.0253],[124.7562,8.8556],[124.9606,8.4672],[125.0233,8.3433],[124.9736,7.9686],[124.8193,7.9686],[124.0717,7.965],[124,9.0317]]]]}},{"type":"Feature","properties":{"id":"RPVA","name":"TACLOBAN APPROACH","prefixes":["RPVA"],"labelLat":11.5322,"labelLon":125.0827},"geometry":{"type":"MultiPolygon","coordinates":[[[[124.2572,12.3722],[124.2575,11.8603],[124.2409,11.1007],[124.3104,11.076],[124.3774,11.0454],[124.4414,11.0092],[124.5019,10.9676],[124.5585,10.9211],[124.6107,10.8698],[124.6581,10.8143],[124.7004,10.7549],[124.7373,10.6921],[125.1094,10.8217],[125.7772,10.9383],[125.9245,10.9435],[125.9245,12.3639],[125.36,12.3678],[124.3722,12.3719],[124.2572,12.3722]]]]}},{"type":"Feature","properties":{"id":"RPVB","name":"BACOLOD APPROACH","prefixes":["RPVB"],"labelLat":10.604,"labelLon":122.7698},"geometry":{"type":"MultiPolygon","coordinates":[[[[122.985,9.7906],[122.3847,9.9988],[122.0684,10.7654],[122.3509,11.1621],[123.1443,11.4174],[123.4712,10.9656],[123.4148,10.9187],[123.3628,10.8673],[123.3156,10.8115],[123.2735,10.752],[123.2369,10.689],[123.206,10.6232],[123.1811,10.5549],[123.1624,10.4848],[123.1499,10.4134],[123.1438,10.3411],[123.1442,10.2686],[123.1022,10.1428],[122.985,9.7906]]]]}},{"type":"Feature","properties":{"id":"RPVK","name":"KALIBO APPROACH","prefixes":["RPVK"],"labelLat":11.7657,"labelLon":122.4209},"geometry":{"type":"MultiPolygon","coordinates":[[[[121.6975,12.3642],[122.4099,12.3693],[123.1443,11.4174],[122.3511,11.1621],[121.7001,11.8163],[121.6975,12.3642]]]]}},{"type":"Feature","properties":{"id":"RPVM","name":"MACTAN APPROACH","prefixes":["RPVM","RPVM_S"],"labelLat":10.1099,"labelLon":123.858},"geometry":{"type":"MultiPolygon","coordinates":[[[[123.7039,9.0818],[123.3011,9.1169],[122.884,9.4637],[122.985,9.7906],[123.1022,10.1428],[123.1442,10.2686],[123.1438,10.3411],[123.1499,10.4134],[123.1624,10.4848],[123.1811,10.5549],[123.206,10.6232],[123.2369,10.689],[123.2735,10.752],[123.3156,10.8115],[123.3628,10.8673],[123.4148,10.9187],[123.4712,10.9656],[123.5315,11.0074],[123.5954,11.0438],[123.6622,11.0747],[123.7315,11.0997],[123.8029,11.1186],[123.8756,11.1314],[123.9492,11.1379],[124.0231,11.138],[124.0967,11.1319],[124.1695,11.1194],[124.2409,11.1007],[124.3104,11.076],[124.3774,11.0454],[124.4414,11.0092],[124.5019,10.9676],[124.5585,10.9211],[124.6107,10.8698],[124.6581,10.8143],[124.7004,10.7549],[124.7373,10.6921],[124.7685,10.6263],[124.7937,10.5582],[124.8127,10.4882],[124.8255,10.4167],[124.8319,10.3445],[124.8318,10.2719],[124.8254,10.1998],[124.8125,10.1284],[124.7934,10.0584],[124.7682,9.9903],[124.7371,9.9246],[124.7003,9.8618],[124.6581,9.8024],[124.6108,9.7468],[124.5588,9.6956],[124.5025,9.6489],[124.4423,9.6073],[124.3786,9.571],[124.312,9.5403],[124.243,9.5154],[124.172,9.4966],[124.099,9.4839],[124.0469,9.4781],[124.0542,9.3747],[123.9624,9.1596],[123.7039,9.0818]]],[[[123.3011,9.117],[123.2288,9.4775],[123.7498,9.8993],[124.0176,9.8959],[124.047,9.4782],[124.0543,9.3747],[123.9622,9.1597],[123.7037,9.0818],[123.3011,9.117]]]]}},{"type":"Feature","properties":{"id":"RST","name":"ROCHESTER APPROACH","prefixes":["RST"],"labelLat":43.7784,"labelLon":-92.5857,"artcc":"ZMP"},"geometry":{"type":"MultiPolygon","coordinates":[[[[-92.7525,44.3456],[-92.2792,44.1083],[-91.7833,43.8083],[-91.9667,43.6],[-92.0583,43.4889],[-92.2667,43.275],[-92.6528,43.2417],[-92.8722,43.2111],[-93.215,43.4261],[-93.3881,43.5333],[-93.3106,44.2717],[-92.8728,44.2661],[-92.7525,44.3456]]]]}},{"type":"Feature","properties":{"id":"RSW","name":"FORT MYERS APPROACH","prefixes":["RSW"],"labelLat":26.5,"labelLon":-82.4411,"artcc":"ZMA"},"geometry":{"type":"MultiPolygon","coordinates":[[[[-82.3083,25.85],[-82.2997,25.9578],[-82.2831,26.1667],[-82.3894,26.3922],[-82.4411,26.5],[-82.4944,26.6117],[-82.6167,26.9236],[-82.6456,26.9889],[-82.5433,26.9844],[-82.4458,26.9883],[-82.3508,27.0003],[-82.2647,27.0164],[-82.2539,27.0183],[-82.1619,27.0447],[-82.0883,27.0714],[-82.1011,27.0972],[-82.0181,27.1036],[-81.85,27.1167],[-81.7917,27.0947],[-81.5431,27.0006],[-81.425,26.9467],[-81.3669,26.9236],[-81.3167,26.9],[-81.0875,26.3708],[-81.3719,26.3283],[-81.4158,25.8136],[-81.4167,25.7833],[-81.4942,25.7836],[-82.3083,25.7833],[-82.3083,25.85]]]]}},{"type":"Feature","properties":{"id":"S46","name":"SEATTLE APPROACH","prefixes":["SEA"],"labelLat":47.4551,"labelLon":-122.4006,"artcc":"ZSE"},"geometry":{"type":"MultiPolygon","coordinates":[[[[-123.2331,46.8305],[-122.7215,46.7419],[-122.2992,46.667],[-121.9667,46.9167],[-121.8592,47.0072],[-121.6281,47.2389],[-121.5167,47.35],[-121.5167,47.5167],[-121.6067,47.6725],[-121.7,47.8333],[-121.9667,48],[-121.9725,48.2432],[-122.4056,48.2315],[-122.5266,48.0862],[-122.7797,48],[-122.8833,47.9167],[-122.9773,47.4901],[-123,47.3833],[-123.1664,47.3819],[-123.2846,47.2465],[-123.2331,46.8305]]]]}},{"type":"Feature","properties":{"id":"S56","name":"SALT LAKE APPROACH","prefixes":["SLC"],"labelLat":40.7589,"labelLon":-112.121,"artcc":"ZLC"},"geometry":{"type":"MultiPolygon","coordinates":[[[[-112.7367,41.1792],[-112.6508,41.1167],[-112.6508,41.0167],[-112.65,40.9],[-112.6519,40.6939],[-112.6175,40.5167],[-112.5989,40.4258],[-112.5833,40.3333],[-112.5625,40.3159],[-112.421,40.1928],[-112.293,40.0814],[-112.2496,40.0588],[-112.0148,39.9343],[-111.9797,39.9156],[-111.9376,39.9053],[-111.8262,39.8781],[-111.7836,39.8781],[-111.5053,40.1567],[-111.5167,40.3544],[-111.6236,40.3544],[-111.625,40.4678],[-111.6333,41.2],[-112.0042,41.4817],[-111.9672,41.505],[-111.9458,41.5447],[-111.955,41.5864],[-111.9861,41.6214],[-112.0392,41.6397],[-112.0919,41.6389],[-112.1308,41.6256],[-112.1417,41.6197],[-112.1714,41.5839],[-112.1692,41.5486],[-112.3169,41.5475],[-112.5392,41.4097],[-112.6236,41.3522],[-112.7086,41.2942],[-112.7367,41.1792]]]]}},{"type":"Feature","properties":{"id":"SAT","name":"SAN ANTONIO APPROACH","prefixes":["SAT"],"labelLat":29.4296,"labelLon":-98.3383,"artcc":"ZHU"},"geometry":{"type":"MultiPolygon","coordinates":[[[[-97.6537,28.9426],[-97.577,29.0111],[-97.51,29.0872],[-97.6885,29.1921],[-97.6861,29.1944],[-97.877,29.3024],[-97.8875,29.3085],[-97.8256,29.5303],[-97.8083,29.5917],[-97.7944,29.7167],[-97.7917,29.7667],[-97.8042,29.8028],[-97.8833,29.9167],[-97.9492,29.9519],[-98.25,30.1167],[-98.5667,30.1167],[-98.675,30.1167],[-98.7778,30.0417],[-99.0167,29.8667],[-99.1333,29.7556],[-99.1667,29.7],[-98.9333,29.15],[-98.9,29.0667],[-98.7722,28.9833],[-98.6667,28.9167],[-98.3575,28.9208],[-98.2,28.9211],[-98.1969,28.9218],[-98.1542,28.7825],[-98.1419,28.7425],[-98.0349,28.7613],[-97.9311,28.7913],[-97.926,28.7934],[-97.8321,28.8318],[-97.7392,28.8825],[-97.6537,28.9426]]]]}},{"type":"Feature","properties":{"id":"SAV","name":"SAVANNAH APPROACH","prefixes":["SAV"],"labelLat":32.0465,"labelLon":-81.2416,"artcc":"ZJX"},"geometry":{"type":"MultiPolygon","coordinates":[[[[-81.025,32.5],[-80.9333,32.3333],[-80.8167,32.2792],[-80.7094,32.225],[-80.6964,32.2189],[-80.6333,32.1583],[-80.4833,32],[-80.5683,31.8375],[-80.6483,31.6836],[-80.6833,31.6167],[-80.7967,31.4597],[-81.1911,31.4597],[-81.4333,31.4597],[-81.4333,31.5917],[-81.7972,31.5917],[-82,31.85],[-82,32.025],[-81.7333,32.3292],[-81.5528,32.5333],[-81.4958,32.5958],[-81.4625,32.6333],[-81.0222,32.6333],[-81.025,32.5]]]]}},{"type":"Feature","properties":{"id":"SBA","name":"SANTA BARBARA APPROACH","prefixes":["SBA"],"labelLat":34.8166,"labelLon":-120.3328,"artcc":"ZLA"},"geometry":{"type":"MultiPolygon","coordinates":[[[[-121.2372,35.3717],[-120.85,35.5333],[-120.7083,35.4028],[-120.5278,35.4028],[-120.3333,35.5],[-120.1042,35.1],[-119.7208,34.5833],[-119.5,34.5833],[-119.4156,34.4361],[-119.4156,34.2917],[-119.6667,34.1167],[-120,34.1167],[-120,34.1333],[-120.4167,34.1333],[-120.5,34.1],[-120.7836,34.3228],[-121.25,34.95],[-120.9147,35.1019],[-121.2372,35.3717]]]]}},{"type":"Feature","properties":{"id":"SBN","name":"SOUTH BEND APPROACH","prefixes":["SBN"],"labelLat":41.6778,"labelLon":-86.3363,"artcc":"ZAU"},"geometry":{"type":"MultiPolygon","coordinates":[[[[-87.2019,41.3503],[-87.1,41.2833],[-87.0236,41.2208],[-86.8439,41.1386],[-86.7,41.0667],[-86.4083,41.0333],[-86.1169,40.9667],[-86.1175,41.1592],[-86.1178,41.2194],[-85.9386,41.3733],[-85.9333,41.3778],[-85.4708,41.4489],[-85.4708,41.6708],[-85.4917,41.7417],[-85.5944,41.8667],[-85.6833,41.9667],[-85.8417,41.9333],[-86.025,42.1625],[-86.0208,42.2667],[-86.0139,42.3889],[-86.2003,42.3872],[-86.3167,42.3833],[-87,42.3569],[-87.0583,42.2361],[-87.0594,42.0689],[-87.0583,42.0256],[-87.0583,41.7],[-87.1342,41.4342],[-87.1367,41.4311],[-87.2019,41.3503]]]]}},{"type":"Feature","properties":{"id":"SBWQ","name":"BOA VISTA CONTROL","prefixes":["SBWQ"],"labelLat":2.8521,"labelLon":-60.6868},"geometry":{"type":"MultiPolygon","coordinates":[[[[-60.7009,3.5219],[-60.659,3.5215],[-60.6172,3.5184],[-60.5757,3.5127],[-60.5346,3.5043],[-60.4942,3.4934],[-60.4545,3.48],[-60.4157,3.4641],[-60.378,3.4458],[-60.3416,3.4251],[-60.3064,3.4022],[-60.2728,3.377],[-60.2409,3.3499],[-60.2106,3.3207],[-60.1823,3.2897],[-60.156,3.257],[-60.1317,3.2227],[-60.1097,3.1869],[-60.0899,3.1498],[-60.0725,3.1115],[-60.0575,3.0722],[-60.045,3.0321],[-60.0351,2.9912],[-60.0277,2.9498],[-60.0229,2.908],[-60.0207,2.8659],[-60.0212,2.8239],[-60.0243,2.7819],[-60.03,2.7402],[-60.0383,2.6989],[-60.0491,2.6583],[-60.0625,2.6184],[-60.0783,2.5795],[-60.0966,2.5416],[-60.1171,2.5049],[-60.1399,2.4696],[-60.1649,2.4359],[-60.1919,2.4037],[-60.2209,2.3734],[-60.2517,2.3449],[-60.2842,2.3184],[-60.3183,2.294],[-60.3539,2.2719],[-60.3908,2.252],[-60.4288,2.2345],[-60.4679,2.2194],[-60.5078,2.2068],[-60.5484,2.1968],[-60.5896,2.1893],[-60.6312,2.1845],[-60.6729,2.1823],[-60.7148,2.1827],[-60.7565,2.1858],[-60.7979,2.1915],[-60.839,2.1999],[-60.8794,2.2107],[-60.919,2.2242],[-60.9578,2.24],[-60.9954,2.2584],[-61.0319,2.279],[-61.067,2.3019],[-61.1006,2.327],[-61.1325,2.3542],[-61.1628,2.3833],[-61.1911,2.4142],[-61.2174,2.4469],[-61.2417,2.4812],[-61.2638,2.517],[-61.2835,2.5541],[-61.301,2.5923],[-61.316,2.6316],[-61.3285,2.6718],[-61.3385,2.7126],[-61.346,2.754],[-61.3508,2.7959],[-61.353,2.8379],[-61.3526,2.88],[-61.3496,2.9219],[-61.3439,2.9636],[-61.3357,3.0049],[-61.3249,3.0456],[-61.3115,3.0854],[-61.2957,3.1244],[-61.2775,3.1623],[-61.257,3.199],[-61.2342,3.2343],[-61.2093,3.2681],[-61.1822,3.3003],[-61.1533,3.3307],[-61.1225,3.3592],[-61.0899,3.3857],[-61.0558,3.41],[-61.0202,3.4322],[-60.9833,3.4521],[-60.9452,3.4697],[-60.9061,3.4848],[-60.8662,3.4973],[-60.8255,3.5074],[-60.7843,3.5148],[-60.7427,3.5197],[-60.7009,3.5219]]]]}},{"type":"Feature","properties":{"id":"SBXK","name":"MACAPA CONTROL","prefixes":["SBXK"],"labelLat":0.0522,"labelLon":-51.0731},"geometry":{"type":"MultiPolygon","coordinates":[[[[-51.0731,0.6385],[-51.0609,0.6383],[-51.0487,0.6379],[-51.0365,0.6373],[-51.0244,0.6364],[-51.0122,0.6352],[-51.0001,0.6338],[-50.988,0.6322],[-50.976,0.6302],[-50.964,0.6281],[-50.952,0.6256],[-50.9401,0.623],[-50.9283,0.62],[-50.9165,0.6169],[-50.9048,0.6134],[-50.8932,0.6098],[-50.8816,0.6058],[-50.8701,0.6017],[-50.8587,0.5973],[-50.8475,0.5927],[-50.8363,0.5878],[-50.8252,0.5827],[-50.8142,0.5773],[-50.8033,0.5717],[-50.7926,0.5659],[-50.782,0.5599],[-50.7715,0.5537],[-50.7611,0.5472],[-50.7509,0.5405],[-50.7408,0.5336],[-50.7308,0.5265],[-50.7211,0.5192],[-50.7114,0.5117],[-50.7019,0.5039],[-50.6926,0.496],[-50.6835,0.4879],[-50.6745,0.4796],[-50.6657,0.4711],[-50.6571,0.4624],[-50.6486,0.4535],[-50.6404,0.4445],[-50.6323,0.4353],[-50.6244,0.4259],[-50.6168,0.4164],[-50.6093,0.4067],[-50.602,0.3968],[-50.595,0.3868],[-50.5881,0.3766],[-50.5815,0.3663],[-50.575,0.3559],[-50.5688,0.3453],[-50.5628,0.3347],[-50.5571,0.3238],[-50.5515,0.3129],[-50.5462,0.3018],[-50.5412,0.2907],[-50.5363,0.2794],[-50.5317,0.268],[-50.5273,0.2566],[-50.5232,0.245],[-50.5193,0.2334],[-50.5157,0.2217],[-50.5123,0.2099],[-50.5091,0.198],[-50.5062,0.1861],[-50.5035,0.1741],[-50.5011,0.1621],[-50.499,0.15],[-50.4971,0.1379],[-50.4954,0.1257],[-50.494,0.1135],[-50.4929,0.1013],[-50.492,0.0891],[-50.4913,0.0768],[-50.491,0.0645],[-50.4908,0.0522],[-50.491,0.04],[-50.4913,0.0277],[-50.492,0.0154],[-50.4929,0.0032],[-50.494,-0.009],[-50.4954,-0.0212],[-50.4971,-0.0334],[-50.499,-0.0455],[-50.5011,-0.0576],[-50.5035,-0.0696],[-50.5062,-0.0816],[-50.5091,-0.0935],[-50.5123,-0.1054],[-50.5157,-0.1172],[-50.5193,-0.1289],[-50.5232,-0.1405],[-50.5273,-0.1521],[-50.5317,-0.1636],[-50.5363,-0.1749],[-50.5412,-0.1862],[-50.5462,-0.1973],[-50.5515,-0.2084],[-50.5571,-0.2193],[-50.5628,-0.2302],[-50.5688,-0.2409],[-50.575,-0.2514],[-50.5815,-0.2619],[-50.5881,-0.2722],[-50.595,-0.2823],[-50.602,-0.2923],[-50.6093,-0.3022],[-50.6168,-0.3119],[-50.6244,-0.3214],[-50.6323,-0.3308],[-50.6404,-0.34],[-50.6486,-0.349],[-50.6571,-0.3579],[-50.6657,-0.3666],[-50.6745,-0.3751],[-50.6835,-0.3834],[-50.6926,-0.3915],[-50.7019,-0.3994],[-50.7114,-0.4072],[-50.7211,-0.4147],[-50.7308,-0.422],[-50.7408,-0.4291],[-50.7509,-0.436],[-50.7611,-0.4427],[-50.7715,-0.4492],[-50.782,-0.4554],[-50.7926,-0.4615],[-50.8033,-0.4673],[-50.8142,-0.4728],[-50.8252,-0.4782],[-50.8363,-0.4833],[-50.8475,-0.4882],[-50.8588,-0.4928],[-50.8701,-0.4972],[-50.8816,-0.5014],[-50.8932,-0.5053],[-50.9048,-0.5089],[-50.9165,-0.5124],[-50.9283,-0.5155],[-50.9401,-0.5185],[-50.952,-0.5212],[-50.964,-0.5236],[-50.976,-0.5258],[-50.988,-0.5277],[-51.0001,-0.5293],[-51.0122,-0.5308],[-51.0244,-0.5319],[-51.0365,-0.5328],[-51.0487,-0.5335],[-51.0609,-0.5338],[-51.0731,-0.534],[-51.0853,-0.5338],[-51.0975,-0.5335],[-51.1097,-0.5328],[-51.1218,-0.5319],[-51.134,-0.5308],[-51.1461,-0.5293],[-51.1582,-0.5277],[-51.1702,-0.5258],[-51.1822,-0.5236],[-51.1942,-0.5212],[-51.2061,-0.5185],[-51.2179,-0.5155],[-51.2297,-0.5124],[-51.2414,-0.5089],[-51.2531,-0.5053],[-51.2646,-0.5014],[-51.2761,-0.4972],[-51.2875,-0.4928],[-51.2988,-0.4882],[-51.31,-0.4833],[-51.321,-0.4782],[-51.332,-0.4728],[-51.3429,-0.4673],[-51.3536,-0.4615],[-51.3643,-0.4554],[-51.3748,-0.4492],[-51.3851,-0.4427],[-51.3954,-0.436],[-51.4054,-0.4291],[-51.4154,-0.422],[-51.4252,-0.4147],[-51.4348,-0.4072],[-51.4443,-0.3994],[-51.4536,-0.3915],[-51.4627,-0.3834],[-51.4717,-0.3751],[-51.4805,-0.3666],[-51.4891,-0.3579],[-51.4976,-0.349],[-51.5058,-0.34],[-51.5139,-0.3308],[-51.5218,-0.3214],[-51.5295,-0.3119],[-51.5369,-0.3022],[-51.5442,-0.2923],[-51.5513,-0.2823],[-51.5581,-0.2722],[-51.5648,-0.2619],[-51.5712,-0.2514],[-51.5774,-0.2409],[-51.5834,-0.2302],[-51.5891,-0.2193],[-51.5947,-0.2084],[-51.6,-0.1973],[-51.6051,-0.1862],[-51.6099,-0.1749],[-51.6145,-0.1636],[-51.6189,-0.1521],[-51.623,-0.1405],[-51.6269,-0.1289],[-51.6305,-0.1172],[-51.634,-0.1054],[-51.6371,-0.0935],[-51.64,-0.0816],[-51.6427,-0.0696],[-51.6451,-0.0576],[-51.6472,-0.0455],[-51.6492,-0.0334],[-51.6508,-0.0212],[-51.6522,-0.009],[-51.6534,0.0032],[-51.6543,0.0154],[-51.6549,0.0277],[-51.6553,0.04],[-51.6554,0.0522],[-51.6553,0.0645],[-51.6549,0.0768],[-51.6543,0.0891],[-51.6534,0.1013],[-51.6522,0.1135],[-51.6508,0.1257],[-51.6492,0.1379],[-51.6472,0.15],[-51.6451,0.1621],[-51.6427,0.1741],[-51.64,0.1861],[-51.6371,0.198],[-51.634,0.2099],[-51.6306,0.2217],[-51.6269,0.2334],[-51.623,0.245],[-51.6189,0.2566],[-51.6145,0.268],[-51.6099,0.2794],[-51.6051,0.2907],[-51.6,0.3018],[-51.5947,0.3129],[-51.5891,0.3238],[-51.5834,0.3347],[-51.5774,0.3453],[-51.5712,0.3559],[-51.5648,0.3663],[-51.5581,0.3766],[-51.5513,0.3868],[-51.5442,0.3968],[-51.5369,0.4067],[-51.5295,0.4164],[-51.5218,0.4259],[-51.5139,0.4353],[-51.5058,0.4445],[-51.4976,0.4535],[-51.4892,0.4624],[-51.4805,0.4711],[-51.4717,0.4796],[-51.4627,0.4879],[-51.4536,0.496],[-51.4443,0.5039],[-51.4348,0.5117],[-51.4252,0.5192],[-51.4154,0.5265],[-51.4054,0.5336],[-51.3954,0.5405],[-51.3851,0.5472],[-51.3748,0.5537],[-51.3643,0.5599],[-51.3536,0.5659],[-51.3429,0.5717],[-51.332,0.5773],[-51.321,0.5827],[-51.31,0.5878],[-51.2988,0.5927],[-51.2875,0.5973],[-51.2761,0.6017],[-51.2646,0.6058],[-51.2531,0.6098],[-51.2414,0.6134],[-51.2297,0.6169],[-51.2179,0.62],[-51.2061,0.623],[-51.1942,0.6256],[-51.1822,0.6281],[-51.1702,0.6302],[-51.1582,0.6322],[-51.1461,0.6338],[-51.134,0.6352],[-51.1218,0.6364],[-51.1097,0.6373],[-51.0975,0.6379],[-51.0853,0.6383],[-51.0731,0.6385]]]]}},{"type":"Feature","properties":{"id":"SCT","name":"SOCAL APPROACH","prefixes":["BUR","LAX","ONT","PSP","SAN","SCT","SNA"],"labelLat":34.5972,"labelLon":-118.4333,"artcc":"ZLA"},"geometry":{"type":"MultiPolygon","coordinates":[[[[-119.1024,34.5128],[-118.8513,34.534],[-118.8375,34.5125],[-118.6333,34.525],[-118.4333,34.5972],[-118.3625,34.5083],[-118.2584,34.5459],[-118.1084,34.3417],[-118.15,34.2708],[-117.9999,34.1668],[-118.0005,34.0459],[-118.1388,34.0459],[-118.2499,34.0797],[-118.3266,34.0744],[-118.407,34.0132],[-118.4339,33.9902],[-118.4567,34.0103],[-118.4528,34.0476],[-118.5582,34.0581],[-118.7746,34.0905],[-118.8167,34.2083],[-118.9944,34.3806],[-119.1024,34.5128]]],[[[-118.95,34.2083],[-118.725,34.2084],[-118.6833,34.1],[-118.5324,34.1001],[-118.5407,34.0865],[-118.1485,34.0869],[-118.0107,34.0459],[-117.8166,34.0458],[-117.5773,34.1503],[-117.4514,34.2054],[-117.3875,34.2333],[-117.3629,34.2517],[-117.1879,34.1745],[-117.1494,34.1669],[-117.0296,34.1048],[-117.0056,33.7956],[-117.1763,33.7991],[-117.2199,33.8062],[-117.2333,33.8083],[-117.3197,33.8123],[-117.4075,33.8136],[-117.6001,33.8167],[-117.7083,33.8583],[-117.75,33.8889],[-117.825,33.8917],[-117.8958,33.8664],[-117.925,33.8666],[-117.9875,33.8292],[-118.035,33.8184],[-118.0662,33.8112],[-118.1375,33.8083],[-118.2035,33.8668],[-118.2436,33.89],[-118.2875,33.9083],[-118.3033,33.9113],[-118.3415,33.925],[-118.3751,33.9303],[-118.4081,33.9626],[-118.4149,33.9693],[-118.625,33.9583],[-118.7109,33.9687],[-118.9228,33.9955],[-118.9414,34.0182],[-118.9417,34.1],[-118.95,34.2083]]],[[[-118.9454,34.1471],[-118.9417,34.1],[-118.9414,34.0182],[-118.9417,33.9083],[-118.8334,33.7558],[-118.7875,33.6916],[-118.7667,33.6584],[-118.7834,33.475],[-118.4939,33.2186],[-118.4175,33.2764],[-118.2496,33.2503],[-118.1268,33.4093],[-118.1246,33.4496],[-118.0727,33.4753],[-118.0231,33.5341],[-117.9178,33.5992],[-117.8159,33.6437],[-117.8932,33.7006],[-117.8675,33.734],[-117.9875,33.8292],[-117.925,33.8666],[-118.0376,33.8667],[-118.0303,33.9028],[-118.0302,33.9172],[-118.1389,34.0459],[-118.2721,34.0865],[-118.3117,34.0865],[-118.3248,34.0864],[-118.4468,34.0866],[-118.4337,34.0629],[-118.4528,34.0476],[-118.5582,34.0581],[-118.5324,34.1001],[-118.8173,34.1],[-118.9454,34.1471]]],[[[-118.15,34.2708],[-118.1083,34.3417],[-117.8499,34.4584],[-117.6782,34.4618],[-117.6563,34.544],[-117.6025,34.5341],[-117.1803,34.4033],[-116.8833,34.1667],[-116.3458,34.175],[-116.2613,34.1133],[-116.1869,34.0581],[-116.0866,33.9829],[-116.0208,33.9333],[-115.9503,33.8787],[-115.8169,33.7752],[-115.9644,33.5997],[-115.8434,33.5422],[-116.1778,33.4452],[-116.3083,33.575],[-116.56,33.599],[-116.8333,33.625],[-116.8124,33.4333],[-117.2792,33.4584],[-117.4668,33.6667],[-117.6001,33.6792],[-117.6001,33.8167],[-117.7083,33.8583],[-117.75,33.8889],[-117.825,33.8917],[-117.8797,33.8721],[-117.8958,33.8664],[-117.925,33.8666],[-117.9099,33.901],[-117.9054,33.9167],[-117.9019,33.9295],[-117.8931,33.9611],[-117.9007,34.0125],[-118.0107,34.0459],[-118.1474,34.0871],[-118.0997,34.0863],[-118.1,34.2362],[-118.1,34.2362],[-118.15,34.2708]]],[[[-116.8833,34.1667],[-116.3458,34.175],[-116.3373,34.1689],[-116.314,34.1523],[-116.2613,34.1133],[-116.2082,34.0739],[-116.1551,34.0345],[-116.112,34.002],[-116.0689,33.9695],[-116.0208,33.9333],[-115.8169,33.7752],[-115.9644,33.5997],[-115.9199,33.5786],[-115.8753,33.5576],[-115.8434,33.5422],[-116.1778,33.4452],[-116.3083,33.575],[-116.8333,33.625],[-116.8333,33.6332],[-116.8334,33.7667],[-116.8348,33.7763],[-116.8359,33.7857],[-116.843,33.8419],[-116.8446,33.8547],[-116.845,33.8579],[-116.8566,33.9505],[-116.8587,33.9678],[-116.8648,34.0171],[-116.8669,34.0344],[-116.8813,34.1501],[-116.8833,34.1667]]],[[[-117.8685,33.0815],[-117.6234,33.2282],[-117.5337,33.3213],[-117.4279,33.3403],[-117.2792,33.4584],[-116.8124,33.4333],[-116.5962,33.246],[-116.4831,32.9668],[-116.4832,32.5884],[-117.1236,32.5341],[-117.3142,32.4467],[-117.5008,32.525],[-117.65,32.8],[-117.6953,32.8833],[-117.8685,33.0815]]],[[[-119.1024,34.5128],[-118.8513,34.534],[-118.8375,34.5125],[-118.6333,34.525],[-118.4333,34.5972],[-118.3625,34.5083],[-118.2584,34.5459],[-118.1083,34.3417],[-117.8499,34.4584],[-117.6782,34.4618],[-117.6563,34.544],[-117.6025,34.5341],[-117.1803,34.4033],[-116.8833,34.1667],[-116.3458,34.175],[-115.8169,33.7752],[-115.9644,33.5997],[-115.8434,33.5422],[-116.1778,33.4452],[-116.3083,33.575],[-116.8333,33.625],[-116.8125,33.4333],[-116.5962,33.246],[-116.4831,32.9668],[-116.4832,32.5884],[-117.1236,32.5341],[-117.3142,32.4467],[-117.5008,32.525],[-117.7035,32.8928],[-117.98,33.2083],[-118.4175,33.2764],[-118.4939,33.2186],[-118.7834,33.475],[-118.7667,33.6584],[-118.9417,33.9083],[-118.95,34.2083],[-118.8167,34.2083],[-118.9944,34.3806],[-119.1024,34.5128]]],[[[-118.2496,33.2503],[-117.98,33.2083],[-117.8685,33.0815],[-117.6489,33.2113],[-117.6198,33.2282],[-117.5398,33.2293],[-117.2929,33.1912],[-117.3459,33.2667],[-117.4279,33.3403],[-117.382,33.3751],[-117.2792,33.4584],[-117.375,33.5648],[-117.4668,33.6667],[-117.6001,33.6792],[-117.6001,33.8167],[-117.7583,33.9164],[-117.9054,33.9167],[-117.9065,33.9131],[-118.0303,33.9078],[-118.0303,33.9028],[-118.0376,33.8667],[-118.0962,33.8667],[-118.25,33.8667],[-118.3444,33.8042],[-118.3417,33.7708],[-118.3417,33.6958],[-118.3836,33.6924],[-118.3602,33.5924],[-118.3292,33.5482],[-118.2044,33.4981],[-118.1246,33.4496],[-118.1268,33.4093],[-118.2496,33.2503]]]]}},{"type":"Feature","properties":{"id":"SDF","name":"LOUISVILLE APPROACH","prefixes":["SDF"],"labelLat":38.2203,"labelLon":-85.8583,"artcc":"ZID"},"geometry":{"type":"MultiPolygon","coordinates":[[[[-85.1019,38.5257],[-84.9667,38.4733],[-85.1527,38.2112],[-85.0695,37.8395],[-85.0441,37.7257],[-85.0041,37.5816],[-85.4396,37.5529],[-85.9833,37.5167],[-86.5478,37.4844],[-86.5667,37.6583],[-86.5944,37.9306],[-86.65,38.3542],[-86.7125,38.6083],[-86.75,38.7],[-86.7452,38.7362],[-86.3719,38.8965],[-85.7266,38.9522],[-85.4987,38.9563],[-85.4605,38.9172],[-85.4609,38.8335],[-85.4622,38.6683],[-85.3136,38.6103],[-85.2915,38.601],[-85.2714,38.5935],[-85.1019,38.5257]]]]}},{"type":"Feature","properties":{"id":"SGF","name":"SPRINGFIELD & MIZZOU APPROACH","prefixes":["SGF","SGF_S"],"labelLat":37.9735,"labelLon":-92.5476,"artcc":"ZKC"},"geometry":{"type":"MultiPolygon","coordinates":[[[[-91.8928,39.5636],[-91.0453,39.145],[-91.0611,39.1333],[-91.1667,38.9667],[-91.2042,38.825],[-91.2167,38.7667],[-91.1611,38.5],[-91.4833,38.3667],[-91.8833,38.2417],[-92.25,38.0583],[-92.6114,37.89],[-92.5167,37.625],[-92.5167,36.9167],[-92.515,36.8478],[-92.6989,36.6883],[-93,36.425],[-93.1,36.4167],[-93.5264,36.3833],[-93.5833,36.5194],[-93.7869,36.6183],[-93.9417,36.6958],[-94.05,36.75],[-94.0053,37.6314],[-94,37.7333],[-93.8667,37.9167],[-93.0333,37.975],[-92.9572,38.0939],[-92.8028,38.3333],[-92.8,38.6917],[-92.7,39.075],[-92.65,39.2583],[-91.8928,39.5636]]],[[[-93.8667,37.9167],[-93.0333,37.975],[-92.6114,37.89],[-92.5167,37.625],[-92.5167,36.9167],[-92.515,36.8478],[-92.6989,36.6883],[-93,36.425],[-93.1,36.4167],[-93.5264,36.3833],[-93.5833,36.5194],[-93.7869,36.6183],[-93.9417,36.6958],[-94.05,36.75],[-94.0053,37.6314],[-94,37.7333],[-93.8667,37.9167]]]]}},{"type":"Feature","properties":{"id":"SHV","name":"SHREVEPORT APPROACH","prefixes":["SHV"],"labelLat":32.4166,"labelLon":-93.5979,"artcc":"ZFW"},"geometry":{"type":"MultiPolygon","coordinates":[[[[-93.7667,33.0333],[-93.6333,33.0167],[-93.25,32.9583],[-92.8375,32.875],[-92.8625,32.1917],[-93.7958,31.8],[-94.3278,32.0708],[-94.3167,32.5],[-94.325,32.625],[-94.3583,32.9167],[-94.1125,32.9625],[-93.8167,33.0333],[-93.7667,33.0333]]]]}},{"type":"Feature","properties":{"id":"SJT","name":"SAN ANGELO APPROACH","prefixes":["SJT"],"labelLat":31.3792,"labelLon":-100.4563},"geometry":{"type":"MultiPolygon","coordinates":[[[[-100.4167,31.9917],[-99.7458,31.6753],[-99.8167,31.3772],[-99.8333,31.25],[-99.85,31.1667],[-99.9167,31.0333],[-99.95,30.9833],[-100.1333,30.85],[-100.35,30.775],[-100.6,30.7667],[-100.8333,30.8333],[-101.0167,30.9833],[-101.0833,31.0875],[-101.1333,31.1667],[-101.1667,31.3833],[-101.1083,31.5833],[-100.9667,31.75],[-100.7833,31.8667],[-100.6458,31.9125],[-100.4792,31.9225],[-100.4167,31.9917]]]]}},{"type":"Feature","properties":{"id":"SJU","name":"SAN JUAN APPROACH","prefixes":["SJU"],"labelLat":18.2252,"labelLon":-65.5164},"geometry":{"type":"MultiPolygon","coordinates":[[[[-64.3328,18.9522],[-64.3328,17.4981],[-65.1497,17.4981],[-65.5028,17.7833],[-65.5664,17.8314],[-65.9333,17.8314],[-65.9636,18.0933],[-66.6917,18.4],[-66.6917,18.4],[-66.7,18.5333],[-66.6953,18.55],[-66.6497,18.6717],[-66.5917,18.8167],[-66.475,18.9472],[-66.3708,18.9467],[-66.1611,18.9472],[-65.9167,18.9472],[-65.5672,18.8333]]]]}},{"type":"Feature","properties":{"id":"SKBG","name":"BUCARAMANGA APPROACH","prefixes":["SKBG"],"labelLat":6.8892,"labelLon":-73.613},"geometry":{"type":"MultiPolygon","coordinates":[[[[-73.2417,8.3678],[-72.8122,7.505],[-72.6478,7.505],[-72.7344,6.215],[-72.7739,5.9997],[-72.8487,5.589],[-73.4475,5.4106],[-73.5224,5.4967],[-73.5844,5.5497],[-73.4185,5.7693],[-73.4529,5.8256],[-73.5101,5.8912],[-73.5781,5.9459],[-73.6548,5.9883],[-73.7375,6.0166],[-73.8229,6.03],[-73.9113,6.0288],[-73.9968,6.012],[-74.0784,5.9809],[-74.1044,5.9659],[-74.065,6.18],[-73.9333,6.8939],[-74.5783,6.4939],[-74.4364,7.0208],[-74.3183,7.8789],[-73.2417,8.3678]]]]}},{"type":"Feature","properties":{"id":"SKBO","name":"BOGOTA APPROACH","prefixes":["SKBO"],"labelLat":4.9494,"labelLon":-74.4084},"geometry":{"type":"MultiPolygon","coordinates":[[[[-74.1044,5.9659],[-74.0784,5.9808],[-73.9968,6.012],[-73.911,6.0286],[-73.8236,6.0301],[-73.7373,6.0165],[-73.6547,5.9882],[-73.5782,5.946],[-73.5103,5.8913],[-73.4529,5.8256],[-73.4185,5.7694],[-73.5844,5.5497],[-73.5226,5.4968],[-73.4462,5.4092],[-73.3862,5.3098],[-73.3445,5.2015],[-73.3223,5.0876],[-73.3202,5.0186],[-73.5686,5.0183],[-73.5705,4.9759],[-73.5758,4.9399],[-73.5842,4.9045],[-73.5957,4.87],[-73.6101,4.8366],[-73.6274,4.8046],[-73.6475,4.7742],[-73.6701,4.7457],[-73.6951,4.7193],[-73.7224,4.6951],[-73.7516,4.6734],[-73.8153,4.638],[-73.8492,4.6245],[-73.9366,4.6036],[-73.9481,4.4078],[-73.9453,4.1911],[-73.9481,3.8686],[-74.7414,3.8689],[-74.8511,3.8689],[-74.9772,3.8689],[-75.4967,3.8686],[-75.4967,4.1447],[-75.4967,4.3758],[-75.4919,5.1358],[-75.1875,5.1556],[-75.1872,5.2819],[-75.1725,5.5961],[-74.9778,6.0006],[-74.7111,6.0006],[-74.875,5.3906],[-74.74,5.2539],[-74.1967,5.4639]]]]}},{"type":"Feature","properties":{"id":"SKBQ","name":"BARANQUILLA APPROACH","prefixes":["SKBQ"],"labelLat":9.6581,"labelLon":-75.196},"geometry":{"type":"MultiPolygon","coordinates":[[[[-75.4075,11.6844],[-74.0633,11.5639],[-74.0133,10.0972],[-74.6319,9.4969],[-74.3183,7.8789],[-74.8611,7.6317],[-76.3786,8.1975],[-76.3661,10.7417]]]]}},{"type":"Feature","properties":{"id":"SKCC","name":"CUCUTA APPROACH","prefixes":["SKCC"],"labelLat":7.3328,"labelLon":-71.606},"geometry":{"type":"MultiPolygon","coordinates":[[[[-70.0833,7],[-70.3167,6.9333],[-70.4333,7],[-70.4833,7],[-70.55,7.0833],[-70.6833,7.1],[-70.8833,7.0583],[-71,6.9833],[-71.1,6.9833],[-71.1333,7.0333],[-71.5833,7.025],[-71.5917,7.0583],[-71.6583,7.0583],[-71.6583,7.025],[-71.75,7.075],[-71.8167,7.0583],[-71.8333,7.0083],[-72.025,7.0083],[-72.1667,7.2667],[-72.2,7.4],[-72.4333,7.4167],[-72.4417,7.575],[-72.425,7.8333],[-72.4833,7.9333],[-72.4167,8.0333],[-72.35,8.0083],[-72.3583,8.15],[-72.4,8.35],[-72.6547,8.6306],[-73.2417,8.3678],[-72.8122,7.505],[-72.6478,7.505],[-72.7344,6.215],[-71.7281,6.215],[-71.7103,6.035],[-70.145,6.2408],[-69.9703,6.8611]]]]}},{"type":"Feature","properties":{"id":"SKCL","name":"CALI APPROACH","prefixes":["SKCL"],"labelLat":3.5637,"labelLon":-76.2596},"geometry":{"type":"MultiPolygon","coordinates":[[[[-77.0492,4.2358],[-76.2253,4.2658],[-76.2254,4.7808],[-75.4967,4.7809],[-75.4967,3.8686],[-75.0639,3.8686],[-75.7344,3.2025],[-75.7344,2.5906],[-75.8808,2.4878],[-76.0467,2.41],[-76.2233,2.3625],[-76.4056,2.3464],[-76.5878,2.3625],[-76.7644,2.4103],[-76.93,2.4881],[-77.08,2.5933],[-77.2092,2.7233],[-77.3142,2.8739],[-77.3917,3.0403],[-77.4392,3.2178],[-77.4553,3.4011],[-77.4481,3.5842],[-77.3925,3.7617],[-77.3156,3.9283],[-77.2108,4.0792],[-77.0492,4.2358]]]]}},{"type":"Feature","properties":{"id":"SKIP","name":"ANDES APPROACH","prefixes":["SKIP"],"labelLat":0.8809,"labelLon":-77.6722},"geometry":{"type":"MultiPolygon","coordinates":[[[[-77.4703,0.4022],[-77.5092,0.5686],[-77.5597,0.5439],[-77.6158,0.5289],[-77.6736,0.5239],[-77.7314,0.5289],[-77.7875,0.5442],[-77.84,0.5689],[-77.8878,0.6025],[-77.9286,0.6439],[-77.9619,0.6917],[-77.9864,0.7447],[-78,0.8011],[-78.0014,0.8011],[-78.0064,0.8667],[-78.1686,0.9261],[-78.1628,0.9464],[-78.1403,1.0306],[-78.1039,1.1094],[-78.0542,1.1808],[-77.9928,1.2425],[-77.9217,1.2925],[-77.8433,1.3294],[-77.7594,1.3519],[-77.6731,1.3597],[-77.5869,1.3519],[-77.5031,1.3294],[-77.4244,1.2925],[-77.3536,1.2425],[-77.2922,1.1808],[-77.2425,1.1092],[-77.2058,1.03],[-77.1833,0.9458],[-77.1758,0.8589],[-77.1836,0.7719],[-77.2061,0.6875],[-77.2428,0.6086],[-77.2925,0.5369],[-77.3539,0.4753],[-77.425,0.4256]]]]}},{"type":"Feature","properties":{"id":"SKMD","name":"MEDELLIN APPROACH","prefixes":["SKMD"],"labelLat":6.3842,"labelLon":-75.3079},"geometry":{"type":"MultiPolygon","coordinates":[[[[-75.8164,7.9875],[-74.8611,7.6317],[-74.3183,7.8789],[-74.4364,7.0208],[-74.7111,6.0006],[-74.9778,6.0006],[-75.1725,5.5961],[-75.1875,5.1556],[-75.4919,5.1358],[-75.4967,4.7808],[-76.2253,4.7808],[-76.2253,5.1411],[-76.2253,6.5333],[-76.2975,7.2219]]]]}},{"type":"Feature","properties":{"id":"SKNV","name":"NEIVA APPROACH","prefixes":["SKNV"],"labelLat":2.8741,"labelLon":-75.2049},"geometry":{"type":"MultiPolygon","coordinates":[[[[-76.1224,2.271],[-76.1354,2.3026],[-76.144,2.3285],[-76.1174,2.3909],[-76.0474,2.4102],[-75.881,2.4878],[-75.733,2.5916],[-75.7345,3.2025],[-75.0637,3.8688],[-74.8317,3.8689],[-74.2659,3.8692],[-74.2659,3.8692],[-74.7965,2.6651],[-75.0149,2.6074],[-75.2161,1.9986],[-75.3902,1.879],[-75.5084,1.901],[-75.7771,2.0001],[-75.941,2.0952],[-76.0882,2.2149],[-76.1224,2.271]]]]}},{"type":"Feature","properties":{"id":"SKPE","name":"PEREIRA APPROACH","prefixes":["SKPE"],"labelLat":4.7035,"labelLon":-75.861},"geometry":{"type":"MultiPolygon","coordinates":[[[[-76.2253,5.1411],[-75.4967,5.1411],[-75.4967,4.2658],[-76.2253,4.2658]]]]}},{"type":"Feature","properties":{"id":"SKSP","name":"SAN ANDRES APPROACH","prefixes":["SKSP"],"labelLat":12.9442,"labelLon":-80.1167},"geometry":{"type":"MultiPolygon","coordinates":[[[[-82.2525,15],[-77.4167,15],[-77.4167,10.8883],[-80.6111,12.1047],[-80.7075,11.9428],[-80.8497,11.7675],[-81.0236,11.6222],[-81.2219,11.5119],[-81.4378,11.4411],[-81.6636,11.4119],[-81.8908,11.4256],[-82.3169,11.5778],[-82.5114,11.7208],[-82.71,11.5308],[-82.8167,12.9]]]]}},{"type":"Feature","properties":{"id":"SKVV","name":"VILLAVICENCIO APPROACH","prefixes":["SKVV"],"labelLat":4.1657,"labelLon":-73.4626},"geometry":{"type":"MultiPolygon","coordinates":[[[[-73.5686,5.0183],[-72.9772,5.0183],[-72.9772,3.3131],[-73.9481,3.3131],[-73.9481,4.6014],[-73.9428,4.6019],[-73.8994,4.6089],[-73.8575,4.6203],[-73.8167,4.6358],[-73.7778,4.6586],[-73.7411,4.6797],[-73.7072,4.7072],[-73.6764,4.7383],[-73.6489,4.7722],[-73.6253,4.8092],[-73.6053,4.8481],[-73.5897,4.8889],[-73.5783,4.9314],[-73.5717,4.9744]]]]}},{"type":"Feature","properties":{"id":"SKYP","name":"EL YOPAL APPROACH","prefixes":["SKYP"],"labelLat":5.2561,"labelLon":-72.549},"geometry":{"type":"MultiPolygon","coordinates":[[[[-72.7344,6.215],[-72.5825,6.2141],[-71.7281,6.215],[-71.7103,6.035],[-71.6508,5.4333],[-71.6508,5.0722],[-72.9772,4.2972],[-72.9772,5.0183],[-73.3203,5.0182],[-73.3223,5.0878],[-73.3444,5.2013],[-73.3862,5.31],[-73.4472,5.4107],[-72.8486,5.5892],[-72.7344,6.215]]]]}},{"type":"Feature","properties":{"id":"SPN","name":"SAIPAN APPROACH","prefixes":["GUM_S"],"labelLat":15.1202,"labelLon":145.73},"geometry":{"type":"MultiPolygon","coordinates":[[[[146.411,15.224],[146.4127,15.2124],[146.4143,15.2009],[146.4156,15.1893],[146.4167,15.1777],[146.4176,15.1661],[146.4183,15.1544],[146.4188,15.1428],[146.4191,15.1311],[146.4192,15.1195],[146.419,15.1078],[146.4187,15.0962],[146.4181,15.0846],[146.4174,15.0729],[146.4164,15.0613],[146.4152,15.0497],[146.4138,15.0381],[146.4122,15.0266],[146.4104,15.0151],[146.4084,15.0036],[146.4062,14.9921],[146.4038,14.9807],[146.4012,14.9693],[146.3984,14.958],[146.3953,14.9467],[146.3921,14.9355],[146.3887,14.9244],[146.3851,14.9132],[146.3812,14.9022],[146.3772,14.8912],[146.373,14.8803],[146.3686,14.8695],[146.364,14.8587],[146.3592,14.848],[146.3542,14.8374],[146.3491,14.8269],[146.3437,14.8165],[146.3382,14.8062],[146.3324,14.7959],[146.3265,14.7858],[146.3205,14.7758],[146.3142,14.7658],[146.3078,14.756],[146.3011,14.7463],[146.2943,14.7367],[146.2874,14.7272],[146.2803,14.7179],[146.273,14.7086],[146.2655,14.6995],[146.2579,14.6905],[146.2501,14.6816],[146.2422,14.6729],[146.2341,14.6643],[146.2259,14.6559],[146.2175,14.6475],[146.209,14.6394],[146.2003,14.6314],[146.1915,14.6235],[146.1825,14.6157],[146.1734,14.6082],[146.1642,14.6008],[146.1548,14.5935],[146.1454,14.5864],[146.1357,14.5794],[146.126,14.5727],[146.1162,14.566],[146.1062,14.5596],[146.0961,14.5533],[146.0859,14.5472],[146.0756,14.5413],[146.0652,14.5355],[146.0547,14.53],[146.0441,14.5246],[146.0334,14.5193],[146.0226,14.5143],[146.0118,14.5094],[146.0008,14.5048],[145.9898,14.5003],[145.9787,14.496],[145.9675,14.4919],[145.9562,14.4879],[145.9449,14.4842],[145.9335,14.4807],[145.922,14.4773],[145.9105,14.4742],[145.8989,14.4712],[145.8873,14.4685],[145.8757,14.4659],[145.8639,14.4635],[145.8522,14.4614],[145.8404,14.4594],[145.8286,14.4576],[145.8167,14.4561],[145.8049,14.4547],[145.793,14.4535],[145.781,14.4526],[145.7691,14.4518],[145.7572,14.4513],[145.7452,14.4509],[145.7333,14.4507],[145.7213,14.4508],[145.7093,14.451],[145.6974,14.4515],[145.6855,14.4521],[145.6735,14.453],[145.6616,14.454],[145.6497,14.4553],[145.6379,14.4568],[145.626,14.4584],[145.6142,14.4603],[145.6025,14.4623],[145.5907,14.4646],[145.579,14.467],[145.5674,14.4697],[145.5558,14.4725],[145.5442,14.4756],[145.5328,14.4788],[145.5213,14.4822],[145.51,14.4859],[145.4987,14.4897],[145.4874,14.4937],[145.4763,14.4979],[145.4652,14.5023],[145.4542,14.5068],[145.4433,14.5116],[145.4324,14.5165],[145.4217,14.5217],[145.411,14.527],[145.4005,14.5324],[145.39,14.5381],[145.3797,14.5439],[145.3694,14.5499],[145.3593,14.5561],[145.3493,14.5625],[145.3393,14.569],[145.3295,14.5757],[145.3199,14.5825],[145.3103,14.5896],[145.3009,14.5967],[145.2916,14.6041],[145.2824,14.6116],[145.2734,14.6192],[145.2645,14.627],[145.2557,14.6349],[145.2471,14.643],[145.2387,14.6513],[145.2303,14.6597],[145.2222,14.6682],[145.2142,14.6768],[145.2063,14.6856],[145.1986,14.6945],[145.191,14.7036],[145.1837,14.7128],[145.1764,14.7221],[145.1694,14.7315],[145.1625,14.741],[145.1558,14.7507],[145.1493,14.7604],[145.1429,14.7703],[145.1367,14.7803],[145.1307,14.7904],[145.1249,14.8005],[145.1193,14.8108],[145.1138,14.8212],[145.1085,14.8317],[145.1034,14.8422],[145.0985,14.8528],[145.0938,14.8636],[145.0893,14.8743],[145.085,14.8852],[145.0809,14.8962],[145.077,14.9072],[145.0732,14.9182],[145.0697,14.9294],[145.0664,14.9406],[145.0632,14.9518],[145.0603,14.9631],[145.0576,14.9745],[145.055,14.9858],[145.0527,14.9973],[145.0506,15.0087],[145.0487,15.0203],[145.047,15.0318],[145.0455,15.0433],[145.0442,15.0549],[145.0431,15.0665],[145.0422,15.0782],[145.0416,15.0898],[145.0411,15.1014],[145.0408,15.1131],[145.0408,15.1247],[145.041,15.1364],[145.0413,15.148],[145.0419,15.1597],[145.0427,15.1713],[145.0437,15.1829],[145.0449,15.1945],[145.0463,15.2061],[145.048,15.2176],[145.0498,15.2291],[145.0518,15.2406],[145.0541,15.2521],[145.0565,15.2635],[145.0592,15.2748],[145.062,15.2862],[145.0651,15.2974],[145.0683,15.3086],[145.0718,15.3198],[145.0755,15.3309],[145.0793,15.3419],[145.0834,15.3529],[145.0876,15.3638],[145.0921,15.3746],[145.0967,15.3854],[145.1016,15.396],[145.1066,15.4066],[145.1118,15.4171],[145.1172,15.4275],[145.1228,15.4378],[145.1286,15.448],[145.1345,15.4582],[145.1407,15.4682],[145.147,15.4781],[145.1535,15.4879],[145.1602,15.4976],[145.167,15.5071],[145.174,15.5166],[145.1812,15.5259],[145.1886,15.5352],[145.1961,15.5442],[145.2038,15.5532],[145.2116,15.562],[145.2196,15.5707],[145.2278,15.5793],[145.2361,15.5877],[145.2445,15.596],[145.2531,15.6041],[145.2619,15.6121],[145.2708,15.62],[145.2798,15.6276],[145.289,15.6352],[145.2983,15.6426],[145.3077,15.6498],[145.3173,15.6568],[145.327,15.6637],[145.3368,15.6705],[145.3468,15.677],[145.3568,15.6834],[145.367,15.6896],[145.3773,15.6957],[145.3876,15.7016],[145.3981,15.7073],[145.4087,15.7128],[145.4194,15.7181],[145.4302,15.7233],[145.4411,15.7283],[145.452,15.7331],[145.4631,15.7377],[145.4742,15.7421],[145.4854,15.7463],[145.4967,15.7503],[145.5081,15.7542],[145.5195,15.7578],[145.531,15.7613],[145.5425,15.7646],[145.5542,15.7676],[145.5658,15.7705],[145.5775,15.7732],[145.5893,15.7757],[145.6011,15.778],[145.6129,15.78],[145.6248,15.7819],[145.6367,15.7836],[145.6486,15.7851],[145.6606,15.7863],[145.6726,15.7874],[145.6846,15.7883],[145.6966,15.7889],[145.7086,15.7894],[145.7206,15.7897],[145.7327,15.7897],[145.7447,15.7896],[145.7567,15.7892],[145.7688,15.7887],[145.7808,15.7879],[145.7928,15.787],[145.8047,15.7858],[145.8167,15.7844],[145.8286,15.7829],[145.8405,15.7811],[145.8524,15.7791],[145.8642,15.777],[145.876,15.7746],[145.8877,15.772],[145.8994,15.7693],[145.911,15.7663],[145.9226,15.7631],[145.9341,15.7598],[145.9456,15.7562],[145.957,15.7525],[145.9683,15.7486],[145.9796,15.7444],[145.9907,15.7401],[146.0018,15.7356],[146.0128,15.7309],[146.0238,15.726],[146.0346,15.721],[146.0453,15.7157],[146.056,15.7103],[146.0665,15.7047],[146.077,15.6989],[146.0873,15.693],[146.0976,15.6869],[146.1077,15.6806],[146.1177,15.6741],[146.1276,15.6675],[146.1373,15.6606],[146.147,15.6537],[146.1565,15.6465],[146.1658,15.6393],[146.1751,15.6318],[146.1842,15.6242],[146.1932,15.6165],[146.202,15.6085],[146.2107,15.6005],[146.2192,15.5923],[146.2276,15.5839],[146.2359,15.5755],[146.244,15.5668],[146.2519,15.5581],[146.2597,15.5492],[146.2673,15.5402],[146.2747,15.531],[146.282,15.5218],[146.2891,15.5124],[146.296,15.5028],[146.3028,15.4932],[146.3094,15.4835],[146.3158,15.4736],[146.3221,15.4637],[146.3281,15.4536],[146.334,15.4434],[146.3397,15.4332],[146.3452,15.4228],[146.3505,15.4124],[146.3556,15.4019],[146.3606,15.3912],[146.3653,15.3805],[146.3699,15.3697],[146.3742,15.3589],[146.3784,15.348],[146.3824,15.337],[146.3861,15.3259],[146.3897,15.3148],[146.3931,15.3036],[146.3963,15.2924],[146.3992,15.2811],[146.402,15.2697],[146.4046,15.2583],[146.4069,15.2469],[146.4091,15.2355],[146.411,15.224]]]]}},{"type":"Feature","properties":{"id":"SPS","name":"SHEPPARD APPROACH","prefixes":["SPS"],"labelLat":34.1928,"labelLon":-98.4589,"artcc":"ZFW"},"geometry":{"type":"MultiPolygon","coordinates":[[[[-99.255,34.5933],[-99.1333,34.4667],[-99.2083,34.3917],[-99.0333,34.2778],[-99.1667,34.2111],[-99.2042,34.0667],[-99.0908,34.0369],[-99.075,34.0167],[-99.0333,33.8917],[-98.9,33.7],[-98.8206,33.6331],[-98.7986,33.6111],[-98.7042,33.6142],[-98.3917,33.6208],[-98.15,33.625],[-97.9583,33.85],[-97.9667,33.9],[-97.9694,33.9306],[-97.7169,33.9072],[-97.6967,34.1697],[-97.6869,34.2792],[-97.6814,34.3472],[-97.6628,34.5431],[-97.7531,34.6361],[-97.7958,34.6708],[-97.9483,34.7744],[-98.0958,34.6],[-98.1147,34.5761],[-98.3142,34.5872],[-98.2833,34.6375],[-98.7556,34.6375],[-98.8083,34.6375],[-98.8336,34.7042],[-98.8664,34.7733],[-99.0083,34.7278],[-99.0778,34.7056],[-99.1628,34.6472],[-99.255,34.5933]]]]}},{"type":"Feature","properties":{"id":"SSC","name":"SHAW APPROACH","prefixes":["SSC"],"labelLat":33.9982,"labelLon":-80.3586,"artcc":"ZJX"},"geometry":{"type":"MultiPolygon","coordinates":[[[[-80.7553,34.2669],[-80.8517,34.5922],[-80.7242,34.6442],[-80.5783,34.7033],[-80.4994,34.6694],[-80.4528,34.6389],[-80.3831,34.6003],[-80.2833,34.5625],[-80.0875,34.425],[-80.0389,33.9667],[-79.9164,33.8836],[-79.8475,33.8542],[-79.9008,33.6697],[-79.975,33.4125],[-80.2056,33.375],[-80.625,33.2931],[-80.6644,33.3756],[-80.8622,33.7717],[-80.8697,34.0844],[-80.7553,34.2669]]]]}},{"type":"Feature","properties":{"id":"STJ","name":"ST. JOSEPH APPROACH","prefixes":["STJ"],"labelLat":39.9309,"labelLon":-95.18},"geometry":{"type":"MultiPolygon","coordinates":[[[[-95.9167,40.0792],[-95.55,40.15],[-94.5,40.3506],[-94.4433,40.05],[-95.1583,40.05],[-95.2389,39.8278],[-95.3417,39.5111],[-95.5667,39.5167],[-95.9167,40.0792]]]]}},{"type":"Feature","properties":{"id":"SUU","name":"TRAVIS APPROACH","prefixes":["SUU"],"labelLat":38.622,"labelLon":-122.2275,"artcc":"ZOA"},"geometry":{"type":"MultiPolygon","coordinates":[[[[-122.1635,38.8664],[-121.8706,38.8663],[-121.7759,38.6429],[-121.6779,38.4157],[-121.6371,38.3189],[-121.6695,38.2269],[-121.6232,38.2112],[-121.6722,38.0562],[-121.7787,38.0529],[-121.8079,38.0247],[-121.8038,37.9329],[-121.8717,37.966],[-121.9547,37.9732],[-121.9584,37.9651],[-121.964,37.9566],[-121.9701,37.9498],[-121.9788,37.9426],[-121.9875,37.9373],[-121.997,37.9327],[-122.0067,37.9293],[-122.0178,37.9267],[-122.029,37.9255],[-122.0408,37.9256],[-122.0524,37.9265],[-122.0648,37.9295],[-122.0757,37.9333],[-122.0872,37.9394],[-122.0968,37.9459],[-122.1038,37.9525],[-122.1101,37.9613],[-122.1154,37.97],[-122.118,37.9778],[-122.1192,37.9864],[-122.2871,37.9995],[-122.2275,38.622],[-122.1635,38.8664]]]]}},{"type":"Feature","properties":{"id":"SUX","name":"SIOUX CITY APPROACH","prefixes":["SUX"],"labelLat":42.4,"labelLon":-96.4333,"artcc":"ZMP"},"geometry":{"type":"MultiPolygon","coordinates":[[[[-96.2917,43],[-96.0167,42.9667],[-95.6833,42.525],[-95.8,42.0417],[-95.7833,41.8833],[-96.3583,41.8333],[-96.6667,41.8],[-96.95,42.0167],[-97.1833,42.575],[-96.7667,43],[-96.2917,43]]]]}},{"type":"Feature","properties":{"id":"SYR","name":"SYRACUSE APPROACH","prefixes":["SYR"],"labelLat":43.0875,"labelLon":-75.65,"artcc":"ZBW"},"geometry":{"type":"MultiPolygon","coordinates":[[[[-76.7917,43.6333],[-76.3,43.6333],[-75.9,43.675],[-75,43.6683],[-74.7796,43.6655],[-74.4,43.2667],[-74.5167,43],[-74.5618,42.6748],[-74.6144,42.667],[-74.9506,42.6664],[-75.3333,42.7],[-75.5833,42.7],[-75.7333,42.5],[-76.0092,42.5306],[-76.1861,42.55],[-76.7083,42.775],[-76.875,42.8472],[-76.9,43.3375],[-76.7783,43.3544],[-76.7806,43.4],[-76.7917,43.6333]]]]}},{"type":"Feature","properties":{"id":"SZL","name":"WHITEMAN APPROACH","prefixes":["SZL"],"labelLat":38.5417,"labelLon":-93.4979,"artcc":"ZKC"},"geometry":{"type":"MultiPolygon","coordinates":[[[[-94.025,39.0083],[-93.9917,39.1667],[-92.7,39.075],[-92.8,38.6917],[-92.8028,38.3333],[-92.9572,38.0939],[-93.0333,37.975],[-93.8667,37.9167],[-94.2958,38.5333],[-94.2458,38.6292],[-94.025,39.0083]]]]}},{"type":"Feature","properties":{"id":"T75","name":"ST. LOUIS APPROACH","prefixes":["PIA","SPI","STL","T75"],"labelLat":39.5875,"labelLon":-89.8729,"artcc":"ZKC"},"geometry":{"type":"MultiPolygon","coordinates":[[[[-90.0792,41.075],[-89.8917,41.1375],[-89.7958,41.1417],[-89.6475,41.0658],[-89.2917,40.8917],[-89.1456,40.7406],[-88.6625,40.7406],[-88.5292,40.5833],[-88.5667,40.4417],[-88.7017,40.37],[-88.8583,40.2833],[-89.2458,40.075],[-89.3625,40.1958],[-89.75,40.3333],[-90.3333,40.2417],[-90.5681,40.3389],[-90.4167,40.8167],[-90.2861,40.8592],[-90.2492,41.0244],[-90.0792,41.075]]],[[[-89.75,40.3333],[-89.3625,40.1958],[-89.2458,40.075],[-89.1833,40.0167],[-89.1847,40],[-89.2167,39.8083],[-89.15,39.5667],[-89.6833,39.1917],[-89.725,39.2208],[-90.0667,39.3667],[-90.4583,39.4028],[-90.45,39.95],[-90.3333,40.2417],[-89.75,40.3333]]],[[[-90.4583,39.4066],[-90.4571,39.4066],[-90.0667,39.3667],[-89.7182,39.2196],[-89.6833,39.1917],[-89.6833,39.1917],[-89.5917,39.0208],[-89.5417,38.9083],[-89.5,38.8],[-89.4972,38.6972],[-89.5033,38.675],[-89.65,38.3889],[-89.8417,38.175],[-90.3167,38.0333],[-90.4333,38.0417],[-90.45,38.0475],[-90.7,38.1333],[-90.9167,38.2333],[-91.0833,38.3833],[-91.1611,38.5],[-91.2167,38.7667],[-91.2042,38.825],[-91.1667,38.9667],[-91.0611,39.1333],[-91.0453,39.145],[-90.8333,39.3],[-90.6667,39.375],[-90.4583,39.4066]]],[[[-90.4583,39.4028],[-90.45,39.95],[-90.3333,40.2417],[-90.5681,40.3389],[-90.4167,40.8167],[-90.2861,40.8592],[-90.2492,41.0244],[-90.0792,41.075],[-89.8917,41.1375],[-89.7958,41.1417],[-89.6475,41.0658],[-89.2917,40.8917],[-89.1456,40.7406],[-88.6625,40.7406],[-88.5292,40.5833],[-88.5667,40.4417],[-88.7017,40.37],[-88.8583,40.2833],[-89.2458,40.075],[-89.1833,40.0167],[-89.1847,40],[-89.2167,39.8083],[-89.15,39.5667],[-89.6833,39.1917],[-89.5917,39.0208],[-89.5417,38.9083],[-89.5,38.8],[-89.4972,38.6972],[-89.5033,38.675],[-89.65,38.3889],[-89.8417,38.175],[-90.3167,38.0333],[-90.4333,38.0417],[-90.45,38.0475],[-90.7,38.1333],[-90.9167,38.2333],[-91.0833,38.3833],[-91.1611,38.5],[-91.2167,38.7667],[-91.2042,38.825],[-91.1667,38.9667],[-91.0611,39.1333],[-91.0453,39.145],[-90.8333,39.3],[-90.6667,39.375],[-90.4583,39.4028]]]]}},{"type":"Feature","properties":{"id":"TAPA","name":"VC BIRD APPROACH","prefixes":["TAPA"],"labelLat":17.25,"labelLon":-61.8833},"geometry":{"type":"MultiPolygon","coordinates":[[[[-63,17.3667],[-62,18],[-61,18],[-60.7667,17.4167],[-61.25,16.8333],[-62.3917,16.5],[-63,16.7667]]]]}},{"type":"Feature","properties":{"id":"TBPB","name":"ADAMS APPROACH","prefixes":["TBPB"],"labelLat":13.4125,"labelLon":-59.6723},"geometry":{"type":"MultiPolygon","coordinates":[[[[-59.8,14.875],[-58.3833,13.4167],[-58.35,12.7333],[-58.75,12.1667],[-59.216,11.95],[-59.8667,12],[-60.3725,12.3439],[-60.4744,12.4828],[-60.615,12.7083],[-60.9947,13.3153],[-60.95,13.3333],[-60.7833,13.35],[-60.6667,13.4167],[-60.5833,13.5333],[-60.5333,13.7167],[-60.575,13.9236]]]]}},{"type":"Feature","properties":{"id":"TFFF","name":"MARTINIQUE APPROACH","prefixes":["TFFF"],"labelLat":14.741,"labelLon":-60.875},"geometry":{"type":"MultiPolygon","coordinates":[[[[-60.3,16.1667],[-59.8,14.875],[-60.575,13.9236],[-60.5333,13.7167],[-60.5833,13.5333],[-60.6667,13.4167],[-60.7833,13.35],[-60.95,13.3333],[-60.9947,13.3153],[-61.5,13.5667],[-61.6681,14.0347],[-61.95,14.9]]]]}},{"type":"Feature","properties":{"id":"TFFR","name":"RAIZET APPROACH","prefixes":["TFFR"],"labelLat":16.1584,"labelLon":-61.65},"geometry":{"type":"MultiPolygon","coordinates":[[[[-63,16.7667],[-62.3917,16.5],[-61.25,16.8333],[-60.7667,17.4167],[-60.3,16.1667],[-61.95,14.9],[-63,15.75],[-63,16.7667]]]]}},{"type":"Feature","properties":{"id":"TGPY","name":"MAURICE BISHOP APPROACH","prefixes":["TGPY"],"labelLat":12.1503,"labelLon":-61.3196},"geometry":{"type":"MultiPolygon","coordinates":[[[[-61.9639,12.7839],[-61.2136,12.4286],[-60.615,12.7083],[-60.4744,12.4828],[-60.3725,12.3439],[-61.6667,11.5167],[-61.9167,11.55],[-62.0894,11.6333],[-62.1667,11.7333],[-62.2667,11.95],[-62.2436,12.2228]]]]}},{"type":"Feature","properties":{"id":"TKPK","name":"BRADSHAW APPROACH","prefixes":["TKPK"],"labelLat":17.2283,"labelLon":-62.75},"geometry":{"type":"MultiPolygon","coordinates":[[[[-62.7383,17.5233],[-62.5,17.2833],[-62.5,16.9333],[-63,17.1833],[-63,17.3647]]]]}},{"type":"Feature","properties":{"id":"TLH","name":"TALLAHASSEE APPROACH","prefixes":["TLH"],"labelLat":30.4465,"labelLon":-84.3407,"artcc":"ZJX"},"geometry":{"type":"MultiPolygon","coordinates":[[[[-84.8,31.0667],[-84.6981,31.075],[-84.1333,31.1194],[-83.9333,30.6958],[-83.7333,30.6167],[-83.5667,30.6125],[-83.5583,30.3917],[-83.5486,30.1667],[-83.6667,30.1667],[-83.7833,30.0667],[-83.7833,29.9417],[-84,29.7736],[-84.3417,29.8375],[-84.37,29.8447],[-84.525,30.0208],[-84.7833,30.3167],[-84.9061,30.4478],[-85.1328,30.6886],[-84.8167,30.975],[-84.8,31.0667]]]]}},{"type":"Feature","properties":{"id":"TLPL","name":"ST LUCIA APPROACH","prefixes":["TLPL"],"labelLat":13.766,"labelLon":-61.1008},"geometry":{"type":"MultiPolygon","coordinates":[[[[-60.8667,14.2167],[-60.575,13.9236],[-60.5333,13.7167],[-60.5833,13.5333],[-60.6667,13.4167],[-60.7833,13.35],[-60.95,13.3333],[-60.9947,13.3153],[-61.5,13.5667],[-61.6683,14.0347]]]]}},{"type":"Feature","properties":{"id":"TNCA","name":"BEATRIX APPROACH","prefixes":["TNCA"],"labelLat":12.5471,"labelLon":-70.0152},"geometry":{"type":"MultiPolygon","coordinates":[[[[-70.4403,12.4744],[-70.4417,12.501],[-70.4365,12.5662],[-70.4209,12.6297],[-70.3952,12.6902],[-70.3603,12.7459],[-70.3168,12.7956],[-70.2659,12.8381],[-70.2089,12.8723],[-70.147,12.8974],[-70.082,12.9126],[-70.0152,12.9178],[-69.9485,12.9126],[-69.8834,12.8974],[-69.8216,12.8723],[-69.7645,12.8381],[-69.7136,12.7956],[-69.6702,12.7459],[-69.6352,12.6902],[-69.6096,12.6297],[-69.594,12.5662],[-69.5887,12.501],[-69.594,12.4359],[-69.6096,12.3724],[-69.6352,12.3121],[-69.6702,12.2564],[-69.7136,12.2068],[-69.747,12.1764],[-70.4403,12.4744]]]]}},{"type":"Feature","properties":{"id":"TNCC","name":"CURAÇAO TERMINAL","prefixes":["TNCC"],"labelLat":12.7836,"labelLon":-69.6012},"geometry":{"type":"MultiPolygon","coordinates":[[[[-67.4922,13.6764],[-69.6678,14.1431],[-69.7539,14.1466],[-70.0208,14.1672],[-70.2878,14.1466],[-70.5482,14.0852],[-70.7955,13.9845],[-71.0238,13.8472],[-71.2273,13.6766],[-71.4012,13.477],[-71.541,13.2534],[-71.6434,13.0114],[-71.7058,12.7569],[-71.7103,12.7111],[-71.4167,12.5],[-70.5,12.5],[-67.9667,11.4],[-67.4922,13.6764]]]]}},{"type":"Feature","properties":{"id":"TNCM","name":"JULIANA APPROACH","prefixes":["TNCM"],"labelLat":17.925,"labelLon":-63.025},"geometry":{"type":"MultiPolygon","coordinates":[[[[-62.8667,18.4167],[-62.3833,17.7833],[-62.9,17.4333],[-63.6667,17.6],[-63.6667,18.4167],[-62.8667,18.4167]]]]}},{"type":"Feature","properties":{"id":"TOL","name":"TOLEDO APPROACH","prefixes":["TOL"],"labelLat":41.3738,"labelLon":-83.8408,"artcc":"ZOB"},"geometry":{"type":"MultiPolygon","coordinates":[[[[-84.8333,41.625],[-84.6275,41.3061],[-84.5733,41.2206],[-84.3472,40.8631],[-83.7458,40.7833],[-83.65,40.7375],[-83.3542,40.9875],[-83.1833,41.025],[-83.005,41.0697],[-83.0172,41.2503],[-82.8483,41.3458],[-82.8917,41.6644],[-82.9608,41.6325],[-83.1525,41.7147],[-83.2514,41.7119],[-83.8969,41.6964],[-84.0131,41.7014],[-84.2017,41.7097],[-84.3244,41.8442],[-84.3386,42.01],[-84.6953,41.9869],[-84.7667,41.8],[-84.8333,41.625]]]]}},{"type":"Feature","properties":{"id":"TOR","name":"TORONTO ARRIVAL/DEPARTURE","prefixes":["TOR","TOR_ES","TOR_WS","TOR_XU"],"labelLat":43.9829,"labelLon":-80.0549},"geometry":{"type":"MultiPolygon","coordinates":[[[[-79.6306,44.1106],[-79.6621,44.11],[-79.731,44.1045],[-79.7986,44.0932],[-79.8639,44.0764],[-79.926,44.0542],[-79.9841,44.027],[-80.0374,43.9952],[-80.0549,43.9829],[-80.0853,43.959],[-80.127,43.9192],[-80.162,43.8761],[-80.1899,43.8304],[-80.2103,43.7826],[-80.2121,43.7769],[-80.2229,43.7335],[-80.2276,43.6836],[-80.2244,43.6337],[-80.2134,43.5844],[-80.1946,43.5363],[-80.1683,43.4901],[-80.135,43.4464],[-80.1116,43.4215],[-80.095,43.4058],[-80.049,43.3688],[-79.9975,43.3359],[-79.9411,43.3075],[-79.8807,43.284],[-79.8171,43.2657],[-79.751,43.2528],[-79.6834,43.2455],[-79.615,43.244],[-79.5933,43.2447],[-79.5469,43.2481],[-79.4798,43.258],[-79.4148,43.2733],[-79.3525,43.294],[-79.2938,43.3198],[-79.2396,43.3503],[-79.1905,43.3851],[-79.1471,43.4238],[-79.1101,43.4659],[-79.08,43.5108],[-79.0571,43.5579],[-79.0417,43.6067],[-79.0342,43.6563],[-79.0346,43.7063],[-79.043,43.7559],[-79.0592,43.8045],[-79.083,43.8514],[-79.1142,43.896],[-79.1523,43.9377],[-79.1969,43.9759],[-79.2473,44.0102],[-79.3029,44.04],[-79.3629,44.0649],[-79.4266,44.0847],[-79.493,44.099],[-79.5613,44.1077],[-79.6306,44.1106]]],[[[-78.35,43.6333],[-78.5433,43.9558],[-78.6822,44.0353],[-78.8425,44.1481],[-78.9472,44.1144],[-79.1697,44.1169],[-79.4311,44.2475],[-79.5117,44.3047],[-79.5578,44.2003],[-79.9894,44.0375],[-80.0822,44.0023],[-80.0549,43.9829],[-79.7444,43.7597],[-79.734,43.7666],[-79.7229,43.7728],[-79.7111,43.7782],[-79.6986,43.783],[-79.6856,43.7869],[-79.6722,43.7899],[-79.6585,43.7921],[-79.6446,43.7935],[-79.6306,43.7939],[-79.6165,43.7935],[-79.6026,43.7921],[-79.5889,43.7899],[-79.5755,43.7869],[-79.5625,43.783],[-79.55,43.7782],[-79.5382,43.7728],[-79.5271,43.7666],[-79.5167,43.7597],[-79.5072,43.7522],[-79.4987,43.7441],[-79.4912,43.7355],[-79.4847,43.7264],[-79.4794,43.717],[-79.4752,43.7073],[-79.4722,43.6974],[-79.4704,43.6873],[-79.4698,43.6771],[-79.4704,43.6669],[-79.4723,43.6569],[-79.4753,43.6469],[-79.4796,43.6372],[-79.5535,43.6204],[-79.6204,43.5609],[-79.5933,43.2447],[-79.4681,42.8889],[-79.3375,42.9083],[-79.0244,43.1917],[-78.75,43.4333],[-78.75,43.6],[-78.6778,43.6333],[-78.35,43.6333]]],[[[-79.4681,42.8889],[-79.5933,43.2447],[-79.6205,43.5608],[-79.6306,43.5605],[-79.6445,43.561],[-79.6584,43.5623],[-79.6721,43.5645],[-79.6854,43.5676],[-79.6984,43.5715],[-79.7108,43.5761],[-79.7226,43.5816],[-79.7337,43.5878],[-79.7441,43.5947],[-79.7536,43.6022],[-79.7621,43.6102],[-79.7696,43.6188],[-79.7761,43.6278],[-79.7815,43.6372],[-79.7858,43.6469],[-79.7888,43.6569],[-79.7907,43.6669],[-79.7913,43.6771],[-79.7907,43.6873],[-79.7889,43.6974],[-79.7859,43.7073],[-79.7817,43.717],[-79.7764,43.7264],[-79.7699,43.7355],[-79.7624,43.7441],[-79.7539,43.7522],[-79.7444,43.7597],[-80.0549,43.9829],[-80.0822,44.0023],[-80.5003,43.8419],[-80.3272,43.8028],[-80.2121,43.7769],[-80.2229,43.7335],[-80.2276,43.6836],[-80.2244,43.6337],[-80.2134,43.5844],[-80.1946,43.5363],[-80.1683,43.4901],[-80.135,43.4464],[-80.1116,43.4215],[-80.4864,43.2378],[-80.5894,43.2136],[-80.3875,42.8072],[-80.2667,42.8139],[-79.8444,42.8361],[-79.75,42.85],[-79.4681,42.8889]]],[[[-80.9608,42.7717],[-80.8958,42.7792],[-80.3875,42.8072],[-80.5894,43.2136],[-80.4864,43.2378],[-80.1116,43.4215],[-80.135,43.4464],[-80.1683,43.4901],[-80.1946,43.5363],[-80.2134,43.5844],[-80.2244,43.6337],[-80.2276,43.6836],[-80.2229,43.7335],[-80.2121,43.7769],[-80.3272,43.8028],[-80.5003,43.8419],[-80.7122,43.8892],[-80.9975,43.9017],[-82.1694,43.8553],[-82.1167,43.6],[-82.1343,43.5654],[-82.3144,43.215],[-82.3556,43.1333],[-82.4167,43.0114],[-82.4042,42.9542],[-82.4611,42.9111],[-82.4667,42.8708],[-82.4083,42.8667],[-82.2722,42.8533],[-81.9708,42.8292],[-81.8278,42.8083],[-81.2208,42.7417],[-80.9608,42.7717]]]]}},{"type":"Feature","properties":{"id":"TPA","name":"TAMPA APPROACH","prefixes":["TPA"],"labelLat":27.8468,"labelLon":-83.1784,"artcc":"ZMA"},"geometry":{"type":"MultiPolygon","coordinates":[[[[-82.7333,27.1833],[-83.1486,27.5353],[-83.1714,27.7761],[-83.2083,28.1583],[-82.7167,28.7417],[-82.3653,28.6869],[-82.0417,28.6333],[-81.9569,28.5639],[-81.9631,28.4617],[-81.9689,28.375],[-81.9119,28.1625],[-81.6667,28.1],[-81.6667,27.95],[-81.8056,27.7806],[-81.9833,27.7833],[-82.0667,27.7667],[-82.25,27.4167],[-82.1225,27.1433],[-82.1011,27.0972],[-82.0883,27.0714],[-82.1619,27.0447],[-82.2539,27.0183],[-82.2647,27.0164],[-82.3508,27.0003],[-82.4458,26.9883],[-82.5433,26.9844],[-82.6456,26.9889],[-82.7333,27.1833]]]]}},{"type":"Feature","properties":{"id":"TRI","name":"TRI CITY APPROACH","prefixes":["TRI"],"labelLat":36.5083,"labelLon":-82.5291,"artcc":"ZTL"},"geometry":{"type":"MultiPolygon","coordinates":[[[[-83.1292,36.7611],[-83.1119,36.7647],[-82.975,36.7944],[-82.7583,36.8431],[-82.2556,36.9597],[-81.9333,37.0333],[-81.6833,36.875],[-81.6833,36.75],[-81.7614,36.5464],[-81.7778,36.5042],[-81.8486,36.3153],[-81.8844,36.2189],[-81.9042,36.1667],[-82.1231,36.0592],[-82.2778,35.9833],[-82.6111,35.9833],[-83.1333,35.9833],[-83.375,36.3583],[-83.2517,36.5608],[-83.1833,36.6722],[-83.1292,36.7611]]]]}},{"type":"Feature","properties":{"id":"TTPP","name":"PIARCO APPROACH","prefixes":["TTPP"],"labelLat":10.6584,"labelLon":-61.4083},"geometry":{"type":"MultiPolygon","coordinates":[[[[-62.5,11],[-62.1017,11.1708],[-61.8717,11.2689],[-61.6242,11.3744],[-61.4511,11.4481],[-61.2583,11.5297],[-61.0333,11.6167],[-60.8833,11.65],[-60.8,11.65],[-60.6833,11.6333],[-60.5372,11.5733],[-60.4167,11.45],[-60.35,11.3],[-60.3167,11.1667],[-60.3333,10.95],[-60.7319,9.9439],[-60.8683,9.8097],[-61.0333,9.6667],[-61.4667,9.9833],[-61.9333,9.9833],[-62.05,10.0833],[-61.7833,10.7333]]]]}},{"type":"Feature","properties":{"id":"TUL","name":"TULSA APPROACH","prefixes":["TUL"],"labelLat":36.1396,"labelLon":-95.7458,"artcc":"ZKC"},"geometry":{"type":"MultiPolygon","coordinates":[[[[-96.1292,35.6278],[-96.2333,35.75],[-96.5708,36.1889],[-96.1944,36.5736],[-96.05,36.6083],[-95.7208,36.6958],[-95.0167,36.3403],[-94.9208,36.2917],[-95.3667,35.8708],[-95.7208,35.5833],[-96.1292,35.6278]]]]}},{"type":"Feature","properties":{"id":"TVSA","name":"ARGYLE APPROACH","prefixes":["TVSA"],"labelLat":12.9977,"labelLon":-61.2894},"geometry":{"type":"MultiPolygon","coordinates":[[[[-61.5,13.5667],[-60.9947,13.3153],[-60.615,12.7083],[-61.2136,12.4286],[-61.9639,12.7839],[-61.7228,13.2654]]]]}},{"type":"Feature","properties":{"id":"TWF","name":"TWIN FALLS APPROACH","prefixes":["TWF"],"labelLat":42.525,"labelLon":-114.25},"geometry":{"type":"MultiPolygon","coordinates":[[[[-114.9,42.75],[-113.9,42.8333],[-113.5917,42.7917],[-113.5,42.4833],[-113.6,42.3833],[-114.35,42.2167],[-114.5917,42.2167],[-115,42.4],[-115,42.6333],[-114.9,42.75]]]]}},{"type":"Feature","properties":{"id":"TYO","name":"TOKYO APPROACH","prefixes":["RJAA","RJTT","TYO"],"labelLat":35.4129,"labelLon":140.3824},"geometry":{"type":"MultiPolygon","coordinates":[[[[140.4361,36.6031],[140.47,36.5944],[140.8572,36.4939],[140.6903,36.3203],[140.8334,36.2128],[141.0047,36.0842],[141.7678,36.0833],[141.7394,34.8628],[141.7381,34.8044],[140.9498,34.5291],[140.2097,34.2706],[140.1233,34.54],[140.4003,34.7839],[140.5503,34.9547],[140.5919,35.0864],[140.5461,35.1575],[140.4536,35.3008],[140.4281,35.3397],[140.2664,35.6194],[140.26,35.6303],[140.2547,35.6425],[140.2389,35.6788],[140.1486,35.8858],[140.1,35.9972],[140.0958,36.0067],[140.0948,36.009],[140.0908,36.0231],[140.0899,36.0376],[140.092,36.052],[140.0973,36.0659],[140.1054,36.0789],[140.1162,36.0904],[140.1294,36.1003],[140.14,36.1064],[140.1583,36.2225],[140.3147,36.2011],[140.3631,36.1814],[140.4406,36.1494],[140.4397,36.1978],[140.4386,36.2719],[140.4383,36.2889],[140.3917,36.3472],[140.435,36.5964],[140.4361,36.6031]]],[[[140.3269,36.6311],[140.4361,36.6031],[140.435,36.5964],[140.3917,36.3472],[140.4383,36.2889],[140.4767,36.2408],[140.51,36.224],[140.7247,36.115],[140.6897,36.0836],[140.6,36.0833],[140.3489,36.1006],[140.2861,36.1122],[140.2794,36.0794],[140.2672,36.0178],[140.2642,35.9956],[140.2344,35.7739],[140.2533,35.6831],[140.2664,35.6194],[140.4281,35.3397],[140.4536,35.3008],[140.5461,35.1575],[140.5919,35.0864],[140.5503,34.9547],[140.4003,34.7839],[140.4122,34.7489],[140.9319,34.7511],[140.9056,34.7011],[140.9498,34.5291],[140.2097,34.2706],[139.9983,34.1947],[139.2153,34.1981],[139.0092,34.3936],[138.9969,34.9033],[139.2069,34.9372],[139.1367,35.3594],[139.0997,35.5794],[139.0758,35.7211],[139.1608,35.9406],[139.3117,36.0397],[139.74,35.9883],[139.858,36.2403],[139.9425,36.4208],[140.166,36.5442],[140.2214,36.5747],[140.3269,36.6311]]],[[[140.2097,34.2706],[139.9983,34.1947],[139.2153,34.1981],[139.0092,34.3936],[138.9969,34.9033],[139.2069,34.9372],[139.2069,34.9372],[139.1367,35.3594],[139.0758,35.7211],[139.1608,35.9406],[139.3117,36.0397],[139.74,35.9883],[139.858,36.2403],[139.9425,36.4208],[140.1656,36.5456],[140.2214,36.5747],[140.3269,36.6311],[140.4361,36.6031],[140.47,36.5944],[140.8572,36.4939],[140.6903,36.3203],[141.0047,36.0842],[141.7678,36.0833],[141.7381,34.8044],[140.2097,34.2706]]]]}},{"type":"Feature","properties":{"id":"TYS","name":"KNOXVILLE APPROACH","prefixes":["TYS"],"labelLat":35.8208,"labelLon":-83.9263,"artcc":"ZTL"},"geometry":{"type":"MultiPolygon","coordinates":[[[[-84.6667,35.6667],[-84.6,36.0278],[-84.2333,36.3208],[-84.075,36.3278],[-83.375,36.3583],[-83.1333,35.9833],[-83.0417,35.8375],[-83.0083,35.6306],[-83.0708,35.6444],[-83.3583,35.6083],[-83.725,35.3167],[-83.9233,35.3078],[-84.4611,35.2833],[-84.5278,35.3361],[-84.8444,35.5833],[-84.6667,35.6667]]]]}},{"type":"Feature","properties":{"id":"U90","name":"TUCSON APPROACH","prefixes":["TUS"],"labelLat":31.9521,"labelLon":-110.9633,"artcc":"ZAB"},"geometry":{"type":"MultiPolygon","coordinates":[[[[-110.26,31.8406],[-110.3244,32.0778],[-110.325,32.4125],[-110.4292,32.4278],[-110.7722,32.475],[-111.0831,32.5172],[-111.4889,32.5708],[-111.5292,32.5],[-111.6667,32.2833],[-111.6,32.2528],[-111.6,31.9625],[-111.5333,31.8167],[-111.0667,31.8167],[-111.0819,31.6486],[-111.1918,31.3689],[-111.0833,31.3333],[-110.75,31.3333],[-110.75,31.35],[-110.7647,31.7503],[-110.7667,31.8],[-110.6241,31.8009],[-110.4292,31.8],[-110.26,31.8406]]]]}},{"type":"Feature","properties":{"id":"UEEE","name":"YAKUTSK APPROACH","prefixes":["UEEE","UEEE_R"],"labelLat":62.0933,"labelLon":129.7733},"geometry":{"type":"MultiPolygon","coordinates":[[[[129.7733,63.4453],[129.4573,63.4376],[129.1453,63.4144],[128.8411,63.3762],[128.5485,63.3232],[128.2711,63.2563],[128.0121,63.1763],[127.7747,63.0841],[127.5613,62.9808],[127.3744,62.8677],[127.2159,62.7462],[127.0871,62.6176],[126.9893,62.4835],[126.9232,62.3453],[126.8889,62.2047],[126.8865,62.0632],[126.9156,61.9224],[126.9754,61.7837],[127.0649,61.6487],[127.1826,61.5188],[127.3272,61.3953],[127.4968,61.2795],[127.6893,61.1726],[127.9027,61.0756],[128.1346,60.9895],[128.3827,60.9152],[128.6443,60.8534],[128.9169,60.8048],[129.1977,60.7696],[129.4841,60.7484],[129.7733,60.7413],[130.0625,60.7484],[130.3489,60.7696],[130.6298,60.8048],[130.9024,60.8534],[131.164,60.9152],[131.412,60.9895],[131.644,61.0756],[131.8574,61.1726],[132.0499,61.2795],[132.2195,61.3953],[132.364,61.5188],[132.4818,61.6487],[132.5713,61.7837],[132.631,61.9224],[132.6601,62.0632],[132.6578,62.2047],[132.6235,62.3453],[132.5573,62.4835],[132.4595,62.6176],[132.3308,62.7462],[132.1722,62.8677],[131.9854,62.9808],[131.772,63.0841],[131.5345,63.1763],[131.2756,63.2563],[130.9982,63.3232],[130.7056,63.3762],[130.4014,63.4144],[130.0893,63.4376],[129.7733,63.4453]]],[[[129.7733,62.544],[129.6712,62.5415],[129.5702,62.534],[129.4715,62.5216],[129.3763,62.5045],[129.2856,62.4828],[129.2005,62.4568],[129.1219,62.4267],[129.0506,62.393],[128.9875,62.356],[128.9332,62.3161],[128.8884,62.2738],[128.8534,62.2296],[128.8286,62.1838],[128.8143,62.1371],[128.8105,62.09],[128.8173,62.0429],[128.8344,61.9964],[128.8618,61.9511],[128.899,61.9073],[128.9456,61.8655],[129.0011,61.8263],[129.0648,61.79],[129.1361,61.7569],[129.2141,61.7276],[129.298,61.7022],[129.3869,61.6811],[129.4799,61.6644],[129.576,61.6524],[129.6742,61.6451],[129.7733,61.6427],[129.8725,61.6451],[129.9707,61.6524],[130.0667,61.6644],[130.1597,61.6811],[130.2487,61.7022],[130.3326,61.7276],[130.4106,61.7569],[130.4818,61.79],[130.5456,61.8263],[130.601,61.8655],[130.6477,61.9073],[130.6849,61.9511],[130.7122,61.9964],[130.7294,62.0429],[130.7362,62.09],[130.7324,62.1371],[130.718,62.1838],[130.6933,62.2296],[130.6583,62.2738],[130.6134,62.3161],[130.5592,62.356],[130.4961,62.393],[130.4248,62.4267],[130.3462,62.4568],[130.2611,62.4828],[130.1704,62.5045],[130.0752,62.5216],[129.9765,62.534],[129.8755,62.5415],[129.7733,62.544]]]]}},{"type":"Feature","properties":{"id":"UHHH","name":"KHABAROVSK APPROACH","prefixes":["UHHH","UHHH_R"],"labelLat":48.275,"labelLon":134.8667},"geometry":{"type":"MultiPolygon","coordinates":[[[[135.1867,49.75],[135.1867,49.55],[134.7333,49.55],[134.0155,49.4689],[133.3,49.3833],[133.0667,49.1],[132.9167,48.8333],[133.15,48.1],[133.2667,48.0833],[133.3333,48.1],[133.45,48.0667],[133.55,48.1167],[133.65,48.15],[133.7833,48.2],[133.8667,48.1833],[133.8667,48.2167],[133.8833,48.25],[133.9667,48.3],[134.0333,48.3333],[134.1,48.3333],[134.3833,48.3833],[134.5167,48.35],[134.55,48.3667],[134.5667,48.3333],[134.75,48.2833],[134.6667,48.25],[134.6667,48.15],[134.55,48.05],[134.55,47.9833],[134.5833,47.95],[134.5833,47.9167],[134.65,47.9],[134.6667,47.8333],[134.7667,47.75],[134.6833,47.6333],[134.6667,47.6167],[134.6667,47.6],[134.5833,47.5333],[134.5667,47.5],[134.4833,47.45],[134.3333,47.45],[134.2667,47.4],[134.2333,47.35],[134.2,47.3333],[134.15,47.25],[134.2167,47.2],[134.2167,47.1167],[134.1333,47.1],[134.05,46.9667],[134.0667,46.9333],[134.0333,46.8667],[134.25,46.8],[134.9165,46.8144],[135.5833,46.825],[135.85,47.1167],[136.6167,47.7167],[136.7833,48.3333],[136.8167,48.5833],[136.74,49.3333],[136.5667,49.45],[136.4367,49.59],[135.8127,49.6717],[135.1867,49.75]]],[[[135.67,48.7167],[135.5417,48.7233],[135.6333,48.7767],[135.5667,48.795],[135.3217,48.8833],[134.9183,48.83],[134.5833,48.5667],[134.6776,48.4056],[134.7185,48.3979],[134.7672,48.3582],[134.75,48.2833],[134.8788,48.29],[135.3833,48.1167],[135.9167,48.7167],[135.67,48.7167]]]]}},{"type":"Feature","properties":{"id":"UHMA","name":"ANADYR APPROACH","prefixes":["UHMA"],"labelLat":64.7349,"labelLon":177.7256},"geometry":{"type":"MultiPolygon","coordinates":[[[[179.6117,64.8503],[179.6022,64.9053],[179.5542,64.9875],[179.4828,65.0672],[179.3931,65.1433],[179.2842,65.2147],[179.1578,65.2811],[179.0311,65.3414],[178.8564,65.395],[178.6853,65.4411],[178.5028,65.4794],[178.3111,65.5094],[178.1128,65.5306],[177.91,65.5428],[177.705,65.5458],[177.2986,65.5247],[177.1022,65.5006],[176.9133,65.4681],[176.7342,65.4269],[176.5672,65.3783],[176.4136,65.3225],[176.2758,65.2603],[176.1547,65.1922],[176.0522,65.1192],[175.9686,65.0417],[175.9053,64.9611],[175.8625,64.8783],[175.8406,64.7939],[175.8394,64.7089],[175.8589,64.6244],[175.8989,64.5414],[175.9586,64.4603],[176.0372,64.3825],[176.1336,64.3086],[176.2469,64.2394],[176.3756,64.1756],[176.5183,64.1178],[176.6736,64.0669],[176.8394,64.0228],[177.0314,63.9864],[177.1972,63.9583],[177.385,63.9383],[177.5764,63.9267],[177.7694,63.9239],[177.9622,63.9294],[178.1528,63.9439],[178.3392,63.9664],[178.5194,63.9975],[179.6117,64.8503]]]]}},{"type":"Feature","properties":{"id":"UHMM","name":"MAGADAN APPROACH","prefixes":["UHMM"],"labelLat":59.9434,"labelLon":150.7084},"geometry":{"type":"MultiPolygon","coordinates":[[[[150.1533,60.5717],[149.145,59.6767],[151.5383,59.315],[152.2717,60.0433],[151.4667,60.4367]]]]}},{"type":"Feature","properties":{"id":"UHMP","name":"PEVEK KRUG","prefixes":["UHMP_R"],"labelLat":69.65,"labelLon":169.9298},"geometry":{"type":"MultiPolygon","coordinates":[[[[167.8797,69.93],[170.55,70.15],[171.45,70.05],[171.98,69.56],[170.96,69.15],[168.65,69.18],[167.88,69.93]]]]}},{"type":"Feature","properties":{"id":"UHPP","name":"PETROPAVLOVSK RADAR","prefixes":["UHPP"],"labelLat":52.9971,"labelLon":158.7847},"geometry":{"type":"MultiPolygon","coordinates":[[[[158.5042,53.9772],[159.0419,53.6383],[159.9503,53.4686],[160.0336,53.1067],[158.5003,52.0169],[157.8003,52.2503],[157.5358,53.3258],[158.1836,53.7967],[158.5044,53.9772],[158.5042,53.9772]]]]}},{"type":"Feature","properties":{"id":"UHSS","name":"YUZHNO-SAKHALINSK RADAR","prefixes":["UHSS_R"],"labelLat":46.8882,"labelLon":142.6995},"geometry":{"type":"MultiPolygon","coordinates":[[[[143.2117,47.42],[143.1431,47.4486],[143.0542,47.4758],[142.9614,47.4967],[142.8658,47.5108],[142.7686,47.5181],[142.6708,47.5183],[142.5736,47.5117],[142.4781,47.4981],[142.385,47.4775],[142.2958,47.4506],[142.2114,47.4175],[142.1328,47.3783],[142.0606,47.3342],[141.9958,47.2847],[141.9392,47.2311],[141.8911,47.1736],[141.8522,47.1131],[141.8228,47.0503],[141.8036,46.9856],[141.7942,46.9197],[141.795,46.8536],[141.8058,46.7881],[141.8267,46.7236],[141.8572,46.6608],[141.8969,46.6008],[141.9456,46.5439],[142.0022,46.4906],[142.0669,46.4417],[142.1383,46.3978],[142.2158,46.3592],[142.2989,46.3264],[142.3864,46.2994],[142.4772,46.2792],[142.5706,46.2653],[142.6656,46.2583],[142.7611,46.2581],[142.8561,46.2647],[142.9497,46.2781],[143.0408,46.2978],[143.1283,46.3242],[143.2117,46.3567],[143.2897,46.395],[143.3617,46.4386],[143.4267,46.4872],[143.4842,46.54],[143.5336,46.5969],[143.5736,46.6569],[143.6047,46.7194],[143.6006,46.7203],[143.2619,47.1669],[143.2117,47.42]]]]}},{"type":"Feature","properties":{"id":"UHWW","name":"VLADIVOSTOK APPROACH","prefixes":["UHWW","UHWW_R"],"labelLat":43.3439,"labelLon":132.1517},"geometry":{"type":"MultiPolygon","coordinates":[[[[132.595,43.8286],[132.4081,43.7519],[131.5806,43.405],[131.4125,43.3331],[131.4176,43.2917],[131.4372,43.2369],[131.4646,43.1839],[131.4993,43.1333],[131.541,43.0856],[131.5893,43.0413],[131.6435,43.0009],[131.7032,42.9649],[131.7676,42.9335],[131.8361,42.9073],[131.9079,42.8864],[131.9822,42.871],[132.0583,42.8614],[132.1354,42.8576],[132.2126,42.8597],[132.289,42.8676],[132.364,42.8813],[132.4366,42.9006],[132.5061,42.9253],[132.5718,42.9552],[132.6329,42.9899],[132.6888,43.0291],[132.7389,43.0723],[132.7826,43.119],[132.8194,43.1689],[132.8489,43.2212],[132.8708,43.2755],[132.8848,43.3312],[132.8908,43.3877],[132.8886,43.4442],[132.8782,43.5003],[132.8598,43.5554],[132.8336,43.6087],[132.7997,43.6597],[132.7586,43.7079],[132.7106,43.7526],[132.6564,43.7935],[132.5965,43.8301],[132.595,43.8286]]]]}},{"type":"Feature","properties":{"id":"VAD","name":"VALDOSTA APPROACH","prefixes":["VAD"],"labelLat":30.9917,"labelLon":-83.3833},"geometry":{"type":"MultiPolygon","coordinates":[[[[-84.1333,31.1194],[-83.9333,30.6958],[-83.7333,30.6167],[-83.5667,30.6125],[-83.5583,30.3917],[-83.0528,30.4069],[-83.0417,30.5792],[-82.6333,30.575],[-82.6333,31.2458],[-82.9792,31.5917],[-83.0167,31.5917],[-83.5667,31.5917],[-83.6333,31.5917],[-83.75,31.3625],[-83.9739,31.2006],[-83.9939,31.1861],[-83.9667,31.1375],[-84.1333,31.1194]]]]}},{"type":"Feature","properties":{"id":"VLY","name":"VALLEY APPROACH","prefixes":["VLY"],"labelLat":26.4035,"labelLon":-97.7551},"geometry":{"type":"MultiPolygon","coordinates":[[[[-97.1503,26.9361],[-97.7717,26.9694],[-97.8111,26.8222],[-98.3,26.8028],[-98.5,26.4583],[-98.589,26.2359],[-98.4833,26.2167],[-98.35,26.1833],[-98.25,26.1],[-98.1,26.0667],[-98.0333,26.0333],[-97.8667,26.05],[-97.8156,26.0449],[-97.7123,26.0246],[-97.5312,25.9166],[-97.4976,25.8907],[-97.3902,25.8376],[-97.3424,25.9231],[-97.2457,25.955],[-97.1442,25.9561],[-97.0209,25.9668],[-96.9242,25.9756],[-96.9278,26.0003],[-96.9212,26.0783],[-96.9458,26.1667],[-96.9722,26.3333],[-97.0417,26.5833],[-97.1292,26.8333],[-97.1503,26.9361]]]]}},{"type":"Feature","properties":{"id":"VOK","name":"VOLK APPROACH","prefixes":["VOK"],"labelLat":43.8584,"labelLon":-90.0858,"artcc":"ZAU"},"geometry":{"type":"MultiPolygon","coordinates":[[[[-90.8833,44.05],[-90.8333,44.0008],[-90.8,43.9],[-90.7653,43.6889],[-90.175,43.4167],[-89.9583,43.6444],[-89.7708,43.6667],[-89.6389,43.6572],[-89.2883,43.6314],[-89.3319,43.9264],[-89.3708,44.1833],[-89.5875,44.1542],[-89.6292,44.1542],[-89.9778,44.1542],[-89.9833,44.1667],[-90.0811,44.1667],[-90.0828,44.3],[-90.1833,44.3],[-90.5878,44.1683],[-90.6139,44.16],[-90.6728,44.16],[-90.6728,44.1444],[-90.7389,44.1444],[-90.7431,44.05],[-90.8833,44.05]]]]}},{"type":"Feature","properties":{"id":"VPS","name":"EGLIN APPROACH","prefixes":["VPS"],"labelLat":30.3165,"labelLon":-86.4246,"artcc":"ZJX"},"geometry":{"type":"MultiPolygon","coordinates":[[[[-86.9167,30.6461],[-86.783,30.7039],[-86.7824,30.8892],[-86.7825,30.8892],[-86.7331,31],[-86.5825,31.133],[-86.4002,31.1333],[-86.4167,31.0374],[-86.1165,31.0502],[-86.0752,31.0528],[-86.0753,31.0529],[-85.9334,30.704],[-86.0864,30.6831],[-85.9331,30.4065],[-85.9324,29.9665],[-86,29.9665],[-86,29.5005],[-86.7998,29.4997],[-86.7998,29.9653],[-86.7993,29.9649],[-86.8001,30.3379],[-86.8584,30.3256],[-86.8581,30.3793],[-86.8583,30.4419],[-86.9163,30.6457],[-86.9167,30.6461]]]]}},{"type":"Feature","properties":{"id":"WAEE","name":"BABULLAH TOWER","prefixes":["WAEE"],"labelLat":0.5435,"labelLon":127.6795},"geometry":{"type":"MultiPolygon","coordinates":[[[[127.0344,2.6703],[129.1833,1.8086],[129.1833,-1.5833],[126.1756,-0.5514],[127.0344,2.6703]]]]}},{"type":"Feature","properties":{"id":"WAMG","name":"DJALALUDIN TOWER","prefixes":["WAMG"],"labelLat":0.3456,"labelLon":122.4245},"geometry":{"type":"MultiPolygon","coordinates":[[[[120.6075,1.3611],[122.5286,2.2919],[124.2414,-0.5811],[122.1361,-1.6008],[120.6075,1.3611]]]]}},{"type":"Feature","properties":{"id":"WAMM","name":"MANADO APPROACH","prefixes":["WAMM"],"labelLat":1.2861,"labelLon":124.7814},"geometry":{"type":"MultiPolygon","coordinates":[[[[122.5283,2.2919],[124.2569,3.0808],[125.4,3.1533],[127.0344,2.6703],[126.1756,-0.5514],[124.2414,-0.5811],[122.5283,2.2919]]]]}},{"type":"Feature","properties":{"id":"WRI","name":"MCGUIRE APPROACH","prefixes":["WRI"],"labelLat":39.9125,"labelLon":-74.2294,"artcc":"ZNY"},"geometry":{"type":"MultiPolygon","coordinates":[[[[-74.6911,39.7642],[-74.7433,39.9428],[-74.6847,39.9833],[-74.6314,40.0203],[-74.4825,40.1236],[-74.4528,40.1444],[-74.4156,40.1775],[-74.3658,40.2214],[-74.3333,40.25],[-74,40.1542],[-73.8958,40.1375],[-73.7986,40.0639],[-73.7167,40.0333],[-73.7625,39.9],[-73.6828,39.7333],[-73.8139,39.643],[-73.9333,39.575],[-74.0608,39.6642],[-74.1722,39.7167],[-74.2931,39.7236],[-74.3222,39.7472],[-74.3944,39.7492],[-74.4111,39.7472],[-74.4403,39.7167],[-74.5,39.6556],[-74.725,39.725],[-74.7761,39.7203],[-74.6911,39.7642]]]]}},{"type":"Feature","properties":{"id":"Y90","name":"BRADLEY APPROACH","prefixes":["BDL"],"labelLat":42.0248,"labelLon":-72.4354,"artcc":"ZBW"},"geometry":{"type":"MultiPolygon","coordinates":[[[[-71.8333,42.45],[-71.7333,42.4333],[-71.5833,42.3667],[-71.4833,42.1],[-71.925,41.9958],[-72.0627,41.8028],[-72.1542,41.6069],[-72.4667,41.4833],[-72.6806,41.425],[-72.7231,41.4203],[-72.9292,41.4167],[-73,41.4333],[-73,41.5944],[-73.2139,41.5875],[-73.3,41.5875],[-73.3778,42.0528],[-73.3875,42.1833],[-72.9998,42.6329],[-72.8508,42.5974],[-72.7343,42.5413],[-72.6877,42.5374],[-72.6712,42.4321],[-72.0029,42.4057],[-71.8333,42.45]]]]}},{"type":"Feature","properties":{"id":"YNG","name":"YOUNGSTOWN APPROACH","prefixes":["YNG"],"labelLat":41.3028,"labelLon":-80.3104,"artcc":"ZOB"},"geometry":{"type":"MultiPolygon","coordinates":[[[[-81.1083,41.2583],[-80.925,41.0667],[-80.5622,40.9278],[-80.4475,40.9642],[-80.4033,40.9744],[-80.2328,40.9917],[-80.0617,40.9744],[-79.9961,40.9583],[-79.9417,40.9417],[-79.5667,41.2542],[-79.525,41.4639],[-79.5203,41.5158],[-79.5139,41.575],[-79.5125,41.6472],[-79.8625,41.6583],[-80.1333,41.6625],[-80.375,41.6778],[-80.7147,41.6531],[-80.8722,41.6417],[-81.0633,41.5872],[-81.0553,41.4433],[-81.0694,41.4056],[-81.0961,41.3039],[-81.1083,41.2583]]]]}},{"type":"Feature","properties":{"id":"YVR","name":"VANCOUVER ARRIVAL","prefixes":["CYVR"],"labelLat":48.8675,"labelLon":-122.8321},"geometry":{"type":"MultiPolygon","coordinates":[[[[-123.5734,49.2858],[-124.0808,49.3653],[-123.5833,49.4417],[-123.522,49.4744],[-123.4706,49.5005],[-123.4102,49.5217],[-123.3222,49.5434],[-123.2457,49.5548],[-123.193,49.562],[-123.1148,49.5644],[-123.0336,49.5629],[-122.5639,49.5545],[-122.4631,49.535],[-122.4009,49.5201],[-122.3451,49.5001],[-122.2808,49.47],[-122.2317,49.4415],[-122.1856,49.4113],[-122.1432,49.3735],[-122.1027,49.332],[-122.0723,49.2859],[-122.0515,49.2507],[-122.0449,49.2358],[-121.4943,49.2551],[-121.4818,49.2121],[-121.4739,49.1824],[-121.4711,49.1327],[-121.4717,49.1132],[-121.5449,49.041],[-121.585,49.0021],[-122.1609,48.5122],[-122.1606,48.3824],[-123.0122,48.3821],[-123.0657,48.2529],[-123.1455,48.1705],[-123.2736,48.2124],[-123.3912,48.3055],[-123.5203,48.3553],[-124.0126,48.4135],[-124.0941,48.4846],[-124.1447,48.5537],[-124.1752,49.0205],[-124.1931,49.1008],[-124.1924,49.1459],[-124.1848,49.1904],[-124.0024,49.2522],[-123.5734,49.2858]]]]}},{"type":"Feature","properties":{"id":"YYJ","name":"VICTORIA TERMINAL","prefixes":["CYYJ"],"labelLat":48.7116,"labelLon":-122.888},"geometry":{"type":"MultiPolygon","coordinates":[[[[-124.0037,49.2523],[-124.0329,49.1811],[-123.1734,48.5234],[-122.4552,49.0017],[-122.4553,49.0207],[-122.2929,49.0208],[-122.2812,49.0412],[-122.27,49.051],[-122.2509,49.0605],[-122.2303,49.0626],[-122.202,49.064],[-122.1417,49.0634],[-122.1228,49.051],[-122.1116,49.0252],[-122.1104,49.02],[-122.1101,49.0054],[-122.1109,49.0017],[-121.5827,49.0004],[-122.1602,48.5117],[-122.1611,48.3826],[-123.0119,48.3811],[-123.0652,48.2516],[-123.1454,48.1708],[-123.2839,48.22],[-123.3852,48.3054],[-123.4551,48.3313],[-123.5147,48.3555],[-123.5832,48.3926],[-124.063,48.4534],[-124.1153,48.5132],[-124.161,48.5753],[-124.1742,49.0208],[-124.1901,49.0608],[-124.1934,49.1159],[-124.1901,49.1737],[-124.1842,49.1912],[-124.0037,49.2523]]]]}},{"type":"Feature","properties":{"id":"ZSNB","name":"NINGBO APPROACH","prefixes":["ZSNB"],"labelLat":29.8385,"labelLon":121.6293},"geometry":{"type":"MultiPolygon","coordinates":[[[[120.5919,29.425],[121.1309,29.4026],[122.6667,29.3386],[122.6667,29.5],[122.6667,30.2417],[121.2197,30.255],[121.1319,30.3247],[121.1147,30.3383],[120.8944,29.9817],[120.8458,29.9025],[120.6131,29.6933],[120.5919,29.425]]]]}},{"type":"Feature","properties":{"id":"ZSQD","name":"QINGDAO APPROACH","prefixes":["ZSQD"],"labelLat":36.29,"labelLon":120.331},"geometry":{"type":"MultiPolygon","coordinates":[[[[119.5333,37.4139],[119.5333,37.15],[119.5486,37.1289],[119.4036,37.1267],[119.1214,36.6456],[119.1373,36.5333],[119.2064,36.0458],[119.3233,35.2117],[119.2583,35.0583],[119.9111,35.1417],[121.0947,35.1558],[121.5406,35.1611],[121.4089,35.82],[121.115,37.2825],[120.3331,37.5217],[119.5333,37.4139]]]]}},{"type":"Feature","properties":{"id":"ZSSS","name":"SHANGHAI APPROACH","prefixes":["ZSSS"],"labelLat":31.2224,"labelLon":121.5178},"geometry":{"type":"MultiPolygon","coordinates":[[[[119.8731,32.3353],[119.7617,32.2458],[119.5569,32.1094],[119.71,31.9431],[119.625,31.2],[120.4167,30.8861],[120.9281,30.4856],[120.9239,30.455],[120.8683,30.045],[120.8944,29.9817],[121.0547,29.5917],[122.6667,29.5],[122.6667,30.2417],[122.775,31.2114],[122.775,31.7697],[121.7867,31.8767],[121.4317,31.9739],[121.3908,32.5097],[120.3092,32.5278],[120.2882,32.2551],[119.8731,32.3353]]]]}},{"type":"Feature","properties":{"id":"ZSSS_E","name":"SHANGHAI APPROACH","prefixes":["ZSSS_E"],"labelLat":31.1078,"labelLon":122.1034},"geometry":{"type":"MultiPolygon","coordinates":[[[[121.4317,31.9739],[121.4533,31.5172],[121.5583,30.7522],[122.0631,30.7958],[122.1833,30.8],[122.186,30.7128],[122.2,30.25],[122.6667,30.2417],[122.775,31.2114],[122.775,31.7697],[121.7867,31.8767],[121.4317,31.9739]]]]}},{"type":"Feature","properties":{"id":"ZSSS_F","name":"SHANGHAI APPROACH","prefixes":["ZSSS_F"],"labelLat":31.1117,"labelLon":121.2127},"geometry":{"type":"MultiPolygon","coordinates":[[[[120.8625,31.4831],[120.9269,30.7061],[121.5269,30.7093],[121.5628,30.7094],[121.5583,30.7522],[121.4533,31.5172],[120.8625,31.4831]]]]}},{"type":"Feature","properties":{"id":"ZSSS_PF","name":"SHANGHAI APPROACH","prefixes":["ZSSS_PF"],"labelLat":31.1386,"labelLon":121.9801},"geometry":{"type":"MultiPolygon","coordinates":[[[[121.4533,31.5172],[121.5583,30.7522],[121.5628,30.7094],[122.186,30.7128],[122.5069,30.7144],[122.3194,31.5678],[121.4533,31.5172]]]]}},{"type":"Feature","properties":{"id":"ZSSS_S","name":"SHANGHAI APPROACH","prefixes":["ZSSS_S"],"labelLat":30.15,"labelLon":121.7675},"geometry":{"type":"MultiPolygon","coordinates":[[[[121.5583,30.7522],[121.5269,30.7093],[121.4567,30.6131],[121.2467,30.45],[121.1319,30.3247],[121.1147,30.3383],[120.9517,30.4669],[120.9281,30.4856],[120.9239,30.455],[120.8683,30.045],[120.8944,29.9817],[121.0547,29.5917],[122.6667,29.5],[122.6667,30.2417],[122.2,30.25],[122.186,30.7128],[122.1833,30.8],[122.0631,30.7958],[121.5583,30.7522]]]]}},{"type":"Feature","properties":{"id":"ZSSS_W","name":"SHANGHAI APPROACH","prefixes":["ZSSS_W"],"labelLat":31.4263,"labelLon":120.5576},"geometry":{"type":"MultiPolygon","coordinates":[[[[119.5569,32.1094],[119.71,31.9431],[119.625,31.2],[120.4167,30.8861],[120.9281,30.4856],[120.9517,30.4669],[121.1147,30.3383],[121.1319,30.3247],[121.2467,30.45],[121.4567,30.6131],[121.5269,30.7093],[121.5583,30.7522],[121.4533,31.5172],[121.4317,31.9739],[121.3908,32.5097],[120.3092,32.5278],[120.2882,32.2551],[119.8731,32.3353],[119.7617,32.2458],[119.5569,32.1094]]]]}},{"type":"Feature","properties":{"id":"ZSWX","name":"WUXI APPROACH","prefixes":["ZSWX"],"labelLat":31.4895,"labelLon":120.5029},"geometry":{"type":"MultiPolygon","coordinates":[[[[120.3194,31.5894],[120.4161,31.7192],[120.6864,31.4833],[120.605,31.2767],[120.37,31.2597],[120.3194,31.5894]]]]}},{"type":"Feature","properties":{"id":"ZSWZ","name":"WENZHOU APPROACH","prefixes":["ZSWZ"],"labelLat":27.6762,"labelLon":120.1072},"geometry":{"type":"MultiPolygon","coordinates":[[[[121.4489,26.4856],[121.8333,28],[121.4467,28.625],[120.7167,28.8667],[119.5808,28.4578],[119.4925,28.4572],[118.9336,28.4528],[118.5,28.0833],[118.3811,28.0528],[118.5317,27.92],[119.45,27.4833],[119.6167,27.4167],[121.4489,26.4856]]]]}},{"type":"Feature","properties":{"id":"ZSYT","name":"YANTAI APPROACH","prefixes":["ZSYT"],"labelLat":37.637,"labelLon":120.8686},"geometry":{"type":"MultiPolygon","coordinates":[[[[120.3425,37.8633],[120.3628,37.7369],[120.3628,37.6408],[120.3331,37.5217],[120.3094,37.4267],[120.9211,37.2072],[121.115,37.2825],[121.18,37.3083],[121.18,37.45],[121.4278,37.5969],[121.4278,38.0667],[121.025,38.0667],[120.3425,37.8633]]]]}},{"type":"Feature","properties":{"id":"ZYCC","name":"CHANGCHUN APPROACH","prefixes":["ZYCC"],"labelLat":43.6441,"labelLon":125.5992},"geometry":{"type":"MultiPolygon","coordinates":[[[[123.915,44.4542],[124.2967,43.6817],[124.965,42.9067],[125.4014,42.7422],[127.2833,43.6233],[127.1169,44.3889],[126.2517,44.4919],[125.7731,44.5461],[123.915,44.4542]]]]}},{"type":"Feature","properties":{"id":"ZYHB","name":"HARBIN APPROACH","prefixes":["ZYHB"],"labelLat":45.5293,"labelLon":126.1086},"geometry":{"type":"MultiPolygon","coordinates":[[[[124.9083,46.5667],[124.805,44.9133],[125.7731,44.5461],[126.2517,44.4919],[127.1769,45.0294],[127.4122,45.9633],[126.4531,46.4989],[124.9083,46.5667]]]]}},{"type":"Feature","properties":{"id":"ZYTL","name":"DALIAN APPROACH","prefixes":["ZYTL"],"labelLat":38.9534,"labelLon":121.5272},"geometry":{"type":"MultiPolygon","coordinates":[[[[121.7467,39.6567],[120.6442,39.4458],[120.4361,39.1506],[120.5867,38.6483],[120.5167,38.4667],[120.5833,38.25],[121.8667,38.25],[122.2158,38.25],[122.4111,38.4081],[122.6183,39.2683],[121.7467,39.6567]]]]}},{"type":"Feature","properties":{"id":"ZYTX","name":"SHENYANG APPROACH","prefixes":["ZYTX"],"labelLat":41.7327,"labelLon":123.3567},"geometry":{"type":"MultiPolygon","coordinates":[[[[124.0078,42.6328],[122.115,41.6431],[123.1317,40.8633],[123.7503,40.8325],[124.0847,40.9142],[124.5328,41.4642],[124.5983,41.9806],[124.0078,42.6328]]]]}}]}